"item_id","order_id","order_date","month_key","store_id","category","product_id","product_name","is_active","menu_price","price_band","quantity","line_revenue","distinct_products","alone_flag"
3631,1194,"2025-02-19","2025-02","BRW001","Beverage","PRD001","Espresso",1,2.95,"Cheap",2,5.90,5,0
3619,1190,"2025-09-12","2025-09","BRW003","Beverage","PRD001","Espresso",1,2.95,"Cheap",3,8.85,4,0
3564,1173,"2025-03-15","2025-03","BRW001","Beverage","PRD001","Espresso",1,2.95,"Cheap",1,2.95,5,0
3506,1153,"2025-06-22","2025-06","BRW001","Beverage","PRD001","Espresso",1,2.95,"Cheap",2,5.90,2,0
3477,1146,"2025-11-24","2025-11","BRW003","Beverage","PRD001","Espresso",1,2.95,"Cheap",3,8.85,5,0
3467,1141,"2025-10-11","2025-10","BRW003","Beverage","PRD001","Espresso",1,2.95,"Cheap",2,5.90,5,0
3463,1140,"2025-10-20","2025-10","BRW001","Beverage","PRD001","Espresso",1,2.95,"Cheap",1,2.95,4,0
3430,1131,"2025-09-12","2025-09","BRW001","Beverage","PRD001","Espresso",1,2.95,"Cheap",3,8.85,2,0
3363,1112,"2025-11-02","2025-11","BRW003","Beverage","PRD001","Espresso",1,2.95,"Cheap",3,8.85,4,0
3306,1094,"2025-05-02","2025-05","BRW002","Beverage","PRD001","Espresso",1,2.95,"Cheap",2,5.90,4,0
3305,1094,"2025-05-02","2025-05","BRW002","Beverage","PRD001","Espresso",1,2.95,"Cheap",2,5.90,4,0
3231,1072,"2025-12-03","2025-12","BRW003","Beverage","PRD001","Espresso",1,2.95,"Cheap",1,2.95,4,0
3218,1069,"2025-10-01","2025-10","BRW001","Beverage","PRD001","Espresso",1,2.95,"Cheap",3,8.85,3,0
3210,1067,"2025-06-01","2025-06","BRW003","Beverage","PRD001","Espresso",1,2.95,"Cheap",1,2.95,5,0
3200,1064,"2025-12-16","2025-12","BRW001","Beverage","PRD001","Espresso",1,2.95,"Cheap",3,8.85,1,1
3171,1056,"2026-01-09","2026-01","BRW002","Beverage","PRD001","Espresso",1,2.95,"Cheap",3,8.85,3,0
3081,1021,"2025-08-22","2025-08","BRW001","Beverage","PRD001","Espresso",1,2.95,"Cheap",1,2.95,3,0
3075,1020,"2025-09-27","2025-09","BRW002","Beverage","PRD001","Espresso",1,2.95,"Cheap",2,5.90,5,0
3063,1015,"2025-06-30","2025-06","BRW001","Beverage","PRD001","Espresso",1,2.95,"Cheap",1,2.95,3,0
2987,989,"2025-08-26","2025-08","BRW003","Beverage","PRD001","Espresso",1,2.95,"Cheap",3,8.85,4,0
2984,988,"2025-07-03","2025-07","BRW001","Beverage","PRD001","Espresso",1,2.95,"Cheap",3,8.85,4,0
2892,956,"2025-09-09","2025-09","BRW001","Beverage","PRD001","Espresso",1,2.95,"Cheap",2,5.90,4,0
2882,953,"2025-02-15","2025-02","BRW003","Beverage","PRD001","Espresso",1,2.95,"Cheap",2,5.90,4,0
2818,934,"2025-12-23","2025-12","BRW002","Beverage","PRD001","Espresso",1,2.95,"Cheap",1,2.95,2,0
2710,894,"2025-07-10","2025-07","BRW002","Beverage","PRD001","Espresso",1,2.95,"Cheap",1,2.95,3,0
2704,892,"2025-10-16","2025-10","BRW003","Beverage","PRD001","Espresso",1,2.95,"Cheap",2,5.90,3,0
2660,875,"2025-12-13","2025-12","BRW001","Beverage","PRD001","Espresso",1,2.95,"Cheap",3,8.85,1,1
2643,870,"2026-01-15","2026-01","BRW001","Beverage","PRD001","Espresso",1,2.95,"Cheap",1,2.95,4,0
2642,870,"2026-01-15","2026-01","BRW001","Beverage","PRD001","Espresso",1,2.95,"Cheap",1,2.95,4,0
2628,867,"2025-07-04","2025-07","BRW001","Beverage","PRD001","Espresso",1,2.95,"Cheap",3,8.85,4,0
2596,857,"2025-02-05","2025-02","BRW002","Beverage","PRD001","Espresso",1,2.95,"Cheap",1,2.95,5,0
2517,829,"2025-09-26","2025-09","BRW001","Beverage","PRD001","Espresso",1,2.95,"Cheap",3,8.85,2,0
2501,824,"2025-09-09","2025-09","BRW001","Beverage","PRD001","Espresso",1,2.95,"Cheap",2,5.90,4,0
2491,822,"2025-12-09","2025-12","BRW001","Beverage","PRD001","Espresso",1,2.95,"Cheap",1,2.95,3,0
2489,821,"2025-12-02","2025-12","BRW003","Beverage","PRD001","Espresso",1,2.95,"Cheap",3,8.85,3,0
2450,808,"2025-02-15","2025-02","BRW003","Beverage","PRD001","Espresso",1,2.95,"Cheap",1,2.95,5,0
2373,783,"2025-03-23","2025-03","BRW003","Beverage","PRD001","Espresso",1,2.95,"Cheap",3,8.85,4,0
2347,774,"2025-05-26","2025-05","BRW003","Beverage","PRD001","Espresso",1,2.95,"Cheap",3,8.85,3,0
2234,737,"2025-03-11","2025-03","BRW002","Beverage","PRD001","Espresso",1,2.95,"Cheap",2,5.90,3,0
2208,727,"2025-04-05","2025-04","BRW003","Beverage","PRD001","Espresso",1,2.95,"Cheap",1,2.95,3,0
2199,724,"2025-01-22","2025-01","BRW003","Beverage","PRD001","Espresso",1,2.95,"Cheap",2,5.90,4,0
2179,716,"2025-04-17","2025-04","BRW003","Beverage","PRD001","Espresso",1,2.95,"Cheap",2,5.90,2,0
2139,702,"2025-12-27","2025-12","BRW003","Beverage","PRD001","Espresso",1,2.95,"Cheap",3,8.85,4,0
2130,699,"2025-05-14","2025-05","BRW001","Beverage","PRD001","Espresso",1,2.95,"Cheap",1,2.95,4,0
2061,675,"2025-11-14","2025-11","BRW002","Beverage","PRD001","Espresso",1,2.95,"Cheap",3,8.85,5,0
1925,634,"2025-06-22","2025-06","BRW003","Beverage","PRD001","Espresso",1,2.95,"Cheap",3,8.85,5,0
1914,631,"2025-03-16","2025-03","BRW001","Beverage","PRD001","Espresso",1,2.95,"Cheap",1,2.95,3,0
1876,616,"2025-09-11","2025-09","BRW001","Beverage","PRD001","Espresso",1,2.95,"Cheap",1,2.95,5,0
1873,615,"2025-12-15","2025-12","BRW003","Beverage","PRD001","Espresso",1,2.95,"Cheap",3,8.85,4,0
1854,609,"2025-03-16","2025-03","BRW002","Beverage","PRD001","Espresso",1,2.95,"Cheap",2,5.90,4,0
1840,604,"2025-10-04","2025-10","BRW003","Beverage","PRD001","Espresso",1,2.95,"Cheap",2,5.90,2,0
1811,594,"2025-12-21","2025-12","BRW002","Beverage","PRD001","Espresso",1,2.95,"Cheap",1,2.95,4,0
1806,593,"2025-05-29","2025-05","BRW001","Beverage","PRD001","Espresso",1,2.95,"Cheap",1,2.95,5,0
1765,580,"2025-10-12","2025-10","BRW001","Beverage","PRD001","Espresso",1,2.95,"Cheap",2,5.90,3,0
1748,574,"2025-08-26","2025-08","BRW001","Beverage","PRD001","Espresso",1,2.95,"Cheap",2,5.90,5,0
1741,573,"2025-12-03","2025-12","BRW001","Beverage","PRD001","Espresso",1,2.95,"Cheap",2,5.90,5,0
1689,557,"2025-07-14","2025-07","BRW002","Beverage","PRD001","Espresso",1,2.95,"Cheap",1,2.95,2,0
1660,546,"2026-01-08","2026-01","BRW003","Beverage","PRD001","Espresso",1,2.95,"Cheap",1,2.95,5,0
1649,543,"2025-04-02","2025-04","BRW001","Beverage","PRD001","Espresso",1,2.95,"Cheap",1,2.95,4,0
1625,537,"2025-11-12","2025-11","BRW001","Beverage","PRD001","Espresso",1,2.95,"Cheap",2,5.90,3,0
1573,520,"2025-08-31","2025-08","BRW002","Beverage","PRD001","Espresso",1,2.95,"Cheap",2,5.90,4,0
1559,516,"2025-04-24","2025-04","BRW001","Beverage","PRD001","Espresso",1,2.95,"Cheap",2,5.90,5,0
1548,514,"2025-03-19","2025-03","BRW001","Beverage","PRD001","Espresso",1,2.95,"Cheap",2,5.90,5,0
1530,506,"2025-06-05","2025-06","BRW001","Beverage","PRD001","Espresso",1,2.95,"Cheap",1,2.95,5,0
1518,502,"2025-02-11","2025-02","BRW002","Beverage","PRD001","Espresso",1,2.95,"Cheap",3,8.85,2,0
1516,501,"2025-06-08","2025-06","BRW002","Beverage","PRD001","Espresso",1,2.95,"Cheap",2,5.90,3,0
1429,471,"2025-10-07","2025-10","BRW001","Beverage","PRD001","Espresso",1,2.95,"Cheap",2,5.90,5,0
1370,453,"2025-04-17","2025-04","BRW003","Beverage","PRD001","Espresso",1,2.95,"Cheap",2,5.90,4,0
1243,401,"2026-01-27","2026-01","BRW001","Beverage","PRD001","Espresso",1,2.95,"Cheap",3,8.85,5,0
1209,391,"2025-08-22","2025-08","BRW003","Beverage","PRD001","Espresso",1,2.95,"Cheap",1,2.95,5,0
1168,379,"2025-10-24","2025-10","BRW002","Beverage","PRD001","Espresso",1,2.95,"Cheap",1,2.95,5,0
1099,357,"2025-09-12","2025-09","BRW002","Beverage","PRD001","Espresso",1,2.95,"Cheap",1,2.95,4,0
1089,352,"2025-11-23","2025-11","BRW001","Beverage","PRD001","Espresso",1,2.95,"Cheap",3,8.85,2,0
1043,335,"2025-08-09","2025-08","BRW001","Beverage","PRD001","Espresso",1,2.95,"Cheap",1,2.95,2,0
1027,329,"2025-12-08","2025-12","BRW003","Beverage","PRD001","Espresso",1,2.95,"Cheap",1,2.95,4,0
1003,323,"2025-09-21","2025-09","BRW003","Beverage","PRD001","Espresso",1,2.95,"Cheap",2,5.90,5,0
914,296,"2025-11-26","2025-11","BRW002","Beverage","PRD001","Espresso",1,2.95,"Cheap",3,8.85,4,0
792,257,"2025-07-12","2025-07","BRW001","Beverage","PRD001","Espresso",1,2.95,"Cheap",2,5.90,3,0
753,243,"2026-01-08","2026-01","BRW001","Beverage","PRD001","Espresso",1,2.95,"Cheap",3,8.85,3,0
726,235,"2026-01-18","2026-01","BRW003","Beverage","PRD001","Espresso",1,2.95,"Cheap",1,2.95,5,0
699,228,"2025-02-06","2025-02","BRW003","Beverage","PRD001","Espresso",1,2.95,"Cheap",1,2.95,2,0
694,225,"2025-06-27","2025-06","BRW001","Beverage","PRD001","Espresso",1,2.95,"Cheap",2,5.90,4,0
677,220,"2025-06-21","2025-06","BRW003","Beverage","PRD001","Espresso",1,2.95,"Cheap",2,5.90,3,0
666,216,"2025-01-19","2025-01","BRW003","Beverage","PRD001","Espresso",1,2.95,"Cheap",3,8.85,3,0
659,213,"2025-12-25","2025-12","BRW001","Beverage","PRD001","Espresso",1,2.95,"Cheap",3,8.85,4,0
655,212,"2025-06-27","2025-06","BRW003","Beverage","PRD001","Espresso",1,2.95,"Cheap",1,2.95,4,0
652,212,"2025-06-27","2025-06","BRW003","Beverage","PRD001","Espresso",1,2.95,"Cheap",2,5.90,4,0
591,192,"2025-03-05","2025-03","BRW003","Beverage","PRD001","Espresso",1,2.95,"Cheap",1,2.95,2,0
581,189,"2025-04-10","2025-04","BRW002","Beverage","PRD001","Espresso",1,2.95,"Cheap",1,2.95,4,0
557,183,"2025-01-03","2025-01","BRW001","Beverage","PRD001","Espresso",1,2.95,"Cheap",1,2.95,4,0
488,163,"2026-01-05","2026-01","BRW003","Beverage","PRD001","Espresso",1,2.95,"Cheap",2,5.90,5,0
464,155,"2025-12-27","2025-12","BRW002","Beverage","PRD001","Espresso",1,2.95,"Cheap",3,8.85,3,0
412,137,"2026-01-19","2026-01","BRW001","Beverage","PRD001","Espresso",1,2.95,"Cheap",2,5.90,4,0
407,136,"2025-06-28","2025-06","BRW001","Beverage","PRD001","Espresso",1,2.95,"Cheap",2,5.90,4,0
400,133,"2025-04-09","2025-04","BRW001","Beverage","PRD001","Espresso",1,2.95,"Cheap",3,8.85,4,0
266,90,"2026-01-13","2026-01","BRW003","Beverage","PRD001","Espresso",1,2.95,"Cheap",2,5.90,4,0
246,81,"2025-07-04","2025-07","BRW001","Beverage","PRD001","Espresso",1,2.95,"Cheap",3,8.85,3,0
191,64,"2025-04-21","2025-04","BRW002","Beverage","PRD001","Espresso",1,2.95,"Cheap",2,5.90,3,0
172,58,"2025-09-22","2025-09","BRW001","Beverage","PRD001","Espresso",1,2.95,"Cheap",1,2.95,2,0
149,50,"2025-08-19","2025-08","BRW003","Beverage","PRD001","Espresso",1,2.95,"Cheap",2,5.90,3,0
148,50,"2025-08-19","2025-08","BRW003","Beverage","PRD001","Espresso",1,2.95,"Cheap",2,5.90,3,0
41,14,"2025-03-05","2025-03","BRW001","Beverage","PRD001","Espresso",1,2.95,"Cheap",1,2.95,3,0
29,11,"2025-10-28","2025-10","BRW001","Beverage","PRD001","Espresso",1,2.95,"Cheap",3,8.85,5,0
22,8,"2025-10-11","2025-10","BRW001","Beverage","PRD001","Espresso",1,2.95,"Cheap",3,8.85,3,0
3644,1198,"2025-09-30","2025-09","BRW001","Beverage","PRD002","Latte",1,4.25,"Mid",2,8.50,5,0
3588,1179,"2025-02-10","2025-02","BRW003","Beverage","PRD002","Latte",1,4.25,"Mid",2,8.50,4,0
3579,1176,"2025-04-27","2025-04","BRW003","Beverage","PRD002","Latte",1,4.25,"Mid",3,12.75,4,0
3533,1161,"2025-02-16","2025-02","BRW001","Beverage","PRD002","Latte",1,4.25,"Mid",1,4.25,4,0
3524,1159,"2025-10-11","2025-10","BRW002","Beverage","PRD002","Latte",1,4.25,"Mid",1,4.25,4,0
3519,1158,"2025-04-24","2025-04","BRW001","Beverage","PRD002","Latte",1,4.25,"Mid",1,4.25,4,0
3466,1141,"2025-10-11","2025-10","BRW003","Beverage","PRD002","Latte",1,4.25,"Mid",3,12.75,5,0
3459,1139,"2025-10-08","2025-10","BRW002","Beverage","PRD002","Latte",1,4.25,"Mid",3,12.75,3,0
3455,1138,"2025-04-05","2025-04","BRW002","Beverage","PRD002","Latte",1,4.25,"Mid",1,4.25,2,0
3436,1134,"2025-01-21","2025-01","BRW002","Beverage","PRD002","Latte",1,4.25,"Mid",1,4.25,5,0
3433,1132,"2025-06-09","2025-06","BRW001","Beverage","PRD002","Latte",1,4.25,"Mid",2,8.50,4,0
3395,1121,"2025-12-28","2025-12","BRW002","Beverage","PRD002","Latte",1,4.25,"Mid",3,12.75,5,0
3386,1119,"2025-03-29","2025-03","BRW003","Beverage","PRD002","Latte",1,4.25,"Mid",1,4.25,5,0
3349,1108,"2025-10-10","2025-10","BRW001","Beverage","PRD002","Latte",1,4.25,"Mid",3,12.75,1,1
3341,1105,"2025-04-17","2025-04","BRW002","Beverage","PRD002","Latte",1,4.25,"Mid",3,12.75,3,0
3311,1095,"2025-04-08","2025-04","BRW001","Beverage","PRD002","Latte",1,4.25,"Mid",1,4.25,5,0
3300,1093,"2025-08-23","2025-08","BRW003","Beverage","PRD002","Latte",1,4.25,"Mid",3,12.75,5,0
3252,1078,"2025-08-18","2025-08","BRW002","Beverage","PRD002","Latte",1,4.25,"Mid",2,8.50,5,0
3238,1075,"2025-10-26","2025-10","BRW001","Beverage","PRD002","Latte",1,4.25,"Mid",3,12.75,4,0
3229,1071,"2025-07-09","2025-07","BRW001","Beverage","PRD002","Latte",1,4.25,"Mid",3,12.75,5,0
3223,1070,"2025-01-24","2025-01","BRW002","Beverage","PRD002","Latte",1,4.25,"Mid",3,12.75,5,0
3206,1066,"2025-03-01","2025-03","BRW003","Beverage","PRD002","Latte",1,4.25,"Mid",2,8.50,3,0
3151,1049,"2025-11-07","2025-11","BRW003","Beverage","PRD002","Latte",1,4.25,"Mid",2,8.50,2,0
3149,1048,"2025-07-01","2025-07","BRW003","Beverage","PRD002","Latte",1,4.25,"Mid",2,8.50,2,0
3135,1043,"2025-03-23","2025-03","BRW003","Beverage","PRD002","Latte",1,4.25,"Mid",2,8.50,5,0
3051,1012,"2025-12-18","2025-12","BRW003","Beverage","PRD002","Latte",1,4.25,"Mid",3,12.75,4,0
2963,982,"2025-05-05","2025-05","BRW002","Beverage","PRD002","Latte",1,4.25,"Mid",1,4.25,3,0
2859,947,"2025-03-21","2025-03","BRW001","Beverage","PRD002","Latte",1,4.25,"Mid",3,12.75,4,0
2849,944,"2025-04-13","2025-04","BRW002","Beverage","PRD002","Latte",1,4.25,"Mid",1,4.25,2,0
2847,943,"2025-12-27","2025-12","BRW002","Beverage","PRD002","Latte",1,4.25,"Mid",2,8.50,4,0
2816,933,"2025-05-16","2025-05","BRW001","Beverage","PRD002","Latte",1,4.25,"Mid",2,8.50,4,0
2775,917,"2025-09-18","2025-09","BRW002","Beverage","PRD002","Latte",1,4.25,"Mid",1,4.25,5,0
2756,911,"2025-09-05","2025-09","BRW002","Beverage","PRD002","Latte",1,4.25,"Mid",2,8.50,2,0
2754,911,"2025-09-05","2025-09","BRW002","Beverage","PRD002","Latte",1,4.25,"Mid",3,12.75,2,0
2721,898,"2025-07-10","2025-07","BRW003","Beverage","PRD002","Latte",1,4.25,"Mid",3,12.75,5,0
2720,897,"2025-02-10","2025-02","BRW003","Beverage","PRD002","Latte",1,4.25,"Mid",3,12.75,2,0
2629,867,"2025-07-04","2025-07","BRW001","Beverage","PRD002","Latte",1,4.25,"Mid",2,8.50,4,0
2583,852,"2025-03-12","2025-03","BRW002","Beverage","PRD002","Latte",1,4.25,"Mid",1,4.25,2,0
2522,830,"2025-06-15","2025-06","BRW003","Beverage","PRD002","Latte",1,4.25,"Mid",2,8.50,3,0
2520,830,"2025-06-15","2025-06","BRW003","Beverage","PRD002","Latte",1,4.25,"Mid",2,8.50,3,0
2511,827,"2025-06-02","2025-06","BRW002","Beverage","PRD002","Latte",1,4.25,"Mid",1,4.25,2,0
2492,822,"2025-12-09","2025-12","BRW001","Beverage","PRD002","Latte",1,4.25,"Mid",1,4.25,3,0
2490,822,"2025-12-09","2025-12","BRW001","Beverage","PRD002","Latte",1,4.25,"Mid",3,12.75,3,0
2468,815,"2025-11-16","2025-11","BRW001","Beverage","PRD002","Latte",1,4.25,"Mid",3,12.75,1,1
2459,813,"2025-06-13","2025-06","BRW002","Beverage","PRD002","Latte",1,4.25,"Mid",3,12.75,4,0
2402,793,"2025-02-06","2025-02","BRW001","Beverage","PRD002","Latte",1,4.25,"Mid",1,4.25,5,0
2377,784,"2025-08-04","2025-08","BRW003","Beverage","PRD002","Latte",1,4.25,"Mid",2,8.50,2,0
2360,779,"2025-07-30","2025-07","BRW001","Beverage","PRD002","Latte",1,4.25,"Mid",1,4.25,4,0
2302,760,"2026-01-15","2026-01","BRW003","Beverage","PRD002","Latte",1,4.25,"Mid",2,8.50,4,0
2292,756,"2025-09-12","2025-09","BRW001","Beverage","PRD002","Latte",1,4.25,"Mid",1,4.25,4,0
2271,751,"2025-03-29","2025-03","BRW003","Beverage","PRD002","Latte",1,4.25,"Mid",2,8.50,3,0
2259,746,"2025-07-01","2025-07","BRW001","Beverage","PRD002","Latte",1,4.25,"Mid",3,12.75,5,0
2255,745,"2025-09-22","2025-09","BRW001","Beverage","PRD002","Latte",1,4.25,"Mid",1,4.25,5,0
2227,735,"2025-12-22","2025-12","BRW003","Beverage","PRD002","Latte",1,4.25,"Mid",2,8.50,4,0
2162,710,"2025-02-16","2025-02","BRW003","Beverage","PRD002","Latte",1,4.25,"Mid",1,4.25,3,0
2135,701,"2025-12-29","2025-12","BRW002","Beverage","PRD002","Latte",1,4.25,"Mid",2,8.50,3,0
2069,679,"2025-12-02","2025-12","BRW002","Beverage","PRD002","Latte",1,4.25,"Mid",1,4.25,4,0
2041,670,"2025-12-29","2025-12","BRW003","Beverage","PRD002","Latte",1,4.25,"Mid",2,8.50,5,0
2025,667,"2025-10-24","2025-10","BRW002","Beverage","PRD002","Latte",1,4.25,"Mid",2,8.50,5,0
2008,659,"2025-11-18","2025-11","BRW003","Beverage","PRD002","Latte",1,4.25,"Mid",2,8.50,4,0
1966,645,"2025-05-21","2025-05","BRW002","Beverage","PRD002","Latte",1,4.25,"Mid",3,12.75,5,0
1958,643,"2025-12-23","2025-12","BRW003","Beverage","PRD002","Latte",1,4.25,"Mid",1,4.25,4,0
1917,632,"2025-03-04","2025-03","BRW002","Beverage","PRD002","Latte",1,4.25,"Mid",2,8.50,4,0
1915,631,"2025-03-16","2025-03","BRW001","Beverage","PRD002","Latte",1,4.25,"Mid",1,4.25,3,0
1896,623,"2025-06-14","2025-06","BRW001","Beverage","PRD002","Latte",1,4.25,"Mid",2,8.50,3,0
1771,581,"2026-01-03","2026-01","BRW003","Beverage","PRD002","Latte",1,4.25,"Mid",2,8.50,5,0
1734,571,"2025-01-19","2025-01","BRW003","Beverage","PRD002","Latte",1,4.25,"Mid",2,8.50,5,0
1719,567,"2025-11-21","2025-11","BRW001","Beverage","PRD002","Latte",1,4.25,"Mid",1,4.25,5,0
1692,560,"2025-09-28","2025-09","BRW001","Beverage","PRD002","Latte",1,4.25,"Mid",3,12.75,1,1
1686,556,"2025-02-28","2025-02","BRW001","Beverage","PRD002","Latte",1,4.25,"Mid",1,4.25,3,0
1641,542,"2025-03-08","2025-03","BRW001","Beverage","PRD002","Latte",1,4.25,"Mid",2,8.50,4,0
1631,539,"2025-08-27","2025-08","BRW003","Beverage","PRD002","Latte",1,4.25,"Mid",2,8.50,5,0
1618,535,"2025-08-14","2025-08","BRW001","Beverage","PRD002","Latte",1,4.25,"Mid",3,12.75,3,0
1595,526,"2025-09-24","2025-09","BRW003","Beverage","PRD002","Latte",1,4.25,"Mid",3,12.75,4,0
1589,525,"2025-12-04","2025-12","BRW002","Beverage","PRD002","Latte",1,4.25,"Mid",3,12.75,5,0
1580,523,"2025-09-23","2025-09","BRW003","Beverage","PRD002","Latte",1,4.25,"Mid",2,8.50,1,1
1478,487,"2025-09-17","2025-09","BRW002","Beverage","PRD002","Latte",1,4.25,"Mid",2,8.50,5,0
1377,455,"2025-08-29","2025-08","BRW003","Beverage","PRD002","Latte",1,4.25,"Mid",1,4.25,3,0
1357,447,"2025-10-24","2025-10","BRW003","Beverage","PRD002","Latte",1,4.25,"Mid",1,4.25,3,0
1354,446,"2025-08-26","2025-08","BRW003","Beverage","PRD002","Latte",1,4.25,"Mid",2,8.50,1,1
1266,410,"2025-08-03","2025-08","BRW001","Beverage","PRD002","Latte",1,4.25,"Mid",1,4.25,5,0
1255,405,"2025-09-27","2025-09","BRW001","Beverage","PRD002","Latte",1,4.25,"Mid",1,4.25,2,0
1205,390,"2025-04-26","2025-04","BRW003","Beverage","PRD002","Latte",1,4.25,"Mid",2,8.50,4,0
1174,381,"2026-01-11","2026-01","BRW003","Beverage","PRD002","Latte",1,4.25,"Mid",1,4.25,5,0
1086,351,"2025-03-07","2025-03","BRW002","Beverage","PRD002","Latte",1,4.25,"Mid",1,4.25,4,0
1000,322,"2025-11-10","2025-11","BRW002","Beverage","PRD002","Latte",1,4.25,"Mid",2,8.50,5,0
882,284,"2025-11-09","2025-11","BRW001","Beverage","PRD002","Latte",1,4.25,"Mid",2,8.50,3,0
865,280,"2025-08-13","2025-08","BRW001","Beverage","PRD002","Latte",1,4.25,"Mid",1,4.25,3,0
863,280,"2025-08-13","2025-08","BRW001","Beverage","PRD002","Latte",1,4.25,"Mid",2,8.50,3,0
861,279,"2025-08-30","2025-08","BRW002","Beverage","PRD002","Latte",1,4.25,"Mid",3,12.75,2,0
860,278,"2026-01-29","2026-01","BRW003","Beverage","PRD002","Latte",1,4.25,"Mid",2,8.50,4,0
853,276,"2026-01-03","2026-01","BRW002","Beverage","PRD002","Latte",1,4.25,"Mid",2,8.50,4,0
852,276,"2026-01-03","2026-01","BRW002","Beverage","PRD002","Latte",1,4.25,"Mid",2,8.50,4,0
837,272,"2025-06-08","2025-06","BRW003","Beverage","PRD002","Latte",1,4.25,"Mid",1,4.25,5,0
775,251,"2025-02-13","2025-02","BRW003","Beverage","PRD002","Latte",1,4.25,"Mid",3,12.75,4,0
698,227,"2025-07-14","2025-07","BRW003","Beverage","PRD002","Latte",1,4.25,"Mid",1,4.25,1,1
638,207,"2025-06-07","2025-06","BRW002","Beverage","PRD002","Latte",1,4.25,"Mid",3,12.75,2,0
621,203,"2025-10-23","2025-10","BRW002","Beverage","PRD002","Latte",1,4.25,"Mid",2,8.50,5,0
599,196,"2025-06-13","2025-06","BRW002","Beverage","PRD002","Latte",1,4.25,"Mid",2,8.50,2,0
567,186,"2025-11-13","2025-11","BRW003","Beverage","PRD002","Latte",1,4.25,"Mid",1,4.25,5,0
508,168,"2025-03-01","2025-03","BRW003","Beverage","PRD002","Latte",1,4.25,"Mid",2,8.50,3,0
505,168,"2025-03-01","2025-03","BRW003","Beverage","PRD002","Latte",1,4.25,"Mid",1,4.25,3,0
449,150,"2025-06-27","2025-06","BRW003","Beverage","PRD002","Latte",1,4.25,"Mid",2,8.50,2,0
428,143,"2025-08-13","2025-08","BRW003","Beverage","PRD002","Latte",1,4.25,"Mid",3,12.75,3,0
404,135,"2025-04-29","2025-04","BRW003","Beverage","PRD002","Latte",1,4.25,"Mid",1,4.25,4,0
401,134,"2025-07-21","2025-07","BRW002","Beverage","PRD002","Latte",1,4.25,"Mid",2,8.50,1,1
316,105,"2025-07-11","2025-07","BRW002","Beverage","PRD002","Latte",1,4.25,"Mid",2,8.50,5,0
297,100,"2025-01-16","2025-01","BRW003","Beverage","PRD002","Latte",1,4.25,"Mid",2,8.50,3,0
271,93,"2025-02-24","2025-02","BRW002","Beverage","PRD002","Latte",1,4.25,"Mid",3,12.75,3,0
256,86,"2025-11-08","2025-11","BRW003","Beverage","PRD002","Latte",1,4.25,"Mid",2,8.50,2,0
231,77,"2026-01-08","2026-01","BRW003","Beverage","PRD002","Latte",1,4.25,"Mid",3,12.75,5,0
178,61,"2025-12-23","2025-12","BRW001","Beverage","PRD002","Latte",1,4.25,"Mid",3,12.75,4,0
168,57,"2025-08-12","2025-08","BRW002","Beverage","PRD002","Latte",1,4.25,"Mid",2,8.50,3,0
167,57,"2025-08-12","2025-08","BRW002","Beverage","PRD002","Latte",1,4.25,"Mid",2,8.50,3,0
158,52,"2025-04-13","2025-04","BRW001","Beverage","PRD002","Latte",1,4.25,"Mid",3,12.75,5,0
89,29,"2025-07-18","2025-07","BRW001","Beverage","PRD002","Latte",1,4.25,"Mid",3,12.75,2,0
78,26,"2025-06-20","2025-06","BRW001","Beverage","PRD002","Latte",1,4.25,"Mid",2,8.50,4,0
65,23,"2025-09-25","2025-09","BRW002","Beverage","PRD002","Latte",1,4.25,"Mid",2,8.50,5,0
45,16,"2025-07-17","2025-07","BRW002","Beverage","PRD002","Latte",1,4.25,"Mid",2,8.50,2,0
3636,1197,"2025-03-01","2025-03","BRW003","Beverage","PRD003","Cappuccino",1,4.25,"Mid",2,8.50,4,0
3616,1189,"2025-07-17","2025-07","BRW003","Beverage","PRD003","Cappuccino",1,4.25,"Mid",3,12.75,1,1
3595,1182,"2025-06-05","2025-06","BRW001","Beverage","PRD003","Cappuccino",1,4.25,"Mid",3,12.75,1,1
3538,1163,"2025-11-30","2025-11","BRW001","Beverage","PRD003","Cappuccino",1,4.25,"Mid",2,8.50,1,1
3500,1151,"2025-10-30","2025-10","BRW002","Beverage","PRD003","Cappuccino",1,4.25,"Mid",2,8.50,3,0
3419,1128,"2025-07-22","2025-07","BRW002","Beverage","PRD003","Cappuccino",1,4.25,"Mid",2,8.50,5,0
3402,1124,"2025-11-18","2025-11","BRW002","Beverage","PRD003","Cappuccino",1,4.25,"Mid",2,8.50,5,0
3377,1115,"2025-10-12","2025-10","BRW001","Beverage","PRD003","Cappuccino",1,4.25,"Mid",3,12.75,4,0
3310,1095,"2025-04-08","2025-04","BRW001","Beverage","PRD003","Cappuccino",1,4.25,"Mid",2,8.50,5,0
3293,1091,"2025-03-31","2025-03","BRW001","Beverage","PRD003","Cappuccino",1,4.25,"Mid",3,12.75,5,0
3199,1063,"2025-09-30","2025-09","BRW002","Beverage","PRD003","Cappuccino",1,4.25,"Mid",3,12.75,2,0
3196,1062,"2025-09-07","2025-09","BRW001","Beverage","PRD003","Cappuccino",1,4.25,"Mid",1,4.25,4,0
3185,1059,"2025-05-06","2025-05","BRW001","Beverage","PRD003","Cappuccino",1,4.25,"Mid",3,12.75,3,0
3183,1059,"2025-05-06","2025-05","BRW001","Beverage","PRD003","Cappuccino",1,4.25,"Mid",2,8.50,3,0
3050,1011,"2025-11-10","2025-11","BRW001","Beverage","PRD003","Cappuccino",1,4.25,"Mid",1,4.25,5,0
3029,1006,"2025-06-12","2025-06","BRW001","Beverage","PRD003","Cappuccino",1,4.25,"Mid",2,8.50,1,1
3016,1000,"2025-04-27","2025-04","BRW002","Beverage","PRD003","Cappuccino",1,4.25,"Mid",2,8.50,1,1
2994,991,"2025-08-22","2025-08","BRW001","Beverage","PRD003","Cappuccino",1,4.25,"Mid",1,4.25,2,0
2982,987,"2025-11-12","2025-11","BRW003","Beverage","PRD003","Cappuccino",1,4.25,"Mid",3,12.75,2,0
2961,981,"2025-06-18","2025-06","BRW001","Beverage","PRD003","Cappuccino",1,4.25,"Mid",2,8.50,2,0
2883,953,"2025-02-15","2025-02","BRW003","Beverage","PRD003","Cappuccino",1,4.25,"Mid",2,8.50,4,0
2797,928,"2025-05-16","2025-05","BRW001","Beverage","PRD003","Cappuccino",1,4.25,"Mid",2,8.50,5,0
2772,917,"2025-09-18","2025-09","BRW002","Beverage","PRD003","Cappuccino",1,4.25,"Mid",2,8.50,5,0
2753,910,"2025-01-27","2025-01","BRW001","Beverage","PRD003","Cappuccino",1,4.25,"Mid",2,8.50,2,0
2694,888,"2025-12-10","2025-12","BRW002","Beverage","PRD003","Cappuccino",1,4.25,"Mid",3,12.75,4,0
2692,887,"2025-06-11","2025-06","BRW003","Beverage","PRD003","Cappuccino",1,4.25,"Mid",2,8.50,3,0
2688,885,"2026-01-02","2026-01","BRW001","Beverage","PRD003","Cappuccino",1,4.25,"Mid",1,4.25,5,0
2645,871,"2025-02-23","2025-02","BRW002","Beverage","PRD003","Cappuccino",1,4.25,"Mid",2,8.50,4,0
2623,865,"2025-04-05","2025-04","BRW002","Beverage","PRD003","Cappuccino",1,4.25,"Mid",2,8.50,4,0
2607,859,"2025-01-12","2025-01","BRW001","Beverage","PRD003","Cappuccino",1,4.25,"Mid",3,12.75,5,0
2604,858,"2026-01-12","2026-01","BRW002","Beverage","PRD003","Cappuccino",1,4.25,"Mid",1,4.25,4,0
2603,858,"2026-01-12","2026-01","BRW002","Beverage","PRD003","Cappuccino",1,4.25,"Mid",2,8.50,4,0
2502,824,"2025-09-09","2025-09","BRW001","Beverage","PRD003","Cappuccino",1,4.25,"Mid",3,12.75,4,0
2478,819,"2025-03-13","2025-03","BRW001","Beverage","PRD003","Cappuccino",1,4.25,"Mid",1,4.25,5,0
2473,817,"2025-08-21","2025-08","BRW002","Beverage","PRD003","Cappuccino",1,4.25,"Mid",3,12.75,2,0
2467,814,"2025-07-22","2025-07","BRW003","Beverage","PRD003","Cappuccino",1,4.25,"Mid",3,12.75,4,0
2465,814,"2025-07-22","2025-07","BRW003","Beverage","PRD003","Cappuccino",1,4.25,"Mid",3,12.75,4,0
2404,793,"2025-02-06","2025-02","BRW001","Beverage","PRD003","Cappuccino",1,4.25,"Mid",2,8.50,5,0
2395,790,"2025-01-14","2025-01","BRW003","Beverage","PRD003","Cappuccino",1,4.25,"Mid",1,4.25,2,0
2362,779,"2025-07-30","2025-07","BRW001","Beverage","PRD003","Cappuccino",1,4.25,"Mid",1,4.25,4,0
2330,768,"2025-08-13","2025-08","BRW003","Beverage","PRD003","Cappuccino",1,4.25,"Mid",1,4.25,2,0
2322,766,"2025-05-30","2025-05","BRW003","Beverage","PRD003","Cappuccino",1,4.25,"Mid",2,8.50,5,0
2297,758,"2025-10-03","2025-10","BRW002","Beverage","PRD003","Cappuccino",1,4.25,"Mid",1,4.25,4,0
2258,746,"2025-07-01","2025-07","BRW001","Beverage","PRD003","Cappuccino",1,4.25,"Mid",3,12.75,5,0
2209,727,"2025-04-05","2025-04","BRW003","Beverage","PRD003","Cappuccino",1,4.25,"Mid",3,12.75,3,0
2187,720,"2025-10-15","2025-10","BRW002","Beverage","PRD003","Cappuccino",1,4.25,"Mid",3,12.75,4,0
2116,695,"2025-03-31","2025-03","BRW002","Beverage","PRD003","Cappuccino",1,4.25,"Mid",2,8.50,4,0
2042,670,"2025-12-29","2025-12","BRW003","Beverage","PRD003","Cappuccino",1,4.25,"Mid",1,4.25,5,0
2021,666,"2025-01-17","2025-01","BRW002","Beverage","PRD003","Cappuccino",1,4.25,"Mid",2,8.50,4,0
1895,623,"2025-06-14","2025-06","BRW001","Beverage","PRD003","Cappuccino",1,4.25,"Mid",1,4.25,3,0
1815,595,"2025-05-11","2025-05","BRW001","Beverage","PRD003","Cappuccino",1,4.25,"Mid",1,4.25,5,0
1614,534,"2025-12-20","2025-12","BRW003","Beverage","PRD003","Cappuccino",1,4.25,"Mid",2,8.50,3,0
1602,530,"2026-01-30","2026-01","BRW001","Beverage","PRD003","Cappuccino",1,4.25,"Mid",2,8.50,3,0
1551,514,"2025-03-19","2025-03","BRW001","Beverage","PRD003","Cappuccino",1,4.25,"Mid",1,4.25,5,0
1538,510,"2025-04-17","2025-04","BRW002","Beverage","PRD003","Cappuccino",1,4.25,"Mid",1,4.25,2,0
1501,494,"2025-06-19","2025-06","BRW002","Beverage","PRD003","Cappuccino",1,4.25,"Mid",2,8.50,2,0
1499,493,"2025-05-04","2025-05","BRW003","Beverage","PRD003","Cappuccino",1,4.25,"Mid",1,4.25,4,0
1488,489,"2025-12-13","2025-12","BRW001","Beverage","PRD003","Cappuccino",1,4.25,"Mid",2,8.50,4,0
1481,487,"2025-09-17","2025-09","BRW002","Beverage","PRD003","Cappuccino",1,4.25,"Mid",2,8.50,5,0
1424,469,"2025-03-13","2025-03","BRW002","Beverage","PRD003","Cappuccino",1,4.25,"Mid",1,4.25,4,0
1352,445,"2025-09-22","2025-09","BRW003","Beverage","PRD003","Cappuccino",1,4.25,"Mid",2,8.50,3,0
1333,435,"2025-05-21","2025-05","BRW001","Beverage","PRD003","Cappuccino",1,4.25,"Mid",1,4.25,2,0
1311,427,"2025-11-25","2025-11","BRW003","Beverage","PRD003","Cappuccino",1,4.25,"Mid",3,12.75,2,0
1299,422,"2025-09-21","2025-09","BRW001","Beverage","PRD003","Cappuccino",1,4.25,"Mid",3,12.75,4,0
1294,420,"2025-02-18","2025-02","BRW001","Beverage","PRD003","Cappuccino",1,4.25,"Mid",3,12.75,5,0
1249,402,"2025-09-19","2025-09","BRW001","Beverage","PRD003","Cappuccino",1,4.25,"Mid",1,4.25,2,0
1208,390,"2025-04-26","2025-04","BRW003","Beverage","PRD003","Cappuccino",1,4.25,"Mid",2,8.50,4,0
1172,380,"2025-07-28","2025-07","BRW001","Beverage","PRD003","Cappuccino",1,4.25,"Mid",3,12.75,2,0
1162,377,"2025-12-28","2025-12","BRW003","Beverage","PRD003","Cappuccino",1,4.25,"Mid",2,8.50,5,0
1151,373,"2025-07-17","2025-07","BRW002","Beverage","PRD003","Cappuccino",1,4.25,"Mid",2,8.50,2,0
1146,371,"2025-01-26","2025-01","BRW002","Beverage","PRD003","Cappuccino",1,4.25,"Mid",1,4.25,4,0
1132,368,"2025-02-07","2025-02","BRW002","Beverage","PRD003","Cappuccino",1,4.25,"Mid",1,4.25,5,0
1100,357,"2025-09-12","2025-09","BRW002","Beverage","PRD003","Cappuccino",1,4.25,"Mid",1,4.25,4,0
1093,355,"2025-02-18","2025-02","BRW001","Beverage","PRD003","Cappuccino",1,4.25,"Mid",1,4.25,2,0
1071,345,"2025-04-10","2025-04","BRW002","Beverage","PRD003","Cappuccino",1,4.25,"Mid",3,12.75,2,0
1060,341,"2025-07-26","2025-07","BRW002","Beverage","PRD003","Cappuccino",1,4.25,"Mid",3,12.75,1,1
1028,329,"2025-12-08","2025-12","BRW003","Beverage","PRD003","Cappuccino",1,4.25,"Mid",3,12.75,4,0
967,311,"2025-01-30","2025-01","BRW002","Beverage","PRD003","Cappuccino",1,4.25,"Mid",1,4.25,5,0
934,301,"2025-03-12","2025-03","BRW002","Beverage","PRD003","Cappuccino",1,4.25,"Mid",2,8.50,3,0
927,299,"2025-07-08","2025-07","BRW002","Beverage","PRD003","Cappuccino",1,4.25,"Mid",2,8.50,4,0
879,283,"2025-11-09","2025-11","BRW001","Beverage","PRD003","Cappuccino",1,4.25,"Mid",3,12.75,4,0
833,271,"2025-11-04","2025-11","BRW003","Beverage","PRD003","Cappuccino",1,4.25,"Mid",3,12.75,3,0
826,268,"2025-03-16","2025-03","BRW002","Beverage","PRD003","Cappuccino",1,4.25,"Mid",1,4.25,5,0
818,266,"2025-03-25","2025-03","BRW002","Beverage","PRD003","Cappuccino",1,4.25,"Mid",1,4.25,2,0
764,248,"2025-12-12","2025-12","BRW001","Beverage","PRD003","Cappuccino",1,4.25,"Mid",1,4.25,2,0
761,247,"2025-01-18","2025-01","BRW001","Beverage","PRD003","Cappuccino",1,4.25,"Mid",3,12.75,4,0
690,223,"2025-09-17","2025-09","BRW003","Beverage","PRD003","Cappuccino",1,4.25,"Mid",3,12.75,4,0
667,216,"2025-01-19","2025-01","BRW003","Beverage","PRD003","Cappuccino",1,4.25,"Mid",1,4.25,3,0
664,215,"2025-06-04","2025-06","BRW001","Beverage","PRD003","Cappuccino",1,4.25,"Mid",2,8.50,3,0
618,202,"2025-08-06","2025-08","BRW001","Beverage","PRD003","Cappuccino",1,4.25,"Mid",3,12.75,1,1
452,151,"2025-03-19","2025-03","BRW002","Beverage","PRD003","Cappuccino",1,4.25,"Mid",3,12.75,3,0
424,140,"2025-04-28","2025-04","BRW001","Beverage","PRD003","Cappuccino",1,4.25,"Mid",3,12.75,4,0
342,112,"2025-07-27","2025-07","BRW002","Beverage","PRD003","Cappuccino",1,4.25,"Mid",1,4.25,3,0
321,106,"2025-11-30","2025-11","BRW003","Beverage","PRD003","Cappuccino",1,4.25,"Mid",2,8.50,3,0
291,98,"2025-09-25","2025-09","BRW002","Beverage","PRD003","Cappuccino",1,4.25,"Mid",2,8.50,3,0
276,94,"2025-12-28","2025-12","BRW002","Beverage","PRD003","Cappuccino",1,4.25,"Mid",2,8.50,3,0
228,75,"2025-07-17","2025-07","BRW003","Beverage","PRD003","Cappuccino",1,4.25,"Mid",2,8.50,4,0
174,59,"2025-12-03","2025-12","BRW003","Beverage","PRD003","Cappuccino",1,4.25,"Mid",2,8.50,4,0
159,52,"2025-04-13","2025-04","BRW001","Beverage","PRD003","Cappuccino",1,4.25,"Mid",1,4.25,5,0
130,45,"2025-04-07","2025-04","BRW003","Beverage","PRD003","Cappuccino",1,4.25,"Mid",1,4.25,5,0
100,33,"2025-09-08","2025-09","BRW003","Beverage","PRD003","Cappuccino",1,4.25,"Mid",1,4.25,3,0
27,10,"2025-02-09","2025-02","BRW003","Beverage","PRD003","Cappuccino",1,4.25,"Mid",3,12.75,2,0
3638,1197,"2025-03-01","2025-03","BRW003","Beverage","PRD004","Mocha",1,4.75,"Mid",3,14.25,4,0
3629,1194,"2025-02-19","2025-02","BRW001","Beverage","PRD004","Mocha",1,4.75,"Mid",1,4.75,5,0
3615,1188,"2025-03-14","2025-03","BRW001","Beverage","PRD004","Mocha",1,4.75,"Mid",1,4.75,1,1
3587,1179,"2025-02-10","2025-02","BRW003","Beverage","PRD004","Mocha",1,4.75,"Mid",3,14.25,4,0
3553,1169,"2025-09-23","2025-09","BRW001","Beverage","PRD004","Mocha",1,4.75,"Mid",3,14.25,4,0
3539,1164,"2025-04-23","2025-04","BRW001","Beverage","PRD004","Mocha",1,4.75,"Mid",3,14.25,3,0
3503,1152,"2025-04-21","2025-04","BRW003","Beverage","PRD004","Mocha",1,4.75,"Mid",2,9.50,5,0
3470,1142,"2025-08-28","2025-08","BRW001","Beverage","PRD004","Mocha",1,4.75,"Mid",3,14.25,2,0
3448,1136,"2025-06-02","2025-06","BRW001","Beverage","PRD004","Mocha",1,4.75,"Mid",3,14.25,5,0
3437,1134,"2025-01-21","2025-01","BRW002","Beverage","PRD004","Mocha",1,4.75,"Mid",1,4.75,5,0
3411,1126,"2025-04-08","2025-04","BRW001","Beverage","PRD004","Mocha",1,4.75,"Mid",1,4.75,4,0
3404,1124,"2025-11-18","2025-11","BRW002","Beverage","PRD004","Mocha",1,4.75,"Mid",2,9.50,5,0
3373,1114,"2025-06-08","2025-06","BRW001","Beverage","PRD004","Mocha",1,4.75,"Mid",1,4.75,4,0
3313,1095,"2025-04-08","2025-04","BRW001","Beverage","PRD004","Mocha",1,4.75,"Mid",2,9.50,5,0
3278,1086,"2026-01-22","2026-01","BRW002","Beverage","PRD004","Mocha",1,4.75,"Mid",2,9.50,5,0
3258,1079,"2025-11-27","2025-11","BRW003","Beverage","PRD004","Mocha",1,4.75,"Mid",3,14.25,4,0
3217,1068,"2025-12-03","2025-12","BRW003","Beverage","PRD004","Mocha",1,4.75,"Mid",1,4.75,4,0
3190,1060,"2025-10-16","2025-10","BRW003","Beverage","PRD004","Mocha",1,4.75,"Mid",3,14.25,4,0
3162,1053,"2025-01-25","2025-01","BRW001","Beverage","PRD004","Mocha",1,4.75,"Mid",1,4.75,4,0
3074,1020,"2025-09-27","2025-09","BRW002","Beverage","PRD004","Mocha",1,4.75,"Mid",3,14.25,5,0
3064,1016,"2025-09-15","2025-09","BRW001","Beverage","PRD004","Mocha",1,4.75,"Mid",1,4.75,2,0
3038,1009,"2025-07-08","2025-07","BRW003","Beverage","PRD004","Mocha",1,4.75,"Mid",3,14.25,3,0
3011,998,"2025-03-04","2025-03","BRW003","Beverage","PRD004","Mocha",1,4.75,"Mid",2,9.50,3,0
3002,993,"2025-01-09","2025-01","BRW002","Beverage","PRD004","Mocha",1,4.75,"Mid",1,4.75,3,0
2922,965,"2025-04-15","2025-04","BRW003","Beverage","PRD004","Mocha",1,4.75,"Mid",1,4.75,5,0
2870,950,"2025-06-21","2025-06","BRW002","Beverage","PRD004","Mocha",1,4.75,"Mid",3,14.25,3,0
2868,950,"2025-06-21","2025-06","BRW002","Beverage","PRD004","Mocha",1,4.75,"Mid",3,14.25,3,0
2851,945,"2025-09-14","2025-09","BRW001","Beverage","PRD004","Mocha",1,4.75,"Mid",1,4.75,3,0
2784,922,"2025-11-05","2025-11","BRW002","Beverage","PRD004","Mocha",1,4.75,"Mid",1,4.75,1,1
2768,916,"2025-08-10","2025-08","BRW002","Beverage","PRD004","Mocha",1,4.75,"Mid",2,9.50,5,0
2738,904,"2025-01-31","2025-01","BRW003","Beverage","PRD004","Mocha",1,4.75,"Mid",2,9.50,1,1
2733,902,"2025-01-05","2025-01","BRW003","Beverage","PRD004","Mocha",1,4.75,"Mid",1,4.75,3,0
2722,898,"2025-07-10","2025-07","BRW003","Beverage","PRD004","Mocha",1,4.75,"Mid",1,4.75,5,0
2702,890,"2025-10-15","2025-10","BRW001","Beverage","PRD004","Mocha",1,4.75,"Mid",3,14.25,2,0
2675,882,"2025-05-21","2025-05","BRW001","Beverage","PRD004","Mocha",1,4.75,"Mid",3,14.25,5,0
2648,871,"2025-02-23","2025-02","BRW002","Beverage","PRD004","Mocha",1,4.75,"Mid",2,9.50,4,0
2638,869,"2025-05-28","2025-05","BRW001","Beverage","PRD004","Mocha",1,4.75,"Mid",1,4.75,4,0
2542,838,"2025-09-03","2025-09","BRW002","Beverage","PRD004","Mocha",1,4.75,"Mid",1,4.75,2,0
2539,837,"2025-08-10","2025-08","BRW003","Beverage","PRD004","Mocha",1,4.75,"Mid",1,4.75,4,0
2528,834,"2025-03-14","2025-03","BRW001","Beverage","PRD004","Mocha",1,4.75,"Mid",3,14.25,1,1
2500,824,"2025-09-09","2025-09","BRW001","Beverage","PRD004","Mocha",1,4.75,"Mid",2,9.50,4,0
2499,824,"2025-09-09","2025-09","BRW001","Beverage","PRD004","Mocha",1,4.75,"Mid",1,4.75,4,0
2445,807,"2025-02-21","2025-02","BRW003","Beverage","PRD004","Mocha",1,4.75,"Mid",2,9.50,1,1
2442,806,"2025-05-16","2025-05","BRW001","Beverage","PRD004","Mocha",1,4.75,"Mid",2,9.50,5,0
2436,805,"2026-01-24","2026-01","BRW002","Beverage","PRD004","Mocha",1,4.75,"Mid",1,4.75,3,0
2382,786,"2025-01-21","2025-01","BRW002","Beverage","PRD004","Mocha",1,4.75,"Mid",1,4.75,2,0
2349,775,"2025-05-30","2025-05","BRW002","Beverage","PRD004","Mocha",1,4.75,"Mid",1,4.75,3,0
2254,745,"2025-09-22","2025-09","BRW001","Beverage","PRD004","Mocha",1,4.75,"Mid",1,4.75,5,0
2232,737,"2025-03-11","2025-03","BRW002","Beverage","PRD004","Mocha",1,4.75,"Mid",3,14.25,3,0
2184,720,"2025-10-15","2025-10","BRW002","Beverage","PRD004","Mocha",1,4.75,"Mid",2,9.50,4,0
2161,710,"2025-02-16","2025-02","BRW003","Beverage","PRD004","Mocha",1,4.75,"Mid",2,9.50,3,0
2160,710,"2025-02-16","2025-02","BRW003","Beverage","PRD004","Mocha",1,4.75,"Mid",2,9.50,3,0
2131,699,"2025-05-14","2025-05","BRW001","Beverage","PRD004","Mocha",1,4.75,"Mid",2,9.50,4,0
2035,669,"2025-02-11","2025-02","BRW001","Beverage","PRD004","Mocha",1,4.75,"Mid",2,9.50,3,0
2034,669,"2025-02-11","2025-02","BRW001","Beverage","PRD004","Mocha",1,4.75,"Mid",1,4.75,3,0
1999,656,"2025-10-05","2025-10","BRW003","Beverage","PRD004","Mocha",1,4.75,"Mid",2,9.50,2,0
1961,644,"2025-11-06","2025-11","BRW003","Beverage","PRD004","Mocha",1,4.75,"Mid",1,4.75,4,0
1955,642,"2025-05-12","2025-05","BRW001","Beverage","PRD004","Mocha",1,4.75,"Mid",2,9.50,4,0
1942,639,"2025-12-11","2025-12","BRW002","Beverage","PRD004","Mocha",1,4.75,"Mid",1,4.75,3,0
1940,638,"2025-10-18","2025-10","BRW002","Beverage","PRD004","Mocha",1,4.75,"Mid",3,14.25,2,0
1929,635,"2025-01-05","2025-01","BRW003","Beverage","PRD004","Mocha",1,4.75,"Mid",3,14.25,2,0
1904,627,"2025-03-02","2025-03","BRW001","Beverage","PRD004","Mocha",1,4.75,"Mid",1,4.75,1,1
1899,624,"2025-07-21","2025-07","BRW003","Beverage","PRD004","Mocha",1,4.75,"Mid",2,9.50,3,0
1859,611,"2025-03-25","2025-03","BRW002","Beverage","PRD004","Mocha",1,4.75,"Mid",3,14.25,3,0
1843,606,"2025-09-25","2025-09","BRW003","Beverage","PRD004","Mocha",1,4.75,"Mid",3,14.25,2,0
1842,605,"2025-03-23","2025-03","BRW002","Beverage","PRD004","Mocha",1,4.75,"Mid",2,9.50,2,0
1829,600,"2025-02-05","2025-02","BRW003","Beverage","PRD004","Mocha",1,4.75,"Mid",1,4.75,4,0
1737,572,"2025-11-02","2025-11","BRW003","Beverage","PRD004","Mocha",1,4.75,"Mid",1,4.75,3,0
1704,563,"2025-05-22","2025-05","BRW001","Beverage","PRD004","Mocha",1,4.75,"Mid",3,14.25,4,0
1667,549,"2025-10-17","2025-10","BRW002","Beverage","PRD004","Mocha",1,4.75,"Mid",1,4.75,3,0
1612,533,"2025-12-08","2025-12","BRW001","Beverage","PRD004","Mocha",1,4.75,"Mid",2,9.50,3,0
1558,516,"2025-04-24","2025-04","BRW001","Beverage","PRD004","Mocha",1,4.75,"Mid",2,9.50,5,0
1554,515,"2026-01-15","2026-01","BRW003","Beverage","PRD004","Mocha",1,4.75,"Mid",2,9.50,2,0
1508,498,"2025-06-04","2025-06","BRW002","Beverage","PRD004","Mocha",1,4.75,"Mid",1,4.75,1,1
1507,497,"2025-03-22","2025-03","BRW003","Beverage","PRD004","Mocha",1,4.75,"Mid",2,9.50,2,0
1502,494,"2025-06-19","2025-06","BRW002","Beverage","PRD004","Mocha",1,4.75,"Mid",1,4.75,2,0
1494,492,"2025-07-31","2025-07","BRW003","Beverage","PRD004","Mocha",1,4.75,"Mid",3,14.25,3,0
1448,478,"2025-05-28","2025-05","BRW002","Beverage","PRD004","Mocha",1,4.75,"Mid",2,9.50,1,1
1381,457,"2025-04-13","2025-04","BRW001","Beverage","PRD004","Mocha",1,4.75,"Mid",3,14.25,2,0
1362,449,"2025-02-12","2025-02","BRW001","Beverage","PRD004","Mocha",1,4.75,"Mid",2,9.50,2,0
1342,439,"2025-02-01","2025-02","BRW001","Beverage","PRD004","Mocha",1,4.75,"Mid",3,14.25,1,1
1340,438,"2025-12-24","2025-12","BRW002","Beverage","PRD004","Mocha",1,4.75,"Mid",2,9.50,2,0
1319,429,"2026-01-25","2026-01","BRW001","Beverage","PRD004","Mocha",1,4.75,"Mid",2,9.50,4,0
1314,428,"2025-03-03","2025-03","BRW003","Beverage","PRD004","Mocha",1,4.75,"Mid",1,4.75,4,0
1290,419,"2025-10-12","2025-10","BRW003","Beverage","PRD004","Mocha",1,4.75,"Mid",2,9.50,2,0
1275,412,"2025-11-02","2025-11","BRW002","Beverage","PRD004","Mocha",1,4.75,"Mid",3,14.25,2,0
1272,411,"2025-06-01","2025-06","BRW001","Beverage","PRD004","Mocha",1,4.75,"Mid",1,4.75,3,0
1240,400,"2025-05-21","2025-05","BRW001","Beverage","PRD004","Mocha",1,4.75,"Mid",1,4.75,4,0
1235,398,"2025-04-11","2025-04","BRW001","Beverage","PRD004","Mocha",1,4.75,"Mid",1,4.75,2,0
1141,370,"2025-01-13","2025-01","BRW001","Beverage","PRD004","Mocha",1,4.75,"Mid",1,4.75,3,0
1136,369,"2025-05-15","2025-05","BRW002","Beverage","PRD004","Mocha",1,4.75,"Mid",1,4.75,5,0
1103,358,"2025-11-08","2025-11","BRW002","Beverage","PRD004","Mocha",1,4.75,"Mid",2,9.50,3,0
1078,349,"2025-10-10","2025-10","BRW001","Beverage","PRD004","Mocha",1,4.75,"Mid",1,4.75,1,1
1063,342,"2025-02-05","2025-02","BRW003","Beverage","PRD004","Mocha",1,4.75,"Mid",3,14.25,4,0
1061,342,"2025-02-05","2025-02","BRW003","Beverage","PRD004","Mocha",1,4.75,"Mid",3,14.25,4,0
1019,326,"2025-02-06","2025-02","BRW001","Beverage","PRD004","Mocha",1,4.75,"Mid",2,9.50,4,0
954,307,"2025-05-14","2025-05","BRW001","Beverage","PRD004","Mocha",1,4.75,"Mid",3,14.25,5,0
834,271,"2025-11-04","2025-11","BRW003","Beverage","PRD004","Mocha",1,4.75,"Mid",2,9.50,3,0
824,267,"2025-12-02","2025-12","BRW003","Beverage","PRD004","Mocha",1,4.75,"Mid",3,14.25,5,0
806,263,"2025-05-12","2025-05","BRW002","Beverage","PRD004","Mocha",1,4.75,"Mid",1,4.75,4,0
783,254,"2025-05-01","2025-05","BRW001","Beverage","PRD004","Mocha",1,4.75,"Mid",3,14.25,2,0
749,242,"2025-09-11","2025-09","BRW003","Beverage","PRD004","Mocha",1,4.75,"Mid",1,4.75,4,0
748,242,"2025-09-11","2025-09","BRW003","Beverage","PRD004","Mocha",1,4.75,"Mid",2,9.50,4,0
689,223,"2025-09-17","2025-09","BRW003","Beverage","PRD004","Mocha",1,4.75,"Mid",2,9.50,4,0
661,214,"2025-07-10","2025-07","BRW001","Beverage","PRD004","Mocha",1,4.75,"Mid",3,14.25,2,0
639,208,"2025-09-12","2025-09","BRW001","Beverage","PRD004","Mocha",1,4.75,"Mid",3,14.25,1,1
602,197,"2025-06-11","2025-06","BRW001","Beverage","PRD004","Mocha",1,4.75,"Mid",3,14.25,4,0
507,168,"2025-03-01","2025-03","BRW003","Beverage","PRD004","Mocha",1,4.75,"Mid",1,4.75,3,0
489,164,"2025-04-23","2025-04","BRW003","Beverage","PRD004","Mocha",1,4.75,"Mid",3,14.25,4,0
486,163,"2026-01-05","2026-01","BRW003","Beverage","PRD004","Mocha",1,4.75,"Mid",3,14.25,5,0
473,159,"2025-08-21","2025-08","BRW001","Beverage","PRD004","Mocha",1,4.75,"Mid",1,4.75,2,0
440,147,"2025-12-20","2025-12","BRW003","Beverage","PRD004","Mocha",1,4.75,"Mid",3,14.25,3,0
413,137,"2026-01-19","2026-01","BRW001","Beverage","PRD004","Mocha",1,4.75,"Mid",3,14.25,4,0
397,133,"2025-04-09","2025-04","BRW001","Beverage","PRD004","Mocha",1,4.75,"Mid",2,9.50,4,0
307,103,"2025-11-13","2025-11","BRW002","Beverage","PRD004","Mocha",1,4.75,"Mid",2,9.50,4,0
245,81,"2025-07-04","2025-07","BRW001","Beverage","PRD004","Mocha",1,4.75,"Mid",3,14.25,3,0
214,72,"2025-10-20","2025-10","BRW003","Beverage","PRD004","Mocha",1,4.75,"Mid",3,14.25,3,0
205,69,"2025-05-07","2025-05","BRW002","Beverage","PRD004","Mocha",1,4.75,"Mid",2,9.50,4,0
193,65,"2025-03-25","2025-03","BRW003","Beverage","PRD004","Mocha",1,4.75,"Mid",3,14.25,4,0
156,52,"2025-04-13","2025-04","BRW001","Beverage","PRD004","Mocha",1,4.75,"Mid",2,9.50,5,0
150,51,"2025-11-26","2025-11","BRW003","Beverage","PRD004","Mocha",1,4.75,"Mid",2,9.50,4,0
136,46,"2025-12-05","2025-12","BRW003","Beverage","PRD004","Mocha",1,4.75,"Mid",1,4.75,5,0
115,38,"2025-08-11","2025-08","BRW003","Beverage","PRD004","Mocha",1,4.75,"Mid",2,9.50,2,0
94,31,"2025-07-28","2025-07","BRW003","Beverage","PRD004","Mocha",1,4.75,"Mid",1,4.75,4,0
23,8,"2025-10-11","2025-10","BRW001","Beverage","PRD004","Mocha",1,4.75,"Mid",3,14.25,3,0
20,7,"2025-11-05","2025-11","BRW001","Beverage","PRD004","Mocha",1,4.75,"Mid",1,4.75,2,0
3620,1190,"2025-09-12","2025-09","BRW003","Beverage","PRD005","Cold Brew",1,4.50,"Mid",1,4.50,4,0
3584,1178,"2025-06-27","2025-06","BRW001","Beverage","PRD005","Cold Brew",1,4.50,"Mid",1,4.50,4,0
3521,1158,"2025-04-24","2025-04","BRW001","Beverage","PRD005","Cold Brew",1,4.50,"Mid",2,9.00,4,0
3493,1149,"2025-05-14","2025-05","BRW002","Beverage","PRD005","Cold Brew",1,4.50,"Mid",2,9.00,3,0
3481,1147,"2025-10-01","2025-10","BRW003","Beverage","PRD005","Cold Brew",1,4.50,"Mid",2,9.00,5,0
3440,1134,"2025-01-21","2025-01","BRW002","Beverage","PRD005","Cold Brew",1,4.50,"Mid",1,4.50,5,0
3315,1096,"2025-07-25","2025-07","BRW002","Beverage","PRD005","Cold Brew",1,4.50,"Mid",1,4.50,1,1
3280,1086,"2026-01-22","2026-01","BRW002","Beverage","PRD005","Cold Brew",1,4.50,"Mid",2,9.00,5,0
3254,1078,"2025-08-18","2025-08","BRW002","Beverage","PRD005","Cold Brew",1,4.50,"Mid",3,13.50,5,0
3182,1058,"2025-11-01","2025-11","BRW003","Beverage","PRD005","Cold Brew",1,4.50,"Mid",2,9.00,4,0
3121,1038,"2025-12-10","2025-12","BRW001","Beverage","PRD005","Cold Brew",1,4.50,"Mid",1,4.50,5,0
3102,1032,"2025-12-23","2025-12","BRW002","Beverage","PRD005","Cold Brew",1,4.50,"Mid",2,9.00,3,0
3097,1030,"2025-08-03","2025-08","BRW001","Beverage","PRD005","Cold Brew",1,4.50,"Mid",2,9.00,2,0
3067,1018,"2025-10-05","2025-10","BRW001","Beverage","PRD005","Cold Brew",1,4.50,"Mid",2,9.00,3,0
3043,1010,"2025-01-02","2025-01","BRW002","Beverage","PRD005","Cold Brew",1,4.50,"Mid",3,13.50,4,0
2989,989,"2025-08-26","2025-08","BRW003","Beverage","PRD005","Cold Brew",1,4.50,"Mid",2,9.00,4,0
2976,985,"2025-03-14","2025-03","BRW003","Beverage","PRD005","Cold Brew",1,4.50,"Mid",1,4.50,5,0
2942,972,"2025-09-02","2025-09","BRW003","Beverage","PRD005","Cold Brew",1,4.50,"Mid",2,9.00,5,0
2884,954,"2025-12-23","2025-12","BRW003","Beverage","PRD005","Cold Brew",1,4.50,"Mid",3,13.50,3,0
2878,952,"2025-09-18","2025-09","BRW002","Beverage","PRD005","Cold Brew",1,4.50,"Mid",1,4.50,5,0
2865,949,"2025-10-07","2025-10","BRW002","Beverage","PRD005","Cold Brew",1,4.50,"Mid",3,13.50,3,0
2864,949,"2025-10-07","2025-10","BRW002","Beverage","PRD005","Cold Brew",1,4.50,"Mid",2,9.00,3,0
2809,932,"2025-07-02","2025-07","BRW001","Beverage","PRD005","Cold Brew",1,4.50,"Mid",2,9.00,4,0
2802,929,"2026-01-27","2026-01","BRW002","Beverage","PRD005","Cold Brew",1,4.50,"Mid",3,13.50,5,0
2762,914,"2025-03-14","2025-03","BRW001","Beverage","PRD005","Cold Brew",1,4.50,"Mid",3,13.50,4,0
2758,913,"2025-05-10","2025-05","BRW003","Beverage","PRD005","Cold Brew",1,4.50,"Mid",1,4.50,4,0
2748,907,"2025-02-21","2025-02","BRW002","Beverage","PRD005","Cold Brew",1,4.50,"Mid",3,13.50,1,1
2723,898,"2025-07-10","2025-07","BRW003","Beverage","PRD005","Cold Brew",1,4.50,"Mid",2,9.00,5,0
2718,896,"2026-01-07","2026-01","BRW001","Beverage","PRD005","Cold Brew",1,4.50,"Mid",1,4.50,4,0
2526,832,"2025-04-21","2025-04","BRW002","Beverage","PRD005","Cold Brew",1,4.50,"Mid",3,13.50,2,0
2415,797,"2025-01-07","2025-01","BRW001","Beverage","PRD005","Cold Brew",1,4.50,"Mid",2,9.00,3,0
2380,785,"2025-02-23","2025-02","BRW002","Beverage","PRD005","Cold Brew",1,4.50,"Mid",2,9.00,3,0
2328,767,"2025-11-14","2025-11","BRW001","Beverage","PRD005","Cold Brew",1,4.50,"Mid",1,4.50,4,0
2309,762,"2025-07-14","2025-07","BRW001","Beverage","PRD005","Cold Brew",1,4.50,"Mid",2,9.00,1,1
2200,724,"2025-01-22","2025-01","BRW003","Beverage","PRD005","Cold Brew",1,4.50,"Mid",3,13.50,4,0
2193,723,"2025-07-15","2025-07","BRW001","Beverage","PRD005","Cold Brew",1,4.50,"Mid",1,4.50,5,0
2191,722,"2025-09-13","2025-09","BRW003","Beverage","PRD005","Cold Brew",1,4.50,"Mid",3,13.50,4,0
2153,707,"2025-04-23","2025-04","BRW003","Beverage","PRD005","Cold Brew",1,4.50,"Mid",1,4.50,4,0
2122,697,"2025-08-21","2025-08","BRW003","Beverage","PRD005","Cold Brew",1,4.50,"Mid",1,4.50,4,0
2031,668,"2025-10-27","2025-10","BRW002","Beverage","PRD005","Cold Brew",1,4.50,"Mid",3,13.50,4,0
2030,668,"2025-10-27","2025-10","BRW002","Beverage","PRD005","Cold Brew",1,4.50,"Mid",1,4.50,4,0
1980,649,"2025-10-19","2025-10","BRW002","Beverage","PRD005","Cold Brew",1,4.50,"Mid",3,13.50,1,1
1968,645,"2025-05-21","2025-05","BRW002","Beverage","PRD005","Cold Brew",1,4.50,"Mid",1,4.50,5,0
1827,599,"2026-01-16","2026-01","BRW003","Beverage","PRD005","Cold Brew",1,4.50,"Mid",1,4.50,2,0
1822,597,"2026-01-24","2026-01","BRW003","Beverage","PRD005","Cold Brew",1,4.50,"Mid",1,4.50,3,0
1819,596,"2025-04-17","2025-04","BRW001","Beverage","PRD005","Cold Brew",1,4.50,"Mid",1,4.50,3,0
1818,596,"2025-04-17","2025-04","BRW001","Beverage","PRD005","Cold Brew",1,4.50,"Mid",2,9.00,3,0
1788,588,"2025-08-07","2025-08","BRW003","Beverage","PRD005","Cold Brew",1,4.50,"Mid",1,4.50,2,0
1787,588,"2025-08-07","2025-08","BRW003","Beverage","PRD005","Cold Brew",1,4.50,"Mid",3,13.50,2,0
1705,563,"2025-05-22","2025-05","BRW001","Beverage","PRD005","Cold Brew",1,4.50,"Mid",2,9.00,4,0
1702,563,"2025-05-22","2025-05","BRW001","Beverage","PRD005","Cold Brew",1,4.50,"Mid",2,9.00,4,0
1693,561,"2026-01-23","2026-01","BRW001","Beverage","PRD005","Cold Brew",1,4.50,"Mid",3,13.50,4,0
1646,543,"2025-04-02","2025-04","BRW001","Beverage","PRD005","Cold Brew",1,4.50,"Mid",1,4.50,4,0
1628,538,"2025-08-15","2025-08","BRW001","Beverage","PRD005","Cold Brew",1,4.50,"Mid",2,9.00,2,0
1485,489,"2025-12-13","2025-12","BRW001","Beverage","PRD005","Cold Brew",1,4.50,"Mid",3,13.50,4,0
1473,486,"2025-11-05","2025-11","BRW001","Beverage","PRD005","Cold Brew",1,4.50,"Mid",3,13.50,4,0
1447,477,"2025-08-04","2025-08","BRW001","Beverage","PRD005","Cold Brew",1,4.50,"Mid",1,4.50,3,0
1420,468,"2025-11-29","2025-11","BRW002","Beverage","PRD005","Cold Brew",1,4.50,"Mid",2,9.00,4,0
1417,468,"2025-11-29","2025-11","BRW002","Beverage","PRD005","Cold Brew",1,4.50,"Mid",1,4.50,4,0
1390,460,"2025-01-28","2025-01","BRW002","Beverage","PRD005","Cold Brew",1,4.50,"Mid",1,4.50,4,0
1374,454,"2025-09-18","2025-09","BRW003","Beverage","PRD005","Cold Brew",1,4.50,"Mid",2,9.00,2,0
1373,454,"2025-09-18","2025-09","BRW003","Beverage","PRD005","Cold Brew",1,4.50,"Mid",3,13.50,2,0
1372,453,"2025-04-17","2025-04","BRW003","Beverage","PRD005","Cold Brew",1,4.50,"Mid",3,13.50,4,0
1321,430,"2025-04-20","2025-04","BRW002","Beverage","PRD005","Cold Brew",1,4.50,"Mid",3,13.50,1,1
1320,430,"2025-04-20","2025-04","BRW002","Beverage","PRD005","Cold Brew",1,4.50,"Mid",1,4.50,1,1
1283,414,"2026-01-21","2026-01","BRW002","Beverage","PRD005","Cold Brew",1,4.50,"Mid",3,13.50,5,0
1277,413,"2025-09-07","2025-09","BRW002","Beverage","PRD005","Cold Brew",1,4.50,"Mid",3,13.50,3,0
1222,394,"2026-01-18","2026-01","BRW003","Beverage","PRD005","Cold Brew",1,4.50,"Mid",2,9.00,3,0
1142,370,"2025-01-13","2025-01","BRW001","Beverage","PRD005","Cold Brew",1,4.50,"Mid",2,9.00,3,0
1087,351,"2025-03-07","2025-03","BRW002","Beverage","PRD005","Cold Brew",1,4.50,"Mid",3,13.50,4,0
1073,345,"2025-04-10","2025-04","BRW002","Beverage","PRD005","Cold Brew",1,4.50,"Mid",3,13.50,2,0
1072,345,"2025-04-10","2025-04","BRW002","Beverage","PRD005","Cold Brew",1,4.50,"Mid",3,13.50,2,0
1056,339,"2025-10-10","2025-10","BRW001","Beverage","PRD005","Cold Brew",1,4.50,"Mid",1,4.50,2,0
1045,336,"2025-10-17","2025-10","BRW002","Beverage","PRD005","Cold Brew",1,4.50,"Mid",1,4.50,4,0
1026,329,"2025-12-08","2025-12","BRW003","Beverage","PRD005","Cold Brew",1,4.50,"Mid",3,13.50,4,0
1012,325,"2025-02-06","2025-02","BRW002","Beverage","PRD005","Cold Brew",1,4.50,"Mid",3,13.50,5,0
978,314,"2025-10-01","2025-10","BRW002","Beverage","PRD005","Cold Brew",1,4.50,"Mid",3,13.50,5,0
936,302,"2025-09-25","2025-09","BRW003","Beverage","PRD005","Cold Brew",1,4.50,"Mid",1,4.50,2,0
917,296,"2025-11-26","2025-11","BRW002","Beverage","PRD005","Cold Brew",1,4.50,"Mid",1,4.50,4,0
906,293,"2025-07-26","2025-07","BRW003","Beverage","PRD005","Cold Brew",1,4.50,"Mid",2,9.00,5,0
812,264,"2025-11-22","2025-11","BRW002","Beverage","PRD005","Cold Brew",1,4.50,"Mid",3,13.50,5,0
802,261,"2025-02-14","2025-02","BRW001","Beverage","PRD005","Cold Brew",1,4.50,"Mid",3,13.50,2,0
777,251,"2025-02-13","2025-02","BRW003","Beverage","PRD005","Cold Brew",1,4.50,"Mid",2,9.00,4,0
772,250,"2025-10-14","2025-10","BRW003","Beverage","PRD005","Cold Brew",1,4.50,"Mid",2,9.00,5,0
701,228,"2025-02-06","2025-02","BRW003","Beverage","PRD005","Cold Brew",1,4.50,"Mid",2,9.00,2,0
700,228,"2025-02-06","2025-02","BRW003","Beverage","PRD005","Cold Brew",1,4.50,"Mid",2,9.00,2,0
687,223,"2025-09-17","2025-09","BRW003","Beverage","PRD005","Cold Brew",1,4.50,"Mid",3,13.50,4,0
681,221,"2025-11-16","2025-11","BRW002","Beverage","PRD005","Cold Brew",1,4.50,"Mid",1,4.50,4,0
660,214,"2025-07-10","2025-07","BRW001","Beverage","PRD005","Cold Brew",1,4.50,"Mid",3,13.50,2,0
641,209,"2026-01-09","2026-01","BRW001","Beverage","PRD005","Cold Brew",1,4.50,"Mid",3,13.50,4,0
632,205,"2025-08-25","2025-08","BRW003","Beverage","PRD005","Cold Brew",1,4.50,"Mid",2,9.00,5,0
624,204,"2025-02-02","2025-02","BRW002","Beverage","PRD005","Cold Brew",1,4.50,"Mid",2,9.00,5,0
541,178,"2025-04-18","2025-04","BRW002","Beverage","PRD005","Cold Brew",1,4.50,"Mid",3,13.50,4,0
532,176,"2025-09-09","2025-09","BRW003","Beverage","PRD005","Cold Brew",1,4.50,"Mid",1,4.50,5,0
492,164,"2025-04-23","2025-04","BRW003","Beverage","PRD005","Cold Brew",1,4.50,"Mid",3,13.50,4,0
483,162,"2025-10-08","2025-10","BRW003","Beverage","PRD005","Cold Brew",1,4.50,"Mid",2,9.00,4,0
459,153,"2025-12-18","2025-12","BRW001","Beverage","PRD005","Cold Brew",1,4.50,"Mid",3,13.50,5,0
418,139,"2025-04-27","2025-04","BRW001","Beverage","PRD005","Cold Brew",1,4.50,"Mid",2,9.00,3,0
359,120,"2025-04-26","2025-04","BRW003","Beverage","PRD005","Cold Brew",1,4.50,"Mid",2,9.00,3,0
354,118,"2025-03-29","2025-03","BRW001","Beverage","PRD005","Cold Brew",1,4.50,"Mid",2,9.00,3,0
344,113,"2025-10-30","2025-10","BRW002","Beverage","PRD005","Cold Brew",1,4.50,"Mid",3,13.50,3,0
337,111,"2025-04-19","2025-04","BRW001","Beverage","PRD005","Cold Brew",1,4.50,"Mid",3,13.50,5,0
332,110,"2025-06-13","2025-06","BRW001","Beverage","PRD005","Cold Brew",1,4.50,"Mid",2,9.00,4,0
304,102,"2025-10-29","2025-10","BRW002","Beverage","PRD005","Cold Brew",1,4.50,"Mid",1,4.50,5,0
286,97,"2025-03-03","2025-03","BRW003","Beverage","PRD005","Cold Brew",1,4.50,"Mid",2,9.00,4,0
275,94,"2025-12-28","2025-12","BRW002","Beverage","PRD005","Cold Brew",1,4.50,"Mid",3,13.50,3,0
273,93,"2025-02-24","2025-02","BRW002","Beverage","PRD005","Cold Brew",1,4.50,"Mid",1,4.50,3,0
270,92,"2025-05-11","2025-05","BRW002","Beverage","PRD005","Cold Brew",1,4.50,"Mid",3,13.50,2,0
254,84,"2025-08-10","2025-08","BRW002","Beverage","PRD005","Cold Brew",1,4.50,"Mid",3,13.50,5,0
210,70,"2025-03-17","2025-03","BRW002","Beverage","PRD005","Cold Brew",1,4.50,"Mid",1,4.50,3,0
74,25,"2025-06-06","2025-06","BRW002","Beverage","PRD005","Cold Brew",1,4.50,"Mid",2,9.00,4,0
61,22,"2025-08-27","2025-08","BRW002","Beverage","PRD005","Cold Brew",1,4.50,"Mid",3,13.50,4,0
58,21,"2025-04-10","2025-04","BRW003","Beverage","PRD005","Cold Brew",1,4.50,"Mid",3,13.50,3,0
54,20,"2025-08-12","2025-08","BRW002","Beverage","PRD005","Cold Brew",1,4.50,"Mid",1,4.50,3,0
49,18,"2026-01-17","2026-01","BRW002","Beverage","PRD005","Cold Brew",1,4.50,"Mid",2,9.00,4,0
44,16,"2025-07-17","2025-07","BRW002","Beverage","PRD005","Cold Brew",1,4.50,"Mid",1,4.50,2,0
19,6,"2025-11-21","2025-11","BRW003","Beverage","PRD005","Cold Brew",1,4.50,"Mid",1,4.50,4,0
11,4,"2026-01-11","2026-01","BRW003","Beverage","PRD005","Cold Brew",1,4.50,"Mid",1,4.50,5,0
6,3,"2025-08-15","2025-08","BRW003","Beverage","PRD005","Cold Brew",1,4.50,"Mid",1,4.50,5,0
3643,1198,"2025-09-30","2025-09","BRW001","Beverage","PRD006","Americano",1,3.25,"Cheap",2,6.50,5,0
3572,1175,"2025-02-02","2025-02","BRW002","Beverage","PRD006","Americano",1,3.25,"Cheap",3,9.75,4,0
3551,1168,"2025-12-14","2025-12","BRW003","Beverage","PRD006","Americano",1,3.25,"Cheap",2,6.50,2,0
3550,1167,"2025-06-14","2025-06","BRW003","Beverage","PRD006","Americano",1,3.25,"Cheap",2,6.50,3,0
3541,1164,"2025-04-23","2025-04","BRW001","Beverage","PRD006","Americano",1,3.25,"Cheap",2,6.50,3,0
3490,1148,"2025-10-01","2025-10","BRW003","Beverage","PRD006","Americano",1,3.25,"Cheap",1,3.25,4,0
3487,1148,"2025-10-01","2025-10","BRW003","Beverage","PRD006","Americano",1,3.25,"Cheap",2,6.50,4,0
3484,1147,"2025-10-01","2025-10","BRW003","Beverage","PRD006","Americano",1,3.25,"Cheap",1,3.25,5,0
3348,1107,"2025-08-02","2025-08","BRW001","Beverage","PRD006","Americano",1,3.25,"Cheap",1,3.25,3,0
3345,1107,"2025-08-02","2025-08","BRW001","Beverage","PRD006","Americano",1,3.25,"Cheap",3,9.75,3,0
3343,1105,"2025-04-17","2025-04","BRW002","Beverage","PRD006","Americano",1,3.25,"Cheap",1,3.25,3,0
3336,1103,"2025-06-24","2025-06","BRW002","Beverage","PRD006","Americano",1,3.25,"Cheap",2,6.50,4,0
3297,1092,"2025-04-07","2025-04","BRW001","Beverage","PRD006","Americano",1,3.25,"Cheap",1,3.25,3,0
3276,1085,"2025-04-01","2025-04","BRW003","Beverage","PRD006","Americano",1,3.25,"Cheap",3,9.75,4,0
3242,1076,"2025-01-12","2025-01","BRW003","Beverage","PRD006","Americano",1,3.25,"Cheap",2,6.50,5,0
3205,1066,"2025-03-01","2025-03","BRW003","Beverage","PRD006","Americano",1,3.25,"Cheap",1,3.25,3,0
3037,1008,"2025-03-16","2025-03","BRW001","Beverage","PRD006","Americano",1,3.25,"Cheap",2,6.50,3,0
3018,1002,"2026-01-10","2026-01","BRW001","Beverage","PRD006","Americano",1,3.25,"Cheap",1,3.25,5,0
2985,988,"2025-07-03","2025-07","BRW001","Beverage","PRD006","Americano",1,3.25,"Cheap",2,6.50,4,0
2910,962,"2025-10-24","2025-10","BRW001","Beverage","PRD006","Americano",1,3.25,"Cheap",1,3.25,4,0
2897,958,"2025-07-04","2025-07","BRW003","Beverage","PRD006","Americano",1,3.25,"Cheap",3,9.75,3,0
2831,939,"2025-07-22","2025-07","BRW001","Beverage","PRD006","Americano",1,3.25,"Cheap",3,9.75,4,0
2807,930,"2025-03-14","2025-03","BRW002","Beverage","PRD006","Americano",1,3.25,"Cheap",3,9.75,1,1
2794,927,"2025-12-15","2025-12","BRW003","Beverage","PRD006","Americano",1,3.25,"Cheap",3,9.75,3,0
2792,925,"2025-02-14","2025-02","BRW002","Beverage","PRD006","Americano",1,3.25,"Cheap",2,6.50,3,0
2771,916,"2025-08-10","2025-08","BRW002","Beverage","PRD006","Americano",1,3.25,"Cheap",3,9.75,5,0
2755,911,"2025-09-05","2025-09","BRW002","Beverage","PRD006","Americano",1,3.25,"Cheap",1,3.25,2,0
2749,908,"2025-08-19","2025-08","BRW003","Beverage","PRD006","Americano",1,3.25,"Cheap",1,3.25,1,1
2701,890,"2025-10-15","2025-10","BRW001","Beverage","PRD006","Americano",1,3.25,"Cheap",2,6.50,2,0
2700,890,"2025-10-15","2025-10","BRW001","Beverage","PRD006","Americano",1,3.25,"Cheap",2,6.50,2,0
2697,889,"2025-10-12","2025-10","BRW003","Beverage","PRD006","Americano",1,3.25,"Cheap",1,3.25,3,0
2599,857,"2025-02-05","2025-02","BRW002","Beverage","PRD006","Americano",1,3.25,"Cheap",2,6.50,5,0
2421,800,"2025-06-05","2025-06","BRW001","Beverage","PRD006","Americano",1,3.25,"Cheap",2,6.50,2,0
2417,798,"2025-09-29","2025-09","BRW002","Beverage","PRD006","Americano",1,3.25,"Cheap",1,3.25,1,1
2336,771,"2025-11-23","2025-11","BRW002","Beverage","PRD006","Americano",1,3.25,"Cheap",1,3.25,4,0
2333,769,"2025-03-12","2025-03","BRW002","Beverage","PRD006","Americano",1,3.25,"Cheap",1,3.25,2,0
2275,752,"2025-10-30","2025-10","BRW003","Beverage","PRD006","Americano",1,3.25,"Cheap",1,3.25,4,0
2244,740,"2025-08-01","2025-08","BRW001","Beverage","PRD006","Americano",1,3.25,"Cheap",3,9.75,3,0
2229,736,"2025-12-10","2025-12","BRW003","Beverage","PRD006","Americano",1,3.25,"Cheap",1,3.25,3,0
2213,729,"2025-01-30","2025-01","BRW003","Beverage","PRD006","Americano",1,3.25,"Cheap",1,3.25,5,0
2189,722,"2025-09-13","2025-09","BRW003","Beverage","PRD006","Americano",1,3.25,"Cheap",3,9.75,4,0
2126,698,"2025-06-26","2025-06","BRW001","Beverage","PRD006","Americano",1,3.25,"Cheap",3,9.75,2,0
2121,696,"2025-09-09","2025-09","BRW003","Beverage","PRD006","Americano",1,3.25,"Cheap",2,6.50,5,0
2068,678,"2026-01-25","2026-01","BRW003","Beverage","PRD006","Americano",1,3.25,"Cheap",3,9.75,1,1
2054,674,"2025-01-27","2025-01","BRW001","Beverage","PRD006","Americano",1,3.25,"Cheap",1,3.25,4,0
2029,668,"2025-10-27","2025-10","BRW002","Beverage","PRD006","Americano",1,3.25,"Cheap",3,9.75,4,0
2003,658,"2025-03-20","2025-03","BRW003","Beverage","PRD006","Americano",1,3.25,"Cheap",2,6.50,2,0
1986,652,"2025-11-17","2025-11","BRW002","Beverage","PRD006","Americano",1,3.25,"Cheap",2,6.50,4,0
1956,642,"2025-05-12","2025-05","BRW001","Beverage","PRD006","Americano",1,3.25,"Cheap",2,6.50,4,0
1951,641,"2025-04-27","2025-04","BRW002","Beverage","PRD006","Americano",1,3.25,"Cheap",1,3.25,1,1
1927,634,"2025-06-22","2025-06","BRW003","Beverage","PRD006","Americano",1,3.25,"Cheap",1,3.25,5,0
1864,613,"2025-04-16","2025-04","BRW003","Beverage","PRD006","Americano",1,3.25,"Cheap",1,3.25,3,0
1861,612,"2025-05-26","2025-05","BRW001","Beverage","PRD006","Americano",1,3.25,"Cheap",2,6.50,4,0
1800,592,"2026-01-04","2026-01","BRW003","Beverage","PRD006","Americano",1,3.25,"Cheap",2,6.50,5,0
1794,590,"2025-07-11","2025-07","BRW003","Beverage","PRD006","Americano",1,3.25,"Cheap",3,9.75,4,0
1774,582,"2026-01-11","2026-01","BRW003","Beverage","PRD006","Americano",1,3.25,"Cheap",2,6.50,3,0
1743,573,"2025-12-03","2025-12","BRW001","Beverage","PRD006","Americano",1,3.25,"Cheap",1,3.25,5,0
1735,571,"2025-01-19","2025-01","BRW003","Beverage","PRD006","Americano",1,3.25,"Cheap",2,6.50,5,0
1663,547,"2025-07-29","2025-07","BRW001","Beverage","PRD006","Americano",1,3.25,"Cheap",2,6.50,2,0
1584,524,"2025-03-01","2025-03","BRW001","Beverage","PRD006","Americano",1,3.25,"Cheap",1,3.25,5,0
1510,499,"2025-03-17","2025-03","BRW002","Beverage","PRD006","Americano",1,3.25,"Cheap",1,3.25,2,0
1467,483,"2025-01-13","2025-01","BRW002","Beverage","PRD006","Americano",1,3.25,"Cheap",3,9.75,4,0
1434,473,"2025-05-05","2025-05","BRW003","Beverage","PRD006","Americano",1,3.25,"Cheap",2,6.50,1,1
1430,471,"2025-10-07","2025-10","BRW001","Beverage","PRD006","Americano",1,3.25,"Cheap",2,6.50,5,0
1369,453,"2025-04-17","2025-04","BRW003","Beverage","PRD006","Americano",1,3.25,"Cheap",2,6.50,4,0
1347,442,"2025-08-13","2025-08","BRW001","Beverage","PRD006","Americano",1,3.25,"Cheap",3,9.75,1,1
1345,441,"2025-08-26","2025-08","BRW003","Beverage","PRD006","Americano",1,3.25,"Cheap",3,9.75,2,0
1339,437,"2025-12-02","2025-12","BRW001","Beverage","PRD006","Americano",1,3.25,"Cheap",3,9.75,4,0
1327,433,"2025-02-04","2025-02","BRW003","Beverage","PRD006","Americano",1,3.25,"Cheap",2,6.50,1,1
1180,382,"2025-03-08","2025-03","BRW003","Beverage","PRD006","Americano",1,3.25,"Cheap",3,9.75,5,0
1107,360,"2025-12-26","2025-12","BRW003","Beverage","PRD006","Americano",1,3.25,"Cheap",1,3.25,2,0
1094,356,"2025-01-13","2025-01","BRW002","Beverage","PRD006","Americano",1,3.25,"Cheap",3,9.75,4,0
1074,346,"2025-02-24","2025-02","BRW001","Beverage","PRD006","Americano",1,3.25,"Cheap",1,3.25,1,1
1068,344,"2026-01-10","2026-01","BRW001","Beverage","PRD006","Americano",1,3.25,"Cheap",3,9.75,3,0
971,313,"2025-08-26","2025-08","BRW003","Beverage","PRD006","Americano",1,3.25,"Cheap",2,6.50,5,0
937,302,"2025-09-25","2025-09","BRW003","Beverage","PRD006","Americano",1,3.25,"Cheap",2,6.50,2,0
871,281,"2025-12-23","2025-12","BRW003","Beverage","PRD006","Americano",1,3.25,"Cheap",2,6.50,5,0
831,270,"2025-03-17","2025-03","BRW003","Beverage","PRD006","Americano",1,3.25,"Cheap",1,3.25,1,1
789,256,"2025-03-13","2025-03","BRW002","Beverage","PRD006","Americano",1,3.25,"Cheap",3,9.75,3,0
788,256,"2025-03-13","2025-03","BRW002","Beverage","PRD006","Americano",1,3.25,"Cheap",1,3.25,3,0
773,250,"2025-10-14","2025-10","BRW003","Beverage","PRD006","Americano",1,3.25,"Cheap",2,6.50,5,0
768,249,"2025-06-21","2025-06","BRW002","Beverage","PRD006","Americano",1,3.25,"Cheap",1,3.25,4,0
728,235,"2026-01-18","2026-01","BRW003","Beverage","PRD006","Americano",1,3.25,"Cheap",3,9.75,5,0
723,233,"2025-04-05","2025-04","BRW001","Beverage","PRD006","Americano",1,3.25,"Cheap",3,9.75,5,0
693,225,"2025-06-27","2025-06","BRW001","Beverage","PRD006","Americano",1,3.25,"Cheap",3,9.75,4,0
684,222,"2025-09-27","2025-09","BRW003","Beverage","PRD006","Americano",1,3.25,"Cheap",2,6.50,3,0
656,213,"2025-12-25","2025-12","BRW001","Beverage","PRD006","Americano",1,3.25,"Cheap",3,9.75,4,0
562,185,"2025-10-28","2025-10","BRW003","Beverage","PRD006","Americano",1,3.25,"Cheap",2,6.50,4,0
556,183,"2025-01-03","2025-01","BRW001","Beverage","PRD006","Americano",1,3.25,"Cheap",2,6.50,4,0
461,154,"2026-01-30","2026-01","BRW003","Beverage","PRD006","Americano",1,3.25,"Cheap",3,9.75,1,1
427,143,"2025-08-13","2025-08","BRW003","Beverage","PRD006","Americano",1,3.25,"Cheap",2,6.50,3,0
388,130,"2025-09-16","2025-09","BRW001","Beverage","PRD006","Americano",1,3.25,"Cheap",1,3.25,2,0
319,106,"2025-11-30","2025-11","BRW003","Beverage","PRD006","Americano",1,3.25,"Cheap",1,3.25,3,0
305,102,"2025-10-29","2025-10","BRW002","Beverage","PRD006","Americano",1,3.25,"Cheap",1,3.25,5,0
204,69,"2025-05-07","2025-05","BRW002","Beverage","PRD006","Americano",1,3.25,"Cheap",1,3.25,4,0
116,39,"2025-08-09","2025-08","BRW002","Beverage","PRD006","Americano",1,3.25,"Cheap",3,9.75,3,0
93,31,"2025-07-28","2025-07","BRW003","Beverage","PRD006","Americano",1,3.25,"Cheap",3,9.75,4,0
34,12,"2025-10-25","2025-10","BRW002","Beverage","PRD006","Americano",1,3.25,"Cheap",2,6.50,4,0
3594,1181,"2025-09-30","2025-09","BRW002","Beverage","PRD007","Matcha Latte",1,5.25,"Expensive",2,10.50,1,1
3565,1173,"2025-03-15","2025-03","BRW001","Beverage","PRD007","Matcha Latte",1,5.25,"Expensive",3,15.75,5,0
3530,1160,"2026-01-20","2026-01","BRW003","Beverage","PRD007","Matcha Latte",1,5.25,"Expensive",3,15.75,4,0
3507,1153,"2025-06-22","2025-06","BRW001","Beverage","PRD007","Matcha Latte",1,5.25,"Expensive",1,5.25,2,0
3489,1148,"2025-10-01","2025-10","BRW003","Beverage","PRD007","Matcha Latte",1,5.25,"Expensive",2,10.50,4,0
3442,1135,"2025-07-24","2025-07","BRW001","Beverage","PRD007","Matcha Latte",1,5.25,"Expensive",2,10.50,3,0
3441,1135,"2025-07-24","2025-07","BRW001","Beverage","PRD007","Matcha Latte",1,5.25,"Expensive",2,10.50,3,0
3434,1132,"2025-06-09","2025-06","BRW001","Beverage","PRD007","Matcha Latte",1,5.25,"Expensive",3,15.75,4,0
3397,1122,"2025-01-19","2025-01","BRW003","Beverage","PRD007","Matcha Latte",1,5.25,"Expensive",1,5.25,1,1
3381,1116,"2025-08-14","2025-08","BRW001","Beverage","PRD007","Matcha Latte",1,5.25,"Expensive",1,5.25,3,0
3360,1111,"2025-12-22","2025-12","BRW003","Beverage","PRD007","Matcha Latte",1,5.25,"Expensive",1,5.25,3,0
3354,1110,"2026-01-02","2026-01","BRW003","Beverage","PRD007","Matcha Latte",1,5.25,"Expensive",3,15.75,4,0
3353,1109,"2025-04-11","2025-04","BRW002","Beverage","PRD007","Matcha Latte",1,5.25,"Expensive",2,10.50,4,0
3157,1051,"2025-11-14","2025-11","BRW003","Beverage","PRD007","Matcha Latte",1,5.25,"Expensive",2,10.50,4,0
3148,1048,"2025-07-01","2025-07","BRW003","Beverage","PRD007","Matcha Latte",1,5.25,"Expensive",3,15.75,2,0
3115,1037,"2025-02-17","2025-02","BRW001","Beverage","PRD007","Matcha Latte",1,5.25,"Expensive",3,15.75,2,0
3110,1034,"2026-01-22","2026-01","BRW001","Beverage","PRD007","Matcha Latte",1,5.25,"Expensive",3,15.75,3,0
3091,1026,"2025-05-04","2025-05","BRW002","Beverage","PRD007","Matcha Latte",1,5.25,"Expensive",2,10.50,2,0
3088,1024,"2025-06-27","2025-06","BRW002","Beverage","PRD007","Matcha Latte",1,5.25,"Expensive",3,15.75,2,0
3085,1023,"2025-06-21","2025-06","BRW003","Beverage","PRD007","Matcha Latte",1,5.25,"Expensive",1,5.25,2,0
3056,1013,"2025-01-19","2025-01","BRW003","Beverage","PRD007","Matcha Latte",1,5.25,"Expensive",2,10.50,3,0
3044,1010,"2025-01-02","2025-01","BRW002","Beverage","PRD007","Matcha Latte",1,5.25,"Expensive",3,15.75,4,0
3021,1002,"2026-01-10","2026-01","BRW001","Beverage","PRD007","Matcha Latte",1,5.25,"Expensive",3,15.75,5,0
3010,998,"2025-03-04","2025-03","BRW003","Beverage","PRD007","Matcha Latte",1,5.25,"Expensive",2,10.50,3,0
3004,995,"2025-07-29","2025-07","BRW001","Beverage","PRD007","Matcha Latte",1,5.25,"Expensive",3,15.75,3,0
2843,942,"2025-11-21","2025-11","BRW001","Beverage","PRD007","Matcha Latte",1,5.25,"Expensive",1,5.25,4,0
2838,941,"2025-07-06","2025-07","BRW003","Beverage","PRD007","Matcha Latte",1,5.25,"Expensive",2,10.50,2,0
2803,929,"2026-01-27","2026-01","BRW002","Beverage","PRD007","Matcha Latte",1,5.25,"Expensive",2,10.50,5,0
2726,899,"2025-04-01","2025-04","BRW001","Beverage","PRD007","Matcha Latte",1,5.25,"Expensive",3,15.75,1,1
2656,873,"2025-07-14","2025-07","BRW003","Beverage","PRD007","Matcha Latte",1,5.25,"Expensive",2,10.50,3,0
2641,870,"2026-01-15","2026-01","BRW001","Beverage","PRD007","Matcha Latte",1,5.25,"Expensive",2,10.50,4,0
2588,853,"2025-03-09","2025-03","BRW003","Beverage","PRD007","Matcha Latte",1,5.25,"Expensive",3,15.75,4,0
2586,853,"2025-03-09","2025-03","BRW003","Beverage","PRD007","Matcha Latte",1,5.25,"Expensive",3,15.75,4,0
2537,837,"2025-08-10","2025-08","BRW003","Beverage","PRD007","Matcha Latte",1,5.25,"Expensive",1,5.25,4,0
2509,826,"2025-06-26","2025-06","BRW003","Beverage","PRD007","Matcha Latte",1,5.25,"Expensive",2,10.50,3,0
2435,804,"2025-08-30","2025-08","BRW001","Beverage","PRD007","Matcha Latte",1,5.25,"Expensive",1,5.25,2,0
2434,804,"2025-08-30","2025-08","BRW001","Beverage","PRD007","Matcha Latte",1,5.25,"Expensive",3,15.75,2,0
2390,788,"2025-03-24","2025-03","BRW001","Beverage","PRD007","Matcha Latte",1,5.25,"Expensive",1,5.25,5,0
2386,787,"2025-04-21","2025-04","BRW003","Beverage","PRD007","Matcha Latte",1,5.25,"Expensive",2,10.50,3,0
2385,787,"2025-04-21","2025-04","BRW003","Beverage","PRD007","Matcha Latte",1,5.25,"Expensive",3,15.75,3,0
2339,771,"2025-11-23","2025-11","BRW002","Beverage","PRD007","Matcha Latte",1,5.25,"Expensive",1,5.25,4,0
2321,766,"2025-05-30","2025-05","BRW003","Beverage","PRD007","Matcha Latte",1,5.25,"Expensive",2,10.50,5,0
2289,756,"2025-09-12","2025-09","BRW001","Beverage","PRD007","Matcha Latte",1,5.25,"Expensive",2,10.50,4,0
2279,753,"2025-07-18","2025-07","BRW003","Beverage","PRD007","Matcha Latte",1,5.25,"Expensive",1,5.25,4,0
2195,723,"2025-07-15","2025-07","BRW001","Beverage","PRD007","Matcha Latte",1,5.25,"Expensive",1,5.25,5,0
2151,706,"2025-02-15","2025-02","BRW003","Beverage","PRD007","Matcha Latte",1,5.25,"Expensive",1,5.25,4,0
2147,705,"2025-08-10","2025-08","BRW001","Beverage","PRD007","Matcha Latte",1,5.25,"Expensive",1,5.25,1,1
2140,702,"2025-12-27","2025-12","BRW003","Beverage","PRD007","Matcha Latte",1,5.25,"Expensive",3,15.75,4,0
2124,697,"2025-08-21","2025-08","BRW003","Beverage","PRD007","Matcha Latte",1,5.25,"Expensive",2,10.50,4,0
2115,695,"2025-03-31","2025-03","BRW002","Beverage","PRD007","Matcha Latte",1,5.25,"Expensive",3,15.75,4,0
2111,694,"2025-06-04","2025-06","BRW001","Beverage","PRD007","Matcha Latte",1,5.25,"Expensive",1,5.25,2,0
2101,690,"2025-05-19","2025-05","BRW002","Beverage","PRD007","Matcha Latte",1,5.25,"Expensive",1,5.25,3,0
2093,688,"2025-03-10","2025-03","BRW003","Beverage","PRD007","Matcha Latte",1,5.25,"Expensive",1,5.25,4,0
2005,659,"2025-11-18","2025-11","BRW003","Beverage","PRD007","Matcha Latte",1,5.25,"Expensive",3,15.75,4,0
2002,658,"2025-03-20","2025-03","BRW003","Beverage","PRD007","Matcha Latte",1,5.25,"Expensive",3,15.75,2,0
1994,654,"2025-03-17","2025-03","BRW002","Beverage","PRD007","Matcha Latte",1,5.25,"Expensive",1,5.25,4,0
1964,644,"2025-11-06","2025-11","BRW003","Beverage","PRD007","Matcha Latte",1,5.25,"Expensive",2,10.50,4,0
1954,642,"2025-05-12","2025-05","BRW001","Beverage","PRD007","Matcha Latte",1,5.25,"Expensive",1,5.25,4,0
1919,632,"2025-03-04","2025-03","BRW002","Beverage","PRD007","Matcha Latte",1,5.25,"Expensive",3,15.75,4,0
1905,628,"2025-09-09","2025-09","BRW003","Beverage","PRD007","Matcha Latte",1,5.25,"Expensive",2,10.50,1,1
1889,621,"2025-05-06","2025-05","BRW001","Beverage","PRD007","Matcha Latte",1,5.25,"Expensive",1,5.25,4,0
1857,611,"2025-03-25","2025-03","BRW002","Beverage","PRD007","Matcha Latte",1,5.25,"Expensive",3,15.75,3,0
1814,595,"2025-05-11","2025-05","BRW001","Beverage","PRD007","Matcha Latte",1,5.25,"Expensive",3,15.75,5,0
1780,585,"2026-01-02","2026-01","BRW001","Beverage","PRD007","Matcha Latte",1,5.25,"Expensive",2,10.50,3,0
1776,584,"2025-05-17","2025-05","BRW003","Beverage","PRD007","Matcha Latte",1,5.25,"Expensive",1,5.25,3,0
1732,571,"2025-01-19","2025-01","BRW003","Beverage","PRD007","Matcha Latte",1,5.25,"Expensive",2,10.50,5,0
1706,563,"2025-05-22","2025-05","BRW001","Beverage","PRD007","Matcha Latte",1,5.25,"Expensive",2,10.50,4,0
1695,561,"2026-01-23","2026-01","BRW001","Beverage","PRD007","Matcha Latte",1,5.25,"Expensive",3,15.75,4,0
1669,549,"2025-10-17","2025-10","BRW002","Beverage","PRD007","Matcha Latte",1,5.25,"Expensive",3,15.75,3,0
1662,547,"2025-07-29","2025-07","BRW001","Beverage","PRD007","Matcha Latte",1,5.25,"Expensive",1,5.25,2,0
1620,536,"2025-10-16","2025-10","BRW002","Beverage","PRD007","Matcha Latte",1,5.25,"Expensive",2,10.50,4,0
1603,530,"2026-01-30","2026-01","BRW001","Beverage","PRD007","Matcha Latte",1,5.25,"Expensive",3,15.75,3,0
1588,525,"2025-12-04","2025-12","BRW002","Beverage","PRD007","Matcha Latte",1,5.25,"Expensive",3,15.75,5,0
1563,517,"2025-09-01","2025-09","BRW003","Beverage","PRD007","Matcha Latte",1,5.25,"Expensive",2,10.50,4,0
1523,503,"2025-02-09","2025-02","BRW002","Beverage","PRD007","Matcha Latte",1,5.25,"Expensive",2,10.50,4,0
1461,482,"2025-12-03","2025-12","BRW002","Beverage","PRD007","Matcha Latte",1,5.25,"Expensive",1,5.25,5,0
1422,469,"2025-03-13","2025-03","BRW002","Beverage","PRD007","Matcha Latte",1,5.25,"Expensive",2,10.50,4,0
1385,459,"2025-05-11","2025-05","BRW003","Beverage","PRD007","Matcha Latte",1,5.25,"Expensive",1,5.25,4,0
1359,448,"2026-01-13","2026-01","BRW001","Beverage","PRD007","Matcha Latte",1,5.25,"Expensive",1,5.25,3,0
1306,425,"2025-07-06","2025-07","BRW003","Beverage","PRD007","Matcha Latte",1,5.25,"Expensive",2,10.50,1,1
1298,422,"2025-09-21","2025-09","BRW001","Beverage","PRD007","Matcha Latte",1,5.25,"Expensive",2,10.50,4,0
1296,421,"2025-07-01","2025-07","BRW002","Beverage","PRD007","Matcha Latte",1,5.25,"Expensive",3,15.75,1,1
1259,407,"2025-04-11","2025-04","BRW002","Beverage","PRD007","Matcha Latte",1,5.25,"Expensive",1,5.25,2,0
1245,401,"2026-01-27","2026-01","BRW001","Beverage","PRD007","Matcha Latte",1,5.25,"Expensive",2,10.50,5,0
1242,400,"2025-05-21","2025-05","BRW001","Beverage","PRD007","Matcha Latte",1,5.25,"Expensive",2,10.50,4,0
1214,392,"2025-02-13","2025-02","BRW002","Beverage","PRD007","Matcha Latte",1,5.25,"Expensive",2,10.50,4,0
1203,389,"2025-04-29","2025-04","BRW003","Beverage","PRD007","Matcha Latte",1,5.25,"Expensive",2,10.50,4,0
1193,386,"2025-03-14","2025-03","BRW002","Beverage","PRD007","Matcha Latte",1,5.25,"Expensive",1,5.25,5,0
1145,371,"2025-01-26","2025-01","BRW002","Beverage","PRD007","Matcha Latte",1,5.25,"Expensive",3,15.75,4,0
1144,371,"2025-01-26","2025-01","BRW002","Beverage","PRD007","Matcha Latte",1,5.25,"Expensive",1,5.25,4,0
1025,328,"2025-07-25","2025-07","BRW002","Beverage","PRD007","Matcha Latte",1,5.25,"Expensive",1,5.25,3,0
1013,325,"2025-02-06","2025-02","BRW002","Beverage","PRD007","Matcha Latte",1,5.25,"Expensive",2,10.50,5,0
1009,324,"2025-02-15","2025-02","BRW002","Beverage","PRD007","Matcha Latte",1,5.25,"Expensive",3,15.75,4,0
965,311,"2025-01-30","2025-01","BRW002","Beverage","PRD007","Matcha Latte",1,5.25,"Expensive",2,10.50,5,0
955,307,"2025-05-14","2025-05","BRW001","Beverage","PRD007","Matcha Latte",1,5.25,"Expensive",1,5.25,5,0
850,275,"2025-03-17","2025-03","BRW003","Beverage","PRD007","Matcha Latte",1,5.25,"Expensive",2,10.50,4,0
825,268,"2025-03-16","2025-03","BRW002","Beverage","PRD007","Matcha Latte",1,5.25,"Expensive",2,10.50,5,0
757,246,"2026-01-22","2026-01","BRW001","Beverage","PRD007","Matcha Latte",1,5.25,"Expensive",1,5.25,3,0
717,232,"2025-12-29","2025-12","BRW001","Beverage","PRD007","Matcha Latte",1,5.25,"Expensive",2,10.50,5,0
711,231,"2025-04-06","2025-04","BRW002","Beverage","PRD007","Matcha Latte",1,5.25,"Expensive",1,5.25,4,0
598,196,"2025-06-13","2025-06","BRW002","Beverage","PRD007","Matcha Latte",1,5.25,"Expensive",2,10.50,2,0
585,190,"2025-03-21","2025-03","BRW002","Beverage","PRD007","Matcha Latte",1,5.25,"Expensive",2,10.50,4,0
536,177,"2025-05-24","2025-05","BRW001","Beverage","PRD007","Matcha Latte",1,5.25,"Expensive",3,15.75,4,0
470,157,"2025-02-13","2025-02","BRW003","Beverage","PRD007","Matcha Latte",1,5.25,"Expensive",2,10.50,1,1
466,156,"2025-09-04","2025-09","BRW003","Beverage","PRD007","Matcha Latte",1,5.25,"Expensive",3,15.75,5,0
425,141,"2025-01-02","2025-01","BRW003","Beverage","PRD007","Matcha Latte",1,5.25,"Expensive",3,15.75,1,1
385,129,"2025-08-18","2025-08","BRW002","Beverage","PRD007","Matcha Latte",1,5.25,"Expensive",1,5.25,5,0
370,124,"2025-09-23","2025-09","BRW001","Beverage","PRD007","Matcha Latte",1,5.25,"Expensive",3,15.75,4,0
364,122,"2025-06-05","2025-06","BRW002","Beverage","PRD007","Matcha Latte",1,5.25,"Expensive",2,10.50,5,0
327,109,"2025-09-04","2025-09","BRW001","Beverage","PRD007","Matcha Latte",1,5.25,"Expensive",3,15.75,4,0
284,96,"2025-10-19","2025-10","BRW001","Beverage","PRD007","Matcha Latte",1,5.25,"Expensive",2,10.50,4,0
250,84,"2025-08-10","2025-08","BRW002","Beverage","PRD007","Matcha Latte",1,5.25,"Expensive",2,10.50,5,0
240,79,"2025-12-04","2025-12","BRW002","Beverage","PRD007","Matcha Latte",1,5.25,"Expensive",2,10.50,1,1
122,42,"2025-05-07","2025-05","BRW001","Beverage","PRD007","Matcha Latte",1,5.25,"Expensive",1,5.25,1,1
35,12,"2025-10-25","2025-10","BRW002","Beverage","PRD007","Matcha Latte",1,5.25,"Expensive",1,5.25,4,0
3624,1192,"2026-01-21","2026-01","BRW003","Beverage","PRD008","Chai Latte",1,4.95,"Expensive",1,4.95,3,0
3614,1187,"2026-01-22","2026-01","BRW002","Beverage","PRD008","Chai Latte",1,4.95,"Expensive",1,4.95,4,0
3600,1183,"2026-01-18","2026-01","BRW003","Beverage","PRD008","Chai Latte",1,4.95,"Expensive",2,9.90,5,0
3589,1179,"2025-02-10","2025-02","BRW003","Beverage","PRD008","Chai Latte",1,4.95,"Expensive",1,4.95,4,0
3582,1178,"2025-06-27","2025-06","BRW001","Beverage","PRD008","Chai Latte",1,4.95,"Expensive",1,4.95,4,0
3569,1174,"2025-03-01","2025-03","BRW001","Beverage","PRD008","Chai Latte",1,4.95,"Expensive",3,14.85,3,0
3568,1174,"2025-03-01","2025-03","BRW001","Beverage","PRD008","Chai Latte",1,4.95,"Expensive",3,14.85,3,0
3560,1171,"2025-11-21","2025-11","BRW001","Beverage","PRD008","Chai Latte",1,4.95,"Expensive",3,14.85,1,1
3548,1167,"2025-06-14","2025-06","BRW003","Beverage","PRD008","Chai Latte",1,4.95,"Expensive",1,4.95,3,0
3480,1146,"2025-11-24","2025-11","BRW003","Beverage","PRD008","Chai Latte",1,4.95,"Expensive",2,9.90,5,0
3454,1138,"2025-04-05","2025-04","BRW002","Beverage","PRD008","Chai Latte",1,4.95,"Expensive",2,9.90,2,0
3385,1119,"2025-03-29","2025-03","BRW003","Beverage","PRD008","Chai Latte",1,4.95,"Expensive",1,4.95,5,0
3374,1114,"2025-06-08","2025-06","BRW001","Beverage","PRD008","Chai Latte",1,4.95,"Expensive",3,14.85,4,0
3309,1094,"2025-05-02","2025-05","BRW002","Beverage","PRD008","Chai Latte",1,4.95,"Expensive",1,4.95,4,0
3283,1087,"2025-07-19","2025-07","BRW002","Beverage","PRD008","Chai Latte",1,4.95,"Expensive",3,14.85,5,0
3212,1067,"2025-06-01","2025-06","BRW003","Beverage","PRD008","Chai Latte",1,4.95,"Expensive",3,14.85,5,0
3180,1058,"2025-11-01","2025-11","BRW003","Beverage","PRD008","Chai Latte",1,4.95,"Expensive",3,14.85,4,0
3175,1057,"2025-09-19","2025-09","BRW001","Beverage","PRD008","Chai Latte",1,4.95,"Expensive",2,9.90,4,0
3124,1040,"2025-06-20","2025-06","BRW001","Beverage","PRD008","Chai Latte",1,4.95,"Expensive",2,9.90,3,0
3122,1039,"2025-06-10","2025-06","BRW002","Beverage","PRD008","Chai Latte",1,4.95,"Expensive",3,14.85,1,1
3087,1024,"2025-06-27","2025-06","BRW002","Beverage","PRD008","Chai Latte",1,4.95,"Expensive",1,4.95,2,0
3000,993,"2025-01-09","2025-01","BRW002","Beverage","PRD008","Chai Latte",1,4.95,"Expensive",2,9.90,3,0
2999,993,"2025-01-09","2025-01","BRW002","Beverage","PRD008","Chai Latte",1,4.95,"Expensive",1,4.95,3,0
2956,978,"2025-06-11","2025-06","BRW001","Beverage","PRD008","Chai Latte",1,4.95,"Expensive",2,9.90,2,0
2945,972,"2025-09-02","2025-09","BRW003","Beverage","PRD008","Chai Latte",1,4.95,"Expensive",1,4.95,5,0
2909,962,"2025-10-24","2025-10","BRW001","Beverage","PRD008","Chai Latte",1,4.95,"Expensive",2,9.90,4,0
2900,959,"2025-01-10","2025-01","BRW003","Beverage","PRD008","Chai Latte",1,4.95,"Expensive",1,4.95,4,0
2855,946,"2025-05-20","2025-05","BRW002","Beverage","PRD008","Chai Latte",1,4.95,"Expensive",2,9.90,3,0
2852,945,"2025-09-14","2025-09","BRW001","Beverage","PRD008","Chai Latte",1,4.95,"Expensive",2,9.90,3,0
2827,938,"2025-06-14","2025-06","BRW001","Beverage","PRD008","Chai Latte",1,4.95,"Expensive",3,14.85,2,0
2815,933,"2025-05-16","2025-05","BRW001","Beverage","PRD008","Chai Latte",1,4.95,"Expensive",2,9.90,4,0
2773,917,"2025-09-18","2025-09","BRW002","Beverage","PRD008","Chai Latte",1,4.95,"Expensive",1,4.95,5,0
2761,913,"2025-05-10","2025-05","BRW003","Beverage","PRD008","Chai Latte",1,4.95,"Expensive",2,9.90,4,0
2741,905,"2025-04-10","2025-04","BRW001","Beverage","PRD008","Chai Latte",1,4.95,"Expensive",1,4.95,4,0
2674,882,"2025-05-21","2025-05","BRW001","Beverage","PRD008","Chai Latte",1,4.95,"Expensive",3,14.85,5,0
2673,881,"2025-06-06","2025-06","BRW002","Beverage","PRD008","Chai Latte",1,4.95,"Expensive",2,9.90,1,1
2666,877,"2025-04-28","2025-04","BRW003","Beverage","PRD008","Chai Latte",1,4.95,"Expensive",1,4.95,2,0
2658,874,"2025-11-15","2025-11","BRW003","Beverage","PRD008","Chai Latte",1,4.95,"Expensive",1,4.95,2,0
2595,857,"2025-02-05","2025-02","BRW002","Beverage","PRD008","Chai Latte",1,4.95,"Expensive",3,14.85,5,0
2551,842,"2025-04-27","2025-04","BRW001","Beverage","PRD008","Chai Latte",1,4.95,"Expensive",3,14.85,2,0
2518,829,"2025-09-26","2025-09","BRW001","Beverage","PRD008","Chai Latte",1,4.95,"Expensive",3,14.85,2,0
2463,814,"2025-07-22","2025-07","BRW003","Beverage","PRD008","Chai Latte",1,4.95,"Expensive",2,9.90,4,0
2458,813,"2025-06-13","2025-06","BRW002","Beverage","PRD008","Chai Latte",1,4.95,"Expensive",3,14.85,4,0
2430,803,"2025-11-15","2025-11","BRW003","Beverage","PRD008","Chai Latte",1,4.95,"Expensive",2,9.90,3,0
2383,787,"2025-04-21","2025-04","BRW003","Beverage","PRD008","Chai Latte",1,4.95,"Expensive",3,14.85,3,0
2378,785,"2025-02-23","2025-02","BRW002","Beverage","PRD008","Chai Latte",1,4.95,"Expensive",3,14.85,3,0
2371,782,"2026-01-07","2026-01","BRW003","Beverage","PRD008","Chai Latte",1,4.95,"Expensive",3,14.85,1,1
2262,746,"2025-07-01","2025-07","BRW001","Beverage","PRD008","Chai Latte",1,4.95,"Expensive",1,4.95,5,0
2119,696,"2025-09-09","2025-09","BRW003","Beverage","PRD008","Chai Latte",1,4.95,"Expensive",3,14.85,5,0
2094,688,"2025-03-10","2025-03","BRW003","Beverage","PRD008","Chai Latte",1,4.95,"Expensive",3,14.85,4,0
2088,685,"2025-07-19","2025-07","BRW003","Beverage","PRD008","Chai Latte",1,4.95,"Expensive",3,14.85,2,0
2040,670,"2025-12-29","2025-12","BRW003","Beverage","PRD008","Chai Latte",1,4.95,"Expensive",1,4.95,5,0
2033,668,"2025-10-27","2025-10","BRW002","Beverage","PRD008","Chai Latte",1,4.95,"Expensive",1,4.95,4,0
2018,664,"2025-02-09","2025-02","BRW002","Beverage","PRD008","Chai Latte",1,4.95,"Expensive",1,4.95,1,1
1977,648,"2025-04-14","2025-04","BRW001","Beverage","PRD008","Chai Latte",1,4.95,"Expensive",3,14.85,3,0
1924,634,"2025-06-22","2025-06","BRW003","Beverage","PRD008","Chai Latte",1,4.95,"Expensive",2,9.90,5,0
1911,630,"2026-01-16","2026-01","BRW002","Beverage","PRD008","Chai Latte",1,4.95,"Expensive",1,4.95,4,0
1909,630,"2026-01-16","2026-01","BRW002","Beverage","PRD008","Chai Latte",1,4.95,"Expensive",1,4.95,4,0
1891,621,"2025-05-06","2025-05","BRW001","Beverage","PRD008","Chai Latte",1,4.95,"Expensive",2,9.90,4,0
1849,608,"2025-12-04","2025-12","BRW003","Beverage","PRD008","Chai Latte",1,4.95,"Expensive",2,9.90,4,0
1817,596,"2025-04-17","2025-04","BRW001","Beverage","PRD008","Chai Latte",1,4.95,"Expensive",1,4.95,3,0
1791,589,"2025-04-09","2025-04","BRW003","Beverage","PRD008","Chai Latte",1,4.95,"Expensive",3,14.85,3,0
1772,582,"2026-01-11","2026-01","BRW003","Beverage","PRD008","Chai Latte",1,4.95,"Expensive",3,14.85,3,0
1724,569,"2025-01-06","2025-01","BRW003","Beverage","PRD008","Chai Latte",1,4.95,"Expensive",3,14.85,4,0
1721,567,"2025-11-21","2025-11","BRW001","Beverage","PRD008","Chai Latte",1,4.95,"Expensive",1,4.95,5,0
1678,552,"2025-06-09","2025-06","BRW002","Beverage","PRD008","Chai Latte",1,4.95,"Expensive",2,9.90,3,0
1675,551,"2025-10-26","2025-10","BRW002","Beverage","PRD008","Chai Latte",1,4.95,"Expensive",3,14.85,2,0
1633,539,"2025-08-27","2025-08","BRW003","Beverage","PRD008","Chai Latte",1,4.95,"Expensive",2,9.90,5,0
1569,519,"2025-11-13","2025-11","BRW003","Beverage","PRD008","Chai Latte",1,4.95,"Expensive",1,4.95,5,0
1560,517,"2025-09-01","2025-09","BRW003","Beverage","PRD008","Chai Latte",1,4.95,"Expensive",2,9.90,4,0
1556,516,"2025-04-24","2025-04","BRW001","Beverage","PRD008","Chai Latte",1,4.95,"Expensive",3,14.85,5,0
1526,504,"2025-05-12","2025-05","BRW001","Beverage","PRD008","Chai Latte",1,4.95,"Expensive",2,9.90,3,0
1480,487,"2025-09-17","2025-09","BRW002","Beverage","PRD008","Chai Latte",1,4.95,"Expensive",1,4.95,5,0
1457,481,"2025-03-23","2025-03","BRW001","Beverage","PRD008","Chai Latte",1,4.95,"Expensive",3,14.85,3,0
1431,472,"2025-08-02","2025-08","BRW002","Beverage","PRD008","Chai Latte",1,4.95,"Expensive",1,4.95,3,0
1427,471,"2025-10-07","2025-10","BRW001","Beverage","PRD008","Chai Latte",1,4.95,"Expensive",2,9.90,5,0
1394,461,"2025-06-29","2025-06","BRW002","Beverage","PRD008","Chai Latte",1,4.95,"Expensive",1,4.95,4,0
1371,453,"2025-04-17","2025-04","BRW003","Beverage","PRD008","Chai Latte",1,4.95,"Expensive",1,4.95,4,0
1358,448,"2026-01-13","2026-01","BRW001","Beverage","PRD008","Chai Latte",1,4.95,"Expensive",2,9.90,3,0
1335,436,"2025-06-14","2025-06","BRW002","Beverage","PRD008","Chai Latte",1,4.95,"Expensive",3,14.85,2,0
1310,427,"2025-11-25","2025-11","BRW003","Beverage","PRD008","Chai Latte",1,4.95,"Expensive",1,4.95,2,0
1291,420,"2025-02-18","2025-02","BRW001","Beverage","PRD008","Chai Latte",1,4.95,"Expensive",3,14.85,5,0
1239,400,"2025-05-21","2025-05","BRW001","Beverage","PRD008","Chai Latte",1,4.95,"Expensive",1,4.95,4,0
1226,395,"2025-08-30","2025-08","BRW002","Beverage","PRD008","Chai Latte",1,4.95,"Expensive",2,9.90,5,0
1195,386,"2025-03-14","2025-03","BRW002","Beverage","PRD008","Chai Latte",1,4.95,"Expensive",2,9.90,5,0
1169,379,"2025-10-24","2025-10","BRW002","Beverage","PRD008","Chai Latte",1,4.95,"Expensive",1,4.95,5,0
1153,374,"2025-08-10","2025-08","BRW002","Beverage","PRD008","Chai Latte",1,4.95,"Expensive",1,4.95,3,0
1096,356,"2025-01-13","2025-01","BRW002","Beverage","PRD008","Chai Latte",1,4.95,"Expensive",3,14.85,4,0
1029,329,"2025-12-08","2025-12","BRW003","Beverage","PRD008","Chai Latte",1,4.95,"Expensive",3,14.85,4,0
995,321,"2025-10-20","2025-10","BRW002","Beverage","PRD008","Chai Latte",1,4.95,"Expensive",3,14.85,4,0
979,314,"2025-10-01","2025-10","BRW002","Beverage","PRD008","Chai Latte",1,4.95,"Expensive",3,14.85,5,0
970,312,"2025-08-12","2025-08","BRW002","Beverage","PRD008","Chai Latte",1,4.95,"Expensive",1,4.95,2,0
916,296,"2025-11-26","2025-11","BRW002","Beverage","PRD008","Chai Latte",1,4.95,"Expensive",3,14.85,4,0
903,291,"2025-07-28","2025-07","BRW003","Beverage","PRD008","Chai Latte",1,4.95,"Expensive",2,9.90,2,0
897,288,"2025-07-11","2025-07","BRW002","Beverage","PRD008","Chai Latte",1,4.95,"Expensive",2,9.90,4,0
890,287,"2025-05-07","2025-05","BRW001","Beverage","PRD008","Chai Latte",1,4.95,"Expensive",2,9.90,3,0
838,272,"2025-06-08","2025-06","BRW003","Beverage","PRD008","Chai Latte",1,4.95,"Expensive",1,4.95,5,0
810,264,"2025-11-22","2025-11","BRW002","Beverage","PRD008","Chai Latte",1,4.95,"Expensive",2,9.90,5,0
809,263,"2025-05-12","2025-05","BRW002","Beverage","PRD008","Chai Latte",1,4.95,"Expensive",1,4.95,4,0
801,260,"2025-01-03","2025-01","BRW002","Beverage","PRD008","Chai Latte",1,4.95,"Expensive",2,9.90,5,0
707,230,"2025-03-28","2025-03","BRW002","Beverage","PRD008","Chai Latte",1,4.95,"Expensive",1,4.95,2,0
683,221,"2025-11-16","2025-11","BRW002","Beverage","PRD008","Chai Latte",1,4.95,"Expensive",2,9.90,4,0
668,216,"2025-01-19","2025-01","BRW003","Beverage","PRD008","Chai Latte",1,4.95,"Expensive",2,9.90,3,0
651,212,"2025-06-27","2025-06","BRW003","Beverage","PRD008","Chai Latte",1,4.95,"Expensive",3,14.85,4,0
648,211,"2025-10-22","2025-10","BRW003","Beverage","PRD008","Chai Latte",1,4.95,"Expensive",3,14.85,3,0
586,191,"2026-01-27","2026-01","BRW002","Beverage","PRD008","Chai Latte",1,4.95,"Expensive",3,14.85,4,0
569,186,"2025-11-13","2025-11","BRW003","Beverage","PRD008","Chai Latte",1,4.95,"Expensive",1,4.95,5,0
519,171,"2025-02-14","2025-02","BRW003","Beverage","PRD008","Chai Latte",1,4.95,"Expensive",2,9.90,2,0
500,167,"2025-04-28","2025-04","BRW001","Beverage","PRD008","Chai Latte",1,4.95,"Expensive",3,14.85,5,0
472,159,"2025-08-21","2025-08","BRW001","Beverage","PRD008","Chai Latte",1,4.95,"Expensive",2,9.90,2,0
469,156,"2025-09-04","2025-09","BRW003","Beverage","PRD008","Chai Latte",1,4.95,"Expensive",1,4.95,5,0
386,129,"2025-08-18","2025-08","BRW002","Beverage","PRD008","Chai Latte",1,4.95,"Expensive",1,4.95,5,0
377,126,"2025-11-07","2025-11","BRW003","Beverage","PRD008","Chai Latte",1,4.95,"Expensive",2,9.90,1,1
372,124,"2025-09-23","2025-09","BRW001","Beverage","PRD008","Chai Latte",1,4.95,"Expensive",3,14.85,4,0
356,119,"2025-03-29","2025-03","BRW003","Beverage","PRD008","Chai Latte",1,4.95,"Expensive",2,9.90,2,0
325,108,"2025-02-13","2025-02","BRW003","Beverage","PRD008","Chai Latte",1,4.95,"Expensive",1,4.95,3,0
300,101,"2025-05-21","2025-05","BRW002","Beverage","PRD008","Chai Latte",1,4.95,"Expensive",3,14.85,3,0
292,98,"2025-09-25","2025-09","BRW002","Beverage","PRD008","Chai Latte",1,4.95,"Expensive",2,9.90,3,0
282,96,"2025-10-19","2025-10","BRW001","Beverage","PRD008","Chai Latte",1,4.95,"Expensive",2,9.90,4,0
279,95,"2025-03-29","2025-03","BRW001","Beverage","PRD008","Chai Latte",1,4.95,"Expensive",3,14.85,4,0
238,78,"2025-07-05","2025-07","BRW002","Beverage","PRD008","Chai Latte",1,4.95,"Expensive",3,14.85,5,0
217,73,"2025-06-16","2025-06","BRW001","Beverage","PRD008","Chai Latte",1,4.95,"Expensive",1,4.95,4,0
190,64,"2025-04-21","2025-04","BRW002","Beverage","PRD008","Chai Latte",1,4.95,"Expensive",1,4.95,3,0
171,58,"2025-09-22","2025-09","BRW001","Beverage","PRD008","Chai Latte",1,4.95,"Expensive",2,9.90,2,0
155,52,"2025-04-13","2025-04","BRW001","Beverage","PRD008","Chai Latte",1,4.95,"Expensive",1,4.95,5,0
142,48,"2025-03-15","2025-03","BRW003","Beverage","PRD008","Chai Latte",1,4.95,"Expensive",2,9.90,5,0
134,46,"2025-12-05","2025-12","BRW003","Beverage","PRD008","Chai Latte",1,4.95,"Expensive",1,4.95,5,0
106,35,"2025-08-02","2025-08","BRW003","Beverage","PRD008","Chai Latte",1,4.95,"Expensive",1,4.95,3,0
90,30,"2025-05-20","2025-05","BRW001","Beverage","PRD008","Chai Latte",1,4.95,"Expensive",1,4.95,1,1
66,23,"2025-09-25","2025-09","BRW002","Beverage","PRD008","Chai Latte",1,4.95,"Expensive",2,9.90,5,0
32,11,"2025-10-28","2025-10","BRW001","Beverage","PRD008","Chai Latte",1,4.95,"Expensive",3,14.85,5,0
3613,1187,"2026-01-22","2026-01","BRW002","Beverage","PRD009","Hot Chocolate",1,3.95,"Cheap",2,7.90,4,0
3609,1186,"2025-04-20","2025-04","BRW001","Beverage","PRD009","Hot Chocolate",1,3.95,"Cheap",3,11.85,2,0
3607,1185,"2025-12-30","2025-12","BRW002","Beverage","PRD009","Hot Chocolate",1,3.95,"Cheap",1,3.95,3,0
3605,1185,"2025-12-30","2025-12","BRW002","Beverage","PRD009","Hot Chocolate",1,3.95,"Cheap",3,11.85,3,0
3580,1177,"2025-11-30","2025-11","BRW003","Beverage","PRD009","Hot Chocolate",1,3.95,"Cheap",1,3.95,1,1
3543,1165,"2025-02-24","2025-02","BRW003","Beverage","PRD009","Hot Chocolate",1,3.95,"Cheap",2,7.90,4,0
3514,1156,"2025-01-19","2025-01","BRW003","Beverage","PRD009","Hot Chocolate",1,3.95,"Cheap",3,11.85,4,0
3428,1130,"2025-02-06","2025-02","BRW003","Beverage","PRD009","Hot Chocolate",1,3.95,"Cheap",1,3.95,1,1
3424,1129,"2025-09-26","2025-09","BRW002","Beverage","PRD009","Hot Chocolate",1,3.95,"Cheap",1,3.95,5,0
3421,1128,"2025-07-22","2025-07","BRW002","Beverage","PRD009","Hot Chocolate",1,3.95,"Cheap",2,7.90,5,0
3392,1121,"2025-12-28","2025-12","BRW002","Beverage","PRD009","Hot Chocolate",1,3.95,"Cheap",3,11.85,5,0
3368,1113,"2025-05-28","2025-05","BRW001","Beverage","PRD009","Hot Chocolate",1,3.95,"Cheap",1,3.95,5,0
3355,1110,"2026-01-02","2026-01","BRW003","Beverage","PRD009","Hot Chocolate",1,3.95,"Cheap",1,3.95,4,0
3350,1109,"2025-04-11","2025-04","BRW002","Beverage","PRD009","Hot Chocolate",1,3.95,"Cheap",2,7.90,4,0
3286,1087,"2025-07-19","2025-07","BRW002","Beverage","PRD009","Hot Chocolate",1,3.95,"Cheap",1,3.95,5,0
3266,1082,"2025-01-12","2025-01","BRW001","Beverage","PRD009","Hot Chocolate",1,3.95,"Cheap",2,7.90,5,0
3260,1079,"2025-11-27","2025-11","BRW003","Beverage","PRD009","Hot Chocolate",1,3.95,"Cheap",1,3.95,4,0
3259,1079,"2025-11-27","2025-11","BRW003","Beverage","PRD009","Hot Chocolate",1,3.95,"Cheap",1,3.95,4,0
3214,1068,"2025-12-03","2025-12","BRW003","Beverage","PRD009","Hot Chocolate",1,3.95,"Cheap",3,11.85,4,0
3160,1053,"2025-01-25","2025-01","BRW001","Beverage","PRD009","Hot Chocolate",1,3.95,"Cheap",1,3.95,4,0
3055,1013,"2025-01-19","2025-01","BRW003","Beverage","PRD009","Hot Chocolate",1,3.95,"Cheap",3,11.85,3,0
2975,985,"2025-03-14","2025-03","BRW003","Beverage","PRD009","Hot Chocolate",1,3.95,"Cheap",3,11.85,5,0
2895,956,"2025-09-09","2025-09","BRW001","Beverage","PRD009","Hot Chocolate",1,3.95,"Cheap",1,3.95,4,0
2791,925,"2025-02-14","2025-02","BRW002","Beverage","PRD009","Hot Chocolate",1,3.95,"Cheap",3,11.85,3,0
2774,917,"2025-09-18","2025-09","BRW002","Beverage","PRD009","Hot Chocolate",1,3.95,"Cheap",1,3.95,5,0
2732,902,"2025-01-05","2025-01","BRW003","Beverage","PRD009","Hot Chocolate",1,3.95,"Cheap",2,7.90,3,0
2717,896,"2026-01-07","2026-01","BRW001","Beverage","PRD009","Hot Chocolate",1,3.95,"Cheap",1,3.95,4,0
2690,887,"2025-06-11","2025-06","BRW003","Beverage","PRD009","Hot Chocolate",1,3.95,"Cheap",2,7.90,3,0
2671,879,"2025-12-06","2025-12","BRW003","Beverage","PRD009","Hot Chocolate",1,3.95,"Cheap",2,7.90,3,0
2627,867,"2025-07-04","2025-07","BRW001","Beverage","PRD009","Hot Chocolate",1,3.95,"Cheap",3,11.85,4,0
2550,841,"2025-07-22","2025-07","BRW003","Beverage","PRD009","Hot Chocolate",1,3.95,"Cheap",1,3.95,2,0
2527,833,"2026-01-20","2026-01","BRW002","Beverage","PRD009","Hot Chocolate",1,3.95,"Cheap",2,7.90,1,1
2495,823,"2026-01-28","2026-01","BRW002","Beverage","PRD009","Hot Chocolate",1,3.95,"Cheap",3,11.85,4,0
2493,822,"2025-12-09","2025-12","BRW001","Beverage","PRD009","Hot Chocolate",1,3.95,"Cheap",3,11.85,3,0
2485,820,"2025-05-20","2025-05","BRW002","Beverage","PRD009","Hot Chocolate",1,3.95,"Cheap",3,11.85,4,0
2477,819,"2025-03-13","2025-03","BRW001","Beverage","PRD009","Hot Chocolate",1,3.95,"Cheap",1,3.95,5,0
2456,811,"2025-12-17","2025-12","BRW003","Beverage","PRD009","Hot Chocolate",1,3.95,"Cheap",3,11.85,2,0
2446,808,"2025-02-15","2025-02","BRW003","Beverage","PRD009","Hot Chocolate",1,3.95,"Cheap",1,3.95,5,0
2367,780,"2025-05-01","2025-05","BRW002","Beverage","PRD009","Hot Chocolate",1,3.95,"Cheap",3,11.85,5,0
2316,765,"2025-09-16","2025-09","BRW002","Beverage","PRD009","Hot Chocolate",1,3.95,"Cheap",3,11.85,5,0
2301,760,"2026-01-15","2026-01","BRW003","Beverage","PRD009","Hot Chocolate",1,3.95,"Cheap",3,11.85,4,0
2278,753,"2025-07-18","2025-07","BRW003","Beverage","PRD009","Hot Chocolate",1,3.95,"Cheap",1,3.95,4,0
2277,753,"2025-07-18","2025-07","BRW003","Beverage","PRD009","Hot Chocolate",1,3.95,"Cheap",2,7.90,4,0
2266,748,"2025-09-21","2025-09","BRW001","Beverage","PRD009","Hot Chocolate",1,3.95,"Cheap",1,3.95,2,0
2264,747,"2025-01-07","2025-01","BRW001","Beverage","PRD009","Hot Chocolate",1,3.95,"Cheap",3,11.85,2,0
2247,743,"2025-06-28","2025-06","BRW002","Beverage","PRD009","Hot Chocolate",1,3.95,"Cheap",3,11.85,2,0
2204,726,"2025-08-20","2025-08","BRW002","Beverage","PRD009","Hot Chocolate",1,3.95,"Cheap",1,3.95,3,0
2196,723,"2025-07-15","2025-07","BRW001","Beverage","PRD009","Hot Chocolate",1,3.95,"Cheap",2,7.90,5,0
2163,710,"2025-02-16","2025-02","BRW003","Beverage","PRD009","Hot Chocolate",1,3.95,"Cheap",3,11.85,3,0
2144,703,"2025-06-09","2025-06","BRW003","Beverage","PRD009","Hot Chocolate",1,3.95,"Cheap",1,3.95,4,0
2137,702,"2025-12-27","2025-12","BRW003","Beverage","PRD009","Hot Chocolate",1,3.95,"Cheap",1,3.95,4,0
2060,675,"2025-11-14","2025-11","BRW002","Beverage","PRD009","Hot Chocolate",1,3.95,"Cheap",2,7.90,5,0
2024,667,"2025-10-24","2025-10","BRW002","Beverage","PRD009","Hot Chocolate",1,3.95,"Cheap",1,3.95,5,0
1975,647,"2025-05-13","2025-05","BRW003","Beverage","PRD009","Hot Chocolate",1,3.95,"Cheap",3,11.85,4,0
1974,647,"2025-05-13","2025-05","BRW003","Beverage","PRD009","Hot Chocolate",1,3.95,"Cheap",3,11.85,4,0
1971,646,"2025-08-25","2025-08","BRW001","Beverage","PRD009","Hot Chocolate",1,3.95,"Cheap",1,3.95,2,0
1893,622,"2025-12-17","2025-12","BRW002","Beverage","PRD009","Hot Chocolate",1,3.95,"Cheap",3,11.85,2,0
1856,610,"2025-08-20","2025-08","BRW003","Beverage","PRD009","Hot Chocolate",1,3.95,"Cheap",3,11.85,1,1
1845,607,"2025-04-20","2025-04","BRW002","Beverage","PRD009","Hot Chocolate",1,3.95,"Cheap",3,11.85,2,0
1836,602,"2026-01-14","2026-01","BRW001","Beverage","PRD009","Hot Chocolate",1,3.95,"Cheap",3,11.85,1,1
1808,594,"2025-12-21","2025-12","BRW002","Beverage","PRD009","Hot Chocolate",1,3.95,"Cheap",1,3.95,4,0
1801,592,"2026-01-04","2026-01","BRW003","Beverage","PRD009","Hot Chocolate",1,3.95,"Cheap",1,3.95,5,0
1793,590,"2025-07-11","2025-07","BRW003","Beverage","PRD009","Hot Chocolate",1,3.95,"Cheap",1,3.95,4,0
1775,583,"2025-12-10","2025-12","BRW001","Beverage","PRD009","Hot Chocolate",1,3.95,"Cheap",2,7.90,1,1
1760,579,"2025-12-12","2025-12","BRW001","Beverage","PRD009","Hot Chocolate",1,3.95,"Cheap",3,11.85,3,0
1757,577,"2025-06-13","2025-06","BRW002","Beverage","PRD009","Hot Chocolate",1,3.95,"Cheap",1,3.95,3,0
1725,569,"2025-01-06","2025-01","BRW003","Beverage","PRD009","Hot Chocolate",1,3.95,"Cheap",1,3.95,4,0
1722,568,"2025-03-27","2025-03","BRW003","Beverage","PRD009","Hot Chocolate",1,3.95,"Cheap",1,3.95,1,1
1714,566,"2025-06-04","2025-06","BRW003","Beverage","PRD009","Hot Chocolate",1,3.95,"Cheap",2,7.90,4,0
1671,550,"2025-05-05","2025-05","BRW001","Beverage","PRD009","Hot Chocolate",1,3.95,"Cheap",2,7.90,4,0
1634,540,"2026-01-14","2026-01","BRW001","Beverage","PRD009","Hot Chocolate",1,3.95,"Cheap",1,3.95,3,0
1599,528,"2025-12-21","2025-12","BRW001","Beverage","PRD009","Hot Chocolate",1,3.95,"Cheap",2,7.90,3,0
1596,527,"2026-01-24","2026-01","BRW002","Beverage","PRD009","Hot Chocolate",1,3.95,"Cheap",2,7.90,1,1
1535,507,"2025-06-19","2025-06","BRW002","Beverage","PRD009","Hot Chocolate",1,3.95,"Cheap",3,11.85,2,0
1506,497,"2025-03-22","2025-03","BRW003","Beverage","PRD009","Hot Chocolate",1,3.95,"Cheap",2,7.90,2,0
1500,493,"2025-05-04","2025-05","BRW003","Beverage","PRD009","Hot Chocolate",1,3.95,"Cheap",2,7.90,4,0
1479,487,"2025-09-17","2025-09","BRW002","Beverage","PRD009","Hot Chocolate",1,3.95,"Cheap",1,3.95,5,0
1470,485,"2026-01-08","2026-01","BRW001","Beverage","PRD009","Hot Chocolate",1,3.95,"Cheap",3,11.85,3,0
1469,484,"2025-05-13","2025-05","BRW001","Beverage","PRD009","Hot Chocolate",1,3.95,"Cheap",1,3.95,1,1
1458,481,"2025-03-23","2025-03","BRW001","Beverage","PRD009","Hot Chocolate",1,3.95,"Cheap",3,11.85,3,0
1425,470,"2025-01-30","2025-01","BRW003","Beverage","PRD009","Hot Chocolate",1,3.95,"Cheap",2,7.90,1,1
1399,462,"2025-01-05","2025-01","BRW003","Beverage","PRD009","Hot Chocolate",1,3.95,"Cheap",2,7.90,5,0
1382,457,"2025-04-13","2025-04","BRW001","Beverage","PRD009","Hot Chocolate",1,3.95,"Cheap",2,7.90,2,0
1364,450,"2025-10-06","2025-10","BRW002","Beverage","PRD009","Hot Chocolate",1,3.95,"Cheap",2,7.90,3,0
1346,441,"2025-08-26","2025-08","BRW003","Beverage","PRD009","Hot Chocolate",1,3.95,"Cheap",2,7.90,2,0
1343,440,"2025-06-24","2025-06","BRW001","Beverage","PRD009","Hot Chocolate",1,3.95,"Cheap",1,3.95,2,0
1225,395,"2025-08-30","2025-08","BRW002","Beverage","PRD009","Hot Chocolate",1,3.95,"Cheap",2,7.90,5,0
1175,381,"2026-01-11","2026-01","BRW003","Beverage","PRD009","Hot Chocolate",1,3.95,"Cheap",2,7.90,5,0
1135,369,"2025-05-15","2025-05","BRW002","Beverage","PRD009","Hot Chocolate",1,3.95,"Cheap",3,11.85,5,0
1108,360,"2025-12-26","2025-12","BRW003","Beverage","PRD009","Hot Chocolate",1,3.95,"Cheap",2,7.90,2,0
1077,348,"2025-10-14","2025-10","BRW002","Beverage","PRD009","Hot Chocolate",1,3.95,"Cheap",2,7.90,1,1
1040,333,"2025-05-30","2025-05","BRW001","Beverage","PRD009","Hot Chocolate",1,3.95,"Cheap",1,3.95,4,0
1030,330,"2025-04-21","2025-04","BRW003","Beverage","PRD009","Hot Chocolate",1,3.95,"Cheap",1,3.95,2,0
966,311,"2025-01-30","2025-01","BRW002","Beverage","PRD009","Hot Chocolate",1,3.95,"Cheap",2,7.90,5,0
947,305,"2025-12-02","2025-12","BRW002","Beverage","PRD009","Hot Chocolate",1,3.95,"Cheap",3,11.85,4,0
938,303,"2025-08-27","2025-08","BRW003","Beverage","PRD009","Hot Chocolate",1,3.95,"Cheap",1,3.95,5,0
931,300,"2026-01-20","2026-01","BRW002","Beverage","PRD009","Hot Chocolate",1,3.95,"Cheap",2,7.90,4,0
873,282,"2025-10-10","2025-10","BRW001","Beverage","PRD009","Hot Chocolate",1,3.95,"Cheap",2,7.90,4,0
842,273,"2025-03-23","2025-03","BRW002","Beverage","PRD009","Hot Chocolate",1,3.95,"Cheap",3,11.85,3,0
839,272,"2025-06-08","2025-06","BRW003","Beverage","PRD009","Hot Chocolate",1,3.95,"Cheap",3,11.85,5,0
827,268,"2025-03-16","2025-03","BRW002","Beverage","PRD009","Hot Chocolate",1,3.95,"Cheap",2,7.90,5,0
821,267,"2025-12-02","2025-12","BRW003","Beverage","PRD009","Hot Chocolate",1,3.95,"Cheap",1,3.95,5,0
803,261,"2025-02-14","2025-02","BRW001","Beverage","PRD009","Hot Chocolate",1,3.95,"Cheap",3,11.85,2,0
800,260,"2025-01-03","2025-01","BRW002","Beverage","PRD009","Hot Chocolate",1,3.95,"Cheap",1,3.95,5,0
765,248,"2025-12-12","2025-12","BRW001","Beverage","PRD009","Hot Chocolate",1,3.95,"Cheap",1,3.95,2,0
752,243,"2026-01-08","2026-01","BRW001","Beverage","PRD009","Hot Chocolate",1,3.95,"Cheap",3,11.85,3,0
743,240,"2025-08-18","2025-08","BRW003","Beverage","PRD009","Hot Chocolate",1,3.95,"Cheap",2,7.90,3,0
670,217,"2025-11-24","2025-11","BRW001","Beverage","PRD009","Hot Chocolate",1,3.95,"Cheap",2,7.90,3,0
617,201,"2025-07-14","2025-07","BRW002","Beverage","PRD009","Hot Chocolate",1,3.95,"Cheap",2,7.90,4,0
589,191,"2026-01-27","2026-01","BRW002","Beverage","PRD009","Hot Chocolate",1,3.95,"Cheap",3,11.85,4,0
564,185,"2025-10-28","2025-10","BRW003","Beverage","PRD009","Hot Chocolate",1,3.95,"Cheap",2,7.90,4,0
563,185,"2025-10-28","2025-10","BRW003","Beverage","PRD009","Hot Chocolate",1,3.95,"Cheap",1,3.95,4,0
559,183,"2025-01-03","2025-01","BRW001","Beverage","PRD009","Hot Chocolate",1,3.95,"Cheap",1,3.95,4,0
490,164,"2025-04-23","2025-04","BRW003","Beverage","PRD009","Hot Chocolate",1,3.95,"Cheap",2,7.90,4,0
442,147,"2025-12-20","2025-12","BRW003","Beverage","PRD009","Hot Chocolate",1,3.95,"Cheap",1,3.95,3,0
441,147,"2025-12-20","2025-12","BRW003","Beverage","PRD009","Hot Chocolate",1,3.95,"Cheap",1,3.95,3,0
438,146,"2025-09-05","2025-09","BRW001","Beverage","PRD009","Hot Chocolate",1,3.95,"Cheap",1,3.95,3,0
417,138,"2026-01-13","2026-01","BRW003","Beverage","PRD009","Hot Chocolate",1,3.95,"Cheap",3,11.85,4,0
382,129,"2025-08-18","2025-08","BRW002","Beverage","PRD009","Hot Chocolate",1,3.95,"Cheap",3,11.85,5,0
363,122,"2025-06-05","2025-06","BRW002","Beverage","PRD009","Hot Chocolate",1,3.95,"Cheap",1,3.95,5,0
360,120,"2025-04-26","2025-04","BRW003","Beverage","PRD009","Hot Chocolate",1,3.95,"Cheap",2,7.90,3,0
352,117,"2026-01-28","2026-01","BRW001","Beverage","PRD009","Hot Chocolate",1,3.95,"Cheap",2,7.90,1,1
263,90,"2026-01-13","2026-01","BRW003","Beverage","PRD009","Hot Chocolate",1,3.95,"Cheap",3,11.85,4,0
227,75,"2025-07-17","2025-07","BRW003","Beverage","PRD009","Hot Chocolate",1,3.95,"Cheap",3,11.85,4,0
226,75,"2025-07-17","2025-07","BRW003","Beverage","PRD009","Hot Chocolate",1,3.95,"Cheap",1,3.95,4,0
212,72,"2025-10-20","2025-10","BRW003","Beverage","PRD009","Hot Chocolate",1,3.95,"Cheap",1,3.95,3,0
201,67,"2025-01-25","2025-01","BRW002","Beverage","PRD009","Hot Chocolate",1,3.95,"Cheap",2,7.90,4,0
144,48,"2025-03-15","2025-03","BRW003","Beverage","PRD009","Hot Chocolate",1,3.95,"Cheap",3,11.85,5,0
117,39,"2025-08-09","2025-08","BRW002","Beverage","PRD009","Hot Chocolate",1,3.95,"Cheap",2,7.90,3,0
92,31,"2025-07-28","2025-07","BRW003","Beverage","PRD009","Hot Chocolate",1,3.95,"Cheap",3,11.85,4,0
40,14,"2025-03-05","2025-03","BRW001","Beverage","PRD009","Hot Chocolate",1,3.95,"Cheap",2,7.90,3,0
10,4,"2026-01-11","2026-01","BRW003","Beverage","PRD009","Hot Chocolate",1,3.95,"Cheap",1,3.95,5,0
3641,1198,"2025-09-30","2025-09","BRW001","Beverage","PRD010","Iced Tea",1,3.45,"Cheap",3,10.35,5,0
3591,1180,"2025-11-28","2025-11","BRW002","Beverage","PRD010","Iced Tea",1,3.45,"Cheap",1,3.45,3,0
3576,1176,"2025-04-27","2025-04","BRW003","Beverage","PRD010","Iced Tea",1,3.45,"Cheap",3,10.35,4,0
3555,1169,"2025-09-23","2025-09","BRW001","Beverage","PRD010","Iced Tea",1,3.45,"Cheap",2,6.90,4,0
3540,1164,"2025-04-23","2025-04","BRW001","Beverage","PRD010","Iced Tea",1,3.45,"Cheap",1,3.45,3,0
3511,1155,"2025-07-21","2025-07","BRW001","Beverage","PRD010","Iced Tea",1,3.45,"Cheap",3,10.35,2,0
3403,1124,"2025-11-18","2025-11","BRW002","Beverage","PRD010","Iced Tea",1,3.45,"Cheap",3,10.35,5,0
3372,1114,"2025-06-08","2025-06","BRW001","Beverage","PRD010","Iced Tea",1,3.45,"Cheap",3,10.35,4,0
3342,1105,"2025-04-17","2025-04","BRW002","Beverage","PRD010","Iced Tea",1,3.45,"Cheap",2,6.90,3,0
3338,1103,"2025-06-24","2025-06","BRW002","Beverage","PRD010","Iced Tea",1,3.45,"Cheap",1,3.45,4,0
3287,1088,"2025-07-12","2025-07","BRW001","Beverage","PRD010","Iced Tea",1,3.45,"Cheap",3,10.35,2,0
3284,1087,"2025-07-19","2025-07","BRW002","Beverage","PRD010","Iced Tea",1,3.45,"Cheap",1,3.45,5,0
3281,1086,"2026-01-22","2026-01","BRW002","Beverage","PRD010","Iced Tea",1,3.45,"Cheap",2,6.90,5,0
3237,1075,"2025-10-26","2025-10","BRW001","Beverage","PRD010","Iced Tea",1,3.45,"Cheap",1,3.45,4,0
3201,1065,"2025-11-26","2025-11","BRW002","Beverage","PRD010","Iced Tea",1,3.45,"Cheap",1,3.45,4,0
3131,1042,"2025-07-19","2025-07","BRW001","Beverage","PRD010","Iced Tea",1,3.45,"Cheap",1,3.45,4,0
3098,1030,"2025-08-03","2025-08","BRW001","Beverage","PRD010","Iced Tea",1,3.45,"Cheap",1,3.45,2,0
3084,1022,"2025-07-03","2025-07","BRW001","Beverage","PRD010","Iced Tea",1,3.45,"Cheap",3,10.35,1,1
3083,1022,"2025-07-03","2025-07","BRW001","Beverage","PRD010","Iced Tea",1,3.45,"Cheap",3,10.35,1,1
3036,1008,"2025-03-16","2025-03","BRW001","Beverage","PRD010","Iced Tea",1,3.45,"Cheap",1,3.45,3,0
3033,1007,"2025-07-22","2025-07","BRW002","Beverage","PRD010","Iced Tea",1,3.45,"Cheap",3,10.35,4,0
2973,985,"2025-03-14","2025-03","BRW003","Beverage","PRD010","Iced Tea",1,3.45,"Cheap",2,6.90,5,0
2967,983,"2025-06-09","2025-06","BRW001","Beverage","PRD010","Iced Tea",1,3.45,"Cheap",2,6.90,4,0
2966,983,"2025-06-09","2025-06","BRW001","Beverage","PRD010","Iced Tea",1,3.45,"Cheap",2,6.90,4,0
2935,969,"2025-10-14","2025-10","BRW001","Beverage","PRD010","Iced Tea",1,3.45,"Cheap",2,6.90,2,0
2925,966,"2025-01-20","2025-01","BRW001","Beverage","PRD010","Iced Tea",1,3.45,"Cheap",1,3.45,5,0
2911,962,"2025-10-24","2025-10","BRW001","Beverage","PRD010","Iced Tea",1,3.45,"Cheap",2,6.90,4,0
2824,936,"2025-12-30","2025-12","BRW002","Beverage","PRD010","Iced Tea",1,3.45,"Cheap",2,6.90,2,0
2811,932,"2025-07-02","2025-07","BRW001","Beverage","PRD010","Iced Tea",1,3.45,"Cheap",1,3.45,4,0
2799,928,"2025-05-16","2025-05","BRW001","Beverage","PRD010","Iced Tea",1,3.45,"Cheap",3,10.35,5,0
2759,913,"2025-05-10","2025-05","BRW003","Beverage","PRD010","Iced Tea",1,3.45,"Cheap",1,3.45,4,0
2746,906,"2025-09-07","2025-09","BRW002","Beverage","PRD010","Iced Tea",1,3.45,"Cheap",1,3.45,4,0
2544,839,"2025-02-01","2025-02","BRW003","Beverage","PRD010","Iced Tea",1,3.45,"Cheap",1,3.45,3,0
2515,828,"2025-07-31","2025-07","BRW003","Beverage","PRD010","Iced Tea",1,3.45,"Cheap",1,3.45,4,0
2481,819,"2025-03-13","2025-03","BRW001","Beverage","PRD010","Iced Tea",1,3.45,"Cheap",1,3.45,5,0
2424,801,"2025-12-17","2025-12","BRW003","Beverage","PRD010","Iced Tea",1,3.45,"Cheap",3,10.35,3,0
2419,799,"2025-11-04","2025-11","BRW001","Beverage","PRD010","Iced Tea",1,3.45,"Cheap",1,3.45,2,0
2408,794,"2025-06-14","2025-06","BRW003","Beverage","PRD010","Iced Tea",1,3.45,"Cheap",3,10.35,3,0
2355,778,"2025-11-23","2025-11","BRW002","Beverage","PRD010","Iced Tea",1,3.45,"Cheap",1,3.45,4,0
2276,752,"2025-10-30","2025-10","BRW003","Beverage","PRD010","Iced Tea",1,3.45,"Cheap",1,3.45,4,0
2243,740,"2025-08-01","2025-08","BRW001","Beverage","PRD010","Iced Tea",1,3.45,"Cheap",3,10.35,3,0
2216,730,"2025-12-26","2025-12","BRW001","Beverage","PRD010","Iced Tea",1,3.45,"Cheap",2,6.90,2,0
2182,718,"2025-07-16","2025-07","BRW001","Beverage","PRD010","Iced Tea",1,3.45,"Cheap",1,3.45,2,0
2141,703,"2025-06-09","2025-06","BRW003","Beverage","PRD010","Iced Tea",1,3.45,"Cheap",2,6.90,4,0
2120,696,"2025-09-09","2025-09","BRW003","Beverage","PRD010","Iced Tea",1,3.45,"Cheap",3,10.35,5,0
2091,686,"2025-06-26","2025-06","BRW002","Beverage","PRD010","Iced Tea",1,3.45,"Cheap",1,3.45,3,0
2043,671,"2025-08-18","2025-08","BRW003","Beverage","PRD010","Iced Tea",1,3.45,"Cheap",1,3.45,5,0
1988,652,"2025-11-17","2025-11","BRW002","Beverage","PRD010","Iced Tea",1,3.45,"Cheap",2,6.90,4,0
1985,651,"2025-11-11","2025-11","BRW002","Beverage","PRD010","Iced Tea",1,3.45,"Cheap",2,6.90,3,0
1973,647,"2025-05-13","2025-05","BRW003","Beverage","PRD010","Iced Tea",1,3.45,"Cheap",1,3.45,4,0
1946,640,"2025-06-24","2025-06","BRW003","Beverage","PRD010","Iced Tea",1,3.45,"Cheap",3,10.35,5,0
1844,606,"2025-09-25","2025-09","BRW003","Beverage","PRD010","Iced Tea",1,3.45,"Cheap",3,10.35,2,0
1758,578,"2025-08-26","2025-08","BRW002","Beverage","PRD010","Iced Tea",1,3.45,"Cheap",3,10.35,2,0
1738,572,"2025-11-02","2025-11","BRW003","Beverage","PRD010","Iced Tea",1,3.45,"Cheap",3,10.35,3,0
1710,565,"2025-10-17","2025-10","BRW003","Beverage","PRD010","Iced Tea",1,3.45,"Cheap",2,6.90,2,0
1680,553,"2025-05-06","2025-05","BRW003","Beverage","PRD010","Iced Tea",1,3.45,"Cheap",1,3.45,2,0
1615,534,"2025-12-20","2025-12","BRW003","Beverage","PRD010","Iced Tea",1,3.45,"Cheap",1,3.45,3,0
1598,528,"2025-12-21","2025-12","BRW001","Beverage","PRD010","Iced Tea",1,3.45,"Cheap",3,10.35,3,0
1566,519,"2025-11-13","2025-11","BRW003","Beverage","PRD010","Iced Tea",1,3.45,"Cheap",3,10.35,5,0
1564,518,"2025-08-04","2025-08","BRW001","Beverage","PRD010","Iced Tea",1,3.45,"Cheap",1,3.45,1,1
1492,490,"2025-07-25","2025-07","BRW001","Beverage","PRD010","Iced Tea",1,3.45,"Cheap",2,6.90,4,0
1433,472,"2025-08-02","2025-08","BRW002","Beverage","PRD010","Iced Tea",1,3.45,"Cheap",3,10.35,3,0
1386,459,"2025-05-11","2025-05","BRW003","Beverage","PRD010","Iced Tea",1,3.45,"Cheap",3,10.35,4,0
1380,456,"2025-07-19","2025-07","BRW003","Beverage","PRD010","Iced Tea",1,3.45,"Cheap",3,10.35,2,0
1365,450,"2025-10-06","2025-10","BRW002","Beverage","PRD010","Iced Tea",1,3.45,"Cheap",1,3.45,3,0
1350,444,"2025-05-05","2025-05","BRW003","Beverage","PRD010","Iced Tea",1,3.45,"Cheap",3,10.35,2,0
1269,410,"2025-08-03","2025-08","BRW001","Beverage","PRD010","Iced Tea",1,3.45,"Cheap",1,3.45,5,0
1261,408,"2025-11-26","2025-11","BRW001","Beverage","PRD010","Iced Tea",1,3.45,"Cheap",1,3.45,4,0
1256,406,"2025-03-31","2025-03","BRW001","Beverage","PRD010","Iced Tea",1,3.45,"Cheap",2,6.90,2,0
1228,396,"2025-05-19","2025-05","BRW003","Beverage","PRD010","Iced Tea",1,3.45,"Cheap",3,10.35,3,0
1192,386,"2025-03-14","2025-03","BRW002","Beverage","PRD010","Iced Tea",1,3.45,"Cheap",2,6.90,5,0
1139,369,"2025-05-15","2025-05","BRW002","Beverage","PRD010","Iced Tea",1,3.45,"Cheap",2,6.90,5,0
1123,365,"2025-11-24","2025-11","BRW003","Beverage","PRD010","Iced Tea",1,3.45,"Cheap",3,10.35,4,0
1117,364,"2025-07-30","2025-07","BRW001","Beverage","PRD010","Iced Tea",1,3.45,"Cheap",2,6.90,4,0
1106,359,"2026-01-14","2026-01","BRW003","Beverage","PRD010","Iced Tea",1,3.45,"Cheap",1,3.45,2,0
1090,353,"2025-12-14","2025-12","BRW002","Beverage","PRD010","Iced Tea",1,3.45,"Cheap",2,6.90,1,1
1070,344,"2026-01-10","2026-01","BRW001","Beverage","PRD010","Iced Tea",1,3.45,"Cheap",2,6.90,3,0
1047,336,"2025-10-17","2025-10","BRW002","Beverage","PRD010","Iced Tea",1,3.45,"Cheap",2,6.90,4,0
1024,328,"2025-07-25","2025-07","BRW002","Beverage","PRD010","Iced Tea",1,3.45,"Cheap",2,6.90,3,0
992,320,"2025-01-11","2025-01","BRW001","Beverage","PRD010","Iced Tea",1,3.45,"Cheap",1,3.45,1,1
985,318,"2025-03-27","2025-03","BRW003","Beverage","PRD010","Iced Tea",1,3.45,"Cheap",1,3.45,5,0
956,307,"2025-05-14","2025-05","BRW001","Beverage","PRD010","Iced Tea",1,3.45,"Cheap",2,6.90,5,0
942,303,"2025-08-27","2025-08","BRW003","Beverage","PRD010","Iced Tea",1,3.45,"Cheap",2,6.90,5,0
922,298,"2025-06-18","2025-06","BRW003","Beverage","PRD010","Iced Tea",1,3.45,"Cheap",1,3.45,3,0
894,288,"2025-07-11","2025-07","BRW002","Beverage","PRD010","Iced Tea",1,3.45,"Cheap",2,6.90,4,0
864,280,"2025-08-13","2025-08","BRW001","Beverage","PRD010","Iced Tea",1,3.45,"Cheap",1,3.45,3,0
815,265,"2026-01-18","2026-01","BRW003","Beverage","PRD010","Iced Tea",1,3.45,"Cheap",2,6.90,3,0
763,247,"2025-01-18","2025-01","BRW001","Beverage","PRD010","Iced Tea",1,3.45,"Cheap",1,3.45,4,0
727,235,"2026-01-18","2026-01","BRW003","Beverage","PRD010","Iced Tea",1,3.45,"Cheap",2,6.90,5,0
715,232,"2025-12-29","2025-12","BRW001","Beverage","PRD010","Iced Tea",1,3.45,"Cheap",1,3.45,5,0
686,222,"2025-09-27","2025-09","BRW003","Beverage","PRD010","Iced Tea",1,3.45,"Cheap",3,10.35,3,0
678,220,"2025-06-21","2025-06","BRW003","Beverage","PRD010","Iced Tea",1,3.45,"Cheap",2,6.90,3,0
609,199,"2025-08-20","2025-08","BRW003","Beverage","PRD010","Iced Tea",1,3.45,"Cheap",1,3.45,5,0
595,194,"2025-07-15","2025-07","BRW003","Beverage","PRD010","Iced Tea",1,3.45,"Cheap",2,6.90,3,0
590,192,"2025-03-05","2025-03","BRW003","Beverage","PRD010","Iced Tea",1,3.45,"Cheap",2,6.90,2,0
579,189,"2025-04-10","2025-04","BRW002","Beverage","PRD010","Iced Tea",1,3.45,"Cheap",3,10.35,4,0
474,160,"2025-09-12","2025-09","BRW001","Beverage","PRD010","Iced Tea",1,3.45,"Cheap",2,6.90,1,1
460,153,"2025-12-18","2025-12","BRW001","Beverage","PRD010","Iced Tea",1,3.45,"Cheap",3,10.35,5,0
402,135,"2025-04-29","2025-04","BRW003","Beverage","PRD010","Iced Tea",1,3.45,"Cheap",2,6.90,4,0
378,127,"2026-01-24","2026-01","BRW002","Beverage","PRD010","Iced Tea",1,3.45,"Cheap",3,10.35,3,0
366,122,"2025-06-05","2025-06","BRW002","Beverage","PRD010","Iced Tea",1,3.45,"Cheap",1,3.45,5,0
362,121,"2025-12-26","2025-12","BRW002","Beverage","PRD010","Iced Tea",1,3.45,"Cheap",3,10.35,2,0
355,118,"2025-03-29","2025-03","BRW001","Beverage","PRD010","Iced Tea",1,3.45,"Cheap",3,10.35,3,0
318,105,"2025-07-11","2025-07","BRW002","Beverage","PRD010","Iced Tea",1,3.45,"Cheap",3,10.35,5,0
296,100,"2025-01-16","2025-01","BRW003","Beverage","PRD010","Iced Tea",1,3.45,"Cheap",3,10.35,3,0
283,96,"2025-10-19","2025-10","BRW001","Beverage","PRD010","Iced Tea",1,3.45,"Cheap",2,6.90,4,0
249,83,"2025-12-18","2025-12","BRW003","Beverage","PRD010","Iced Tea",1,3.45,"Cheap",3,10.35,1,1
229,76,"2025-07-25","2025-07","BRW002","Beverage","PRD010","Iced Tea",1,3.45,"Cheap",2,6.90,1,1
198,66,"2025-12-05","2025-12","BRW002","Beverage","PRD010","Iced Tea",1,3.45,"Cheap",1,3.45,1,1
197,66,"2025-12-05","2025-12","BRW002","Beverage","PRD010","Iced Tea",1,3.45,"Cheap",1,3.45,1,1
184,62,"2025-05-13","2025-05","BRW001","Beverage","PRD010","Iced Tea",1,3.45,"Cheap",1,3.45,4,0
165,56,"2026-01-04","2026-01","BRW003","Beverage","PRD010","Iced Tea",1,3.45,"Cheap",3,10.35,2,0
87,28,"2025-05-02","2025-05","BRW001","Beverage","PRD010","Iced Tea",1,3.45,"Cheap",2,6.90,3,0
60,22,"2025-08-27","2025-08","BRW002","Beverage","PRD010","Iced Tea",1,3.45,"Cheap",1,3.45,4,0
55,20,"2025-08-12","2025-08","BRW002","Beverage","PRD010","Iced Tea",1,3.45,"Cheap",1,3.45,3,0
3604,1184,"2025-08-02","2025-08","BRW002","Food","PRD011","Croissant",1,3.50,"Cheap",1,3.50,4,0
3578,1176,"2025-04-27","2025-04","BRW003","Food","PRD011","Croissant",1,3.50,"Cheap",1,3.50,4,0
3523,1159,"2025-10-11","2025-10","BRW002","Food","PRD011","Croissant",1,3.50,"Cheap",3,10.50,4,0
3460,1140,"2025-10-20","2025-10","BRW001","Food","PRD011","Croissant",1,3.50,"Cheap",3,10.50,4,0
3435,1133,"2025-09-20","2025-09","BRW002","Food","PRD011","Croissant",1,3.50,"Cheap",1,3.50,1,1
3380,1116,"2025-08-14","2025-08","BRW001","Food","PRD011","Croissant",1,3.50,"Cheap",1,3.50,3,0
3333,1101,"2025-10-19","2025-10","BRW003","Food","PRD011","Croissant",1,3.50,"Cheap",2,7.00,4,0
3294,1091,"2025-03-31","2025-03","BRW001","Food","PRD011","Croissant",1,3.50,"Cheap",3,10.50,5,0
3235,1073,"2025-06-17","2025-06","BRW003","Food","PRD011","Croissant",1,3.50,"Cheap",2,7.00,1,1
3230,1071,"2025-07-09","2025-07","BRW001","Food","PRD011","Croissant",1,3.50,"Cheap",3,10.50,5,0
3222,1070,"2025-01-24","2025-01","BRW002","Food","PRD011","Croissant",1,3.50,"Cheap",1,3.50,5,0
3103,1032,"2025-12-23","2025-12","BRW002","Food","PRD011","Croissant",1,3.50,"Cheap",2,7.00,3,0
3100,1031,"2025-08-20","2025-08","BRW003","Food","PRD011","Croissant",1,3.50,"Cheap",2,7.00,3,0
3094,1028,"2025-10-23","2025-10","BRW003","Food","PRD011","Croissant",1,3.50,"Cheap",3,10.50,2,0
3078,1020,"2025-09-27","2025-09","BRW002","Food","PRD011","Croissant",1,3.50,"Cheap",3,10.50,5,0
3049,1011,"2025-11-10","2025-11","BRW001","Food","PRD011","Croissant",1,3.50,"Cheap",1,3.50,5,0
3031,1007,"2025-07-22","2025-07","BRW002","Food","PRD011","Croissant",1,3.50,"Cheap",3,10.50,4,0
3001,993,"2025-01-09","2025-01","BRW002","Food","PRD011","Croissant",1,3.50,"Cheap",1,3.50,3,0
2916,964,"2025-04-30","2025-04","BRW001","Food","PRD011","Croissant",1,3.50,"Cheap",1,3.50,5,0
2903,959,"2025-01-10","2025-01","BRW003","Food","PRD011","Croissant",1,3.50,"Cheap",3,10.50,4,0
2836,940,"2025-11-05","2025-11","BRW003","Food","PRD011","Croissant",1,3.50,"Cheap",3,10.50,4,0
2823,935,"2025-06-12","2025-06","BRW003","Food","PRD011","Croissant",1,3.50,"Cheap",3,10.50,4,0
2770,916,"2025-08-10","2025-08","BRW002","Food","PRD011","Croissant",1,3.50,"Cheap",1,3.50,5,0
2757,912,"2025-09-01","2025-09","BRW002","Food","PRD011","Croissant",1,3.50,"Cheap",2,7.00,1,1
2735,903,"2025-07-25","2025-07","BRW001","Food","PRD011","Croissant",1,3.50,"Cheap",1,3.50,3,0
2691,887,"2025-06-11","2025-06","BRW003","Food","PRD011","Croissant",1,3.50,"Cheap",1,3.50,3,0
2668,878,"2025-08-18","2025-08","BRW003","Food","PRD011","Croissant",1,3.50,"Cheap",1,3.50,2,0
2649,872,"2025-08-03","2025-08","BRW002","Food","PRD011","Croissant",1,3.50,"Cheap",1,3.50,5,0
2647,871,"2025-02-23","2025-02","BRW002","Food","PRD011","Croissant",1,3.50,"Cheap",1,3.50,4,0
2617,863,"2025-04-05","2025-04","BRW002","Food","PRD011","Croissant",1,3.50,"Cheap",1,3.50,3,0
2546,839,"2025-02-01","2025-02","BRW003","Food","PRD011","Croissant",1,3.50,"Cheap",3,10.50,3,0
2508,826,"2025-06-26","2025-06","BRW003","Food","PRD011","Croissant",1,3.50,"Cheap",1,3.50,3,0
2361,779,"2025-07-30","2025-07","BRW001","Food","PRD011","Croissant",1,3.50,"Cheap",2,7.00,4,0
2342,772,"2025-10-01","2025-10","BRW001","Food","PRD011","Croissant",1,3.50,"Cheap",2,7.00,3,0
2340,772,"2025-10-01","2025-10","BRW001","Food","PRD011","Croissant",1,3.50,"Cheap",3,10.50,3,0
2315,764,"2025-08-03","2025-08","BRW003","Food","PRD011","Croissant",1,3.50,"Cheap",3,10.50,3,0
2299,758,"2025-10-03","2025-10","BRW002","Food","PRD011","Croissant",1,3.50,"Cheap",1,3.50,4,0
2295,757,"2025-03-25","2025-03","BRW003","Food","PRD011","Croissant",1,3.50,"Cheap",1,3.50,3,0
2288,755,"2025-04-11","2025-04","BRW001","Food","PRD011","Croissant",1,3.50,"Cheap",3,10.50,2,0
2283,754,"2025-03-08","2025-03","BRW003","Food","PRD011","Croissant",1,3.50,"Cheap",3,10.50,4,0
2250,744,"2025-07-17","2025-07","BRW001","Food","PRD011","Croissant",1,3.50,"Cheap",2,7.00,4,0
2230,736,"2025-12-10","2025-12","BRW003","Food","PRD011","Croissant",1,3.50,"Cheap",2,7.00,3,0
2228,735,"2025-12-22","2025-12","BRW003","Food","PRD011","Croissant",1,3.50,"Cheap",2,7.00,4,0
2180,717,"2025-11-14","2025-11","BRW002","Food","PRD011","Croissant",1,3.50,"Cheap",1,3.50,1,1
2133,700,"2025-12-17","2025-12","BRW003","Food","PRD011","Croissant",1,3.50,"Cheap",2,7.00,2,0
2108,693,"2025-08-29","2025-08","BRW003","Food","PRD011","Croissant",1,3.50,"Cheap",2,7.00,4,0
2036,669,"2025-02-11","2025-02","BRW001","Food","PRD011","Croissant",1,3.50,"Cheap",3,10.50,3,0
1923,633,"2025-08-24","2025-08","BRW001","Food","PRD011","Croissant",1,3.50,"Cheap",3,10.50,2,0
1922,633,"2025-08-24","2025-08","BRW001","Food","PRD011","Croissant",1,3.50,"Cheap",1,3.50,2,0
1888,621,"2025-05-06","2025-05","BRW001","Food","PRD011","Croissant",1,3.50,"Cheap",3,10.50,4,0
1855,609,"2025-03-16","2025-03","BRW002","Food","PRD011","Croissant",1,3.50,"Cheap",1,3.50,4,0
1851,609,"2025-03-16","2025-03","BRW002","Food","PRD011","Croissant",1,3.50,"Cheap",2,7.00,4,0
1744,574,"2025-08-26","2025-08","BRW001","Food","PRD011","Croissant",1,3.50,"Cheap",2,7.00,5,0
1661,546,"2026-01-08","2026-01","BRW003","Food","PRD011","Croissant",1,3.50,"Cheap",1,3.50,5,0
1604,530,"2026-01-30","2026-01","BRW001","Food","PRD011","Croissant",1,3.50,"Cheap",1,3.50,3,0
1592,526,"2025-09-24","2025-09","BRW003","Food","PRD011","Croissant",1,3.50,"Cheap",3,10.50,4,0
1546,513,"2025-09-15","2025-09","BRW001","Food","PRD011","Croissant",1,3.50,"Cheap",1,3.50,4,0
1524,503,"2025-02-09","2025-02","BRW002","Food","PRD011","Croissant",1,3.50,"Cheap",1,3.50,4,0
1522,503,"2025-02-09","2025-02","BRW002","Food","PRD011","Croissant",1,3.50,"Cheap",3,10.50,4,0
1509,499,"2025-03-17","2025-03","BRW002","Food","PRD011","Croissant",1,3.50,"Cheap",1,3.50,2,0
1482,488,"2025-10-27","2025-10","BRW002","Food","PRD011","Croissant",1,3.50,"Cheap",1,3.50,2,0
1472,485,"2026-01-08","2026-01","BRW001","Food","PRD011","Croissant",1,3.50,"Cheap",1,3.50,3,0
1465,483,"2025-01-13","2025-01","BRW002","Food","PRD011","Croissant",1,3.50,"Cheap",3,10.50,4,0
1452,479,"2026-01-05","2026-01","BRW001","Food","PRD011","Croissant",1,3.50,"Cheap",3,10.50,3,0
1449,479,"2026-01-05","2026-01","BRW001","Food","PRD011","Croissant",1,3.50,"Cheap",3,10.50,3,0
1405,465,"2025-06-24","2025-06","BRW001","Food","PRD011","Croissant",1,3.50,"Cheap",1,3.50,4,0
1403,464,"2025-08-06","2025-08","BRW001","Food","PRD011","Croissant",1,3.50,"Cheap",2,7.00,2,0
1397,462,"2025-01-05","2025-01","BRW003","Food","PRD011","Croissant",1,3.50,"Cheap",1,3.50,5,0
1383,458,"2025-11-19","2025-11","BRW001","Food","PRD011","Croissant",1,3.50,"Cheap",3,10.50,1,1
1330,434,"2025-09-18","2025-09","BRW002","Food","PRD011","Croissant",1,3.50,"Cheap",1,3.50,4,0
1265,409,"2025-02-08","2025-02","BRW003","Food","PRD011","Croissant",1,3.50,"Cheap",3,10.50,2,0
1217,392,"2025-02-13","2025-02","BRW002","Food","PRD011","Croissant",1,3.50,"Cheap",1,3.50,4,0
1207,390,"2025-04-26","2025-04","BRW003","Food","PRD011","Croissant",1,3.50,"Cheap",3,10.50,4,0
1178,381,"2026-01-11","2026-01","BRW003","Food","PRD011","Croissant",1,3.50,"Cheap",3,10.50,5,0
1110,362,"2025-11-11","2025-11","BRW001","Food","PRD011","Croissant",1,3.50,"Cheap",2,7.00,4,0
1080,350,"2025-02-24","2025-02","BRW002","Food","PRD011","Croissant",1,3.50,"Cheap",2,7.00,5,0
1067,343,"2025-03-01","2025-03","BRW003","Food","PRD011","Croissant",1,3.50,"Cheap",2,7.00,2,0
1031,330,"2025-04-21","2025-04","BRW003","Food","PRD011","Croissant",1,3.50,"Cheap",1,3.50,2,0
994,321,"2025-10-20","2025-10","BRW002","Food","PRD011","Croissant",1,3.50,"Cheap",3,10.50,4,0
977,314,"2025-10-01","2025-10","BRW002","Food","PRD011","Croissant",1,3.50,"Cheap",1,3.50,5,0
975,313,"2025-08-26","2025-08","BRW003","Food","PRD011","Croissant",1,3.50,"Cheap",1,3.50,5,0
953,306,"2025-02-01","2025-02","BRW003","Food","PRD011","Croissant",1,3.50,"Cheap",3,10.50,4,0
926,299,"2025-07-08","2025-07","BRW002","Food","PRD011","Croissant",1,3.50,"Cheap",3,10.50,4,0
910,293,"2025-07-26","2025-07","BRW003","Food","PRD011","Croissant",1,3.50,"Cheap",3,10.50,5,0
888,286,"2025-02-10","2025-02","BRW002","Food","PRD011","Croissant",1,3.50,"Cheap",3,10.50,4,0
869,281,"2025-12-23","2025-12","BRW003","Food","PRD011","Croissant",1,3.50,"Cheap",3,10.50,5,0
858,278,"2026-01-29","2026-01","BRW003","Food","PRD011","Croissant",1,3.50,"Cheap",2,7.00,4,0
856,277,"2025-02-03","2025-02","BRW003","Food","PRD011","Croissant",1,3.50,"Cheap",2,7.00,1,1
829,268,"2025-03-16","2025-03","BRW002","Food","PRD011","Croissant",1,3.50,"Cheap",3,10.50,5,0
751,243,"2026-01-08","2026-01","BRW001","Food","PRD011","Croissant",1,3.50,"Cheap",1,3.50,3,0
750,242,"2025-09-11","2025-09","BRW003","Food","PRD011","Croissant",1,3.50,"Cheap",2,7.00,4,0
729,235,"2026-01-18","2026-01","BRW003","Food","PRD011","Croissant",1,3.50,"Cheap",3,10.50,5,0
720,233,"2025-04-05","2025-04","BRW001","Food","PRD011","Croissant",1,3.50,"Cheap",2,7.00,5,0
691,224,"2025-08-11","2025-08","BRW001","Food","PRD011","Croissant",1,3.50,"Cheap",1,3.50,1,1
640,209,"2026-01-09","2026-01","BRW001","Food","PRD011","Croissant",1,3.50,"Cheap",1,3.50,4,0
636,206,"2025-09-15","2025-09","BRW002","Food","PRD011","Croissant",1,3.50,"Cheap",2,7.00,3,0
628,204,"2025-02-02","2025-02","BRW002","Food","PRD011","Croissant",1,3.50,"Cheap",3,10.50,5,0
606,199,"2025-08-20","2025-08","BRW003","Food","PRD011","Croissant",1,3.50,"Cheap",2,7.00,5,0
561,185,"2025-10-28","2025-10","BRW003","Food","PRD011","Croissant",1,3.50,"Cheap",2,7.00,4,0
538,178,"2025-04-18","2025-04","BRW002","Food","PRD011","Croissant",1,3.50,"Cheap",3,10.50,4,0
522,172,"2026-01-27","2026-01","BRW002","Food","PRD011","Croissant",1,3.50,"Cheap",1,3.50,3,0
518,171,"2025-02-14","2025-02","BRW003","Food","PRD011","Croissant",1,3.50,"Cheap",3,10.50,2,0
457,153,"2025-12-18","2025-12","BRW001","Food","PRD011","Croissant",1,3.50,"Cheap",1,3.50,5,0
455,152,"2025-06-18","2025-06","BRW003","Food","PRD011","Croissant",1,3.50,"Cheap",1,3.50,3,0
423,140,"2025-04-28","2025-04","BRW001","Food","PRD011","Croissant",1,3.50,"Cheap",1,3.50,4,0
348,115,"2025-09-02","2025-09","BRW003","Food","PRD011","Croissant",1,3.50,"Cheap",2,7.00,2,0
336,111,"2025-04-19","2025-04","BRW001","Food","PRD011","Croissant",1,3.50,"Cheap",1,3.50,5,0
301,102,"2025-10-29","2025-10","BRW002","Food","PRD011","Croissant",1,3.50,"Cheap",2,7.00,5,0
280,95,"2025-03-29","2025-03","BRW001","Food","PRD011","Croissant",1,3.50,"Cheap",1,3.50,4,0
239,78,"2025-07-05","2025-07","BRW002","Food","PRD011","Croissant",1,3.50,"Cheap",1,3.50,5,0
218,73,"2025-06-16","2025-06","BRW001","Food","PRD011","Croissant",1,3.50,"Cheap",1,3.50,4,0
166,56,"2026-01-04","2026-01","BRW003","Food","PRD011","Croissant",1,3.50,"Cheap",1,3.50,2,0
126,44,"2025-06-03","2025-06","BRW002","Food","PRD011","Croissant",1,3.50,"Cheap",3,10.50,3,0
120,41,"2025-05-04","2025-05","BRW003","Food","PRD011","Croissant",1,3.50,"Cheap",2,7.00,2,0
104,34,"2025-02-26","2025-02","BRW001","Food","PRD011","Croissant",1,3.50,"Cheap",3,10.50,4,0
99,33,"2025-09-08","2025-09","BRW003","Food","PRD011","Croissant",1,3.50,"Cheap",3,10.50,3,0
48,17,"2025-03-26","2025-03","BRW003","Food","PRD011","Croissant",1,3.50,"Cheap",2,7.00,3,0
25,9,"2025-03-05","2025-03","BRW002","Food","PRD011","Croissant",1,3.50,"Cheap",1,3.50,1,1
3632,1194,"2025-02-19","2025-02","BRW001","Food","PRD012","Blueberry Muffin",1,3.25,"Cheap",2,6.50,5,0
3618,1190,"2025-09-12","2025-09","BRW003","Food","PRD012","Blueberry Muffin",1,3.25,"Cheap",1,3.25,4,0
3599,1183,"2026-01-18","2026-01","BRW003","Food","PRD012","Blueberry Muffin",1,3.25,"Cheap",2,6.50,5,0
3547,1166,"2025-12-10","2025-12","BRW002","Food","PRD012","Blueberry Muffin",1,3.25,"Cheap",3,9.75,2,0
3542,1165,"2025-02-24","2025-02","BRW003","Food","PRD012","Blueberry Muffin",1,3.25,"Cheap",2,6.50,4,0
3534,1161,"2025-02-16","2025-02","BRW001","Food","PRD012","Blueberry Muffin",1,3.25,"Cheap",1,3.25,4,0
3528,1160,"2026-01-20","2026-01","BRW003","Food","PRD012","Blueberry Muffin",1,3.25,"Cheap",3,9.75,4,0
3465,1141,"2025-10-11","2025-10","BRW003","Food","PRD012","Blueberry Muffin",1,3.25,"Cheap",2,6.50,5,0
3451,1137,"2026-01-07","2026-01","BRW002","Food","PRD012","Blueberry Muffin",1,3.25,"Cheap",1,3.25,4,0
3425,1129,"2025-09-26","2025-09","BRW002","Food","PRD012","Blueberry Muffin",1,3.25,"Cheap",3,9.75,5,0
3418,1128,"2025-07-22","2025-07","BRW002","Food","PRD012","Blueberry Muffin",1,3.25,"Cheap",2,6.50,5,0
3340,1104,"2026-01-13","2026-01","BRW003","Food","PRD012","Blueberry Muffin",1,3.25,"Cheap",1,3.25,1,1
3321,1098,"2025-11-14","2025-11","BRW002","Food","PRD012","Blueberry Muffin",1,3.25,"Cheap",1,3.25,3,0
3268,1083,"2025-05-08","2025-05","BRW003","Food","PRD012","Blueberry Muffin",1,3.25,"Cheap",3,9.75,3,0
3267,1082,"2025-01-12","2025-01","BRW001","Food","PRD012","Blueberry Muffin",1,3.25,"Cheap",2,6.50,5,0
3243,1076,"2025-01-12","2025-01","BRW003","Food","PRD012","Blueberry Muffin",1,3.25,"Cheap",2,6.50,5,0
3208,1067,"2025-06-01","2025-06","BRW003","Food","PRD012","Blueberry Muffin",1,3.25,"Cheap",2,6.50,5,0
3184,1059,"2025-05-06","2025-05","BRW001","Food","PRD012","Blueberry Muffin",1,3.25,"Cheap",1,3.25,3,0
3164,1054,"2025-07-08","2025-07","BRW003","Food","PRD012","Blueberry Muffin",1,3.25,"Cheap",2,6.50,3,0
3093,1027,"2025-12-05","2025-12","BRW002","Food","PRD012","Blueberry Muffin",1,3.25,"Cheap",3,9.75,2,0
3082,1021,"2025-08-22","2025-08","BRW001","Food","PRD012","Blueberry Muffin",1,3.25,"Cheap",2,6.50,3,0
2979,986,"2026-01-17","2026-01","BRW003","Food","PRD012","Blueberry Muffin",1,3.25,"Cheap",3,9.75,3,0
2977,985,"2025-03-14","2025-03","BRW003","Food","PRD012","Blueberry Muffin",1,3.25,"Cheap",3,9.75,5,0
2968,983,"2025-06-09","2025-06","BRW001","Food","PRD012","Blueberry Muffin",1,3.25,"Cheap",3,9.75,4,0
2958,980,"2025-09-30","2025-09","BRW003","Food","PRD012","Blueberry Muffin",1,3.25,"Cheap",1,3.25,3,0
2901,959,"2025-01-10","2025-01","BRW003","Food","PRD012","Blueberry Muffin",1,3.25,"Cheap",2,6.50,4,0
2885,954,"2025-12-23","2025-12","BRW003","Food","PRD012","Blueberry Muffin",1,3.25,"Cheap",2,6.50,3,0
2875,952,"2025-09-18","2025-09","BRW002","Food","PRD012","Blueberry Muffin",1,3.25,"Cheap",2,6.50,5,0
2837,941,"2025-07-06","2025-07","BRW003","Food","PRD012","Blueberry Muffin",1,3.25,"Cheap",3,9.75,2,0
2787,924,"2026-01-19","2026-01","BRW002","Food","PRD012","Blueberry Muffin",1,3.25,"Cheap",2,6.50,3,0
2782,920,"2025-01-29","2025-01","BRW002","Food","PRD012","Blueberry Muffin",1,3.25,"Cheap",2,6.50,1,1
2778,918,"2025-01-07","2025-01","BRW002","Food","PRD012","Blueberry Muffin",1,3.25,"Cheap",2,6.50,2,0
2766,915,"2025-12-23","2025-12","BRW003","Food","PRD012","Blueberry Muffin",1,3.25,"Cheap",3,9.75,1,1
2742,905,"2025-04-10","2025-04","BRW001","Food","PRD012","Blueberry Muffin",1,3.25,"Cheap",1,3.25,4,0
2737,903,"2025-07-25","2025-07","BRW001","Food","PRD012","Blueberry Muffin",1,3.25,"Cheap",2,6.50,3,0
2729,900,"2025-04-02","2025-04","BRW003","Food","PRD012","Blueberry Muffin",1,3.25,"Cheap",2,6.50,3,0
2664,876,"2025-11-27","2025-11","BRW002","Food","PRD012","Blueberry Muffin",1,3.25,"Cheap",3,9.75,3,0
2663,876,"2025-11-27","2025-11","BRW002","Food","PRD012","Blueberry Muffin",1,3.25,"Cheap",2,6.50,3,0
2644,870,"2026-01-15","2026-01","BRW001","Food","PRD012","Blueberry Muffin",1,3.25,"Cheap",3,9.75,4,0
2636,869,"2025-05-28","2025-05","BRW001","Food","PRD012","Blueberry Muffin",1,3.25,"Cheap",3,9.75,4,0
2621,865,"2025-04-05","2025-04","BRW002","Food","PRD012","Blueberry Muffin",1,3.25,"Cheap",2,6.50,4,0
2602,858,"2026-01-12","2026-01","BRW002","Food","PRD012","Blueberry Muffin",1,3.25,"Cheap",2,6.50,4,0
2580,850,"2025-01-31","2025-01","BRW003","Food","PRD012","Blueberry Muffin",1,3.25,"Cheap",3,9.75,5,0
2576,849,"2025-07-08","2025-07","BRW002","Food","PRD012","Blueberry Muffin",1,3.25,"Cheap",2,6.50,5,0
2543,838,"2025-09-03","2025-09","BRW002","Food","PRD012","Blueberry Muffin",1,3.25,"Cheap",3,9.75,2,0
2513,828,"2025-07-31","2025-07","BRW003","Food","PRD012","Blueberry Muffin",1,3.25,"Cheap",3,9.75,4,0
2366,780,"2025-05-01","2025-05","BRW002","Food","PRD012","Blueberry Muffin",1,3.25,"Cheap",3,9.75,5,0
2356,778,"2025-11-23","2025-11","BRW002","Food","PRD012","Blueberry Muffin",1,3.25,"Cheap",1,3.25,4,0
2285,754,"2025-03-08","2025-03","BRW003","Food","PRD012","Blueberry Muffin",1,3.25,"Cheap",1,3.25,4,0
2223,733,"2025-09-24","2025-09","BRW001","Food","PRD012","Blueberry Muffin",1,3.25,"Cheap",2,6.50,2,0
2215,729,"2025-01-30","2025-01","BRW003","Food","PRD012","Blueberry Muffin",1,3.25,"Cheap",2,6.50,5,0
2192,722,"2025-09-13","2025-09","BRW003","Food","PRD012","Blueberry Muffin",1,3.25,"Cheap",1,3.25,4,0
2177,715,"2025-07-07","2025-07","BRW001","Food","PRD012","Blueberry Muffin",1,3.25,"Cheap",3,9.75,3,0
2103,691,"2025-07-27","2025-07","BRW001","Food","PRD012","Blueberry Muffin",1,3.25,"Cheap",1,3.25,1,1
2087,685,"2025-07-19","2025-07","BRW003","Food","PRD012","Blueberry Muffin",1,3.25,"Cheap",2,6.50,2,0
2014,662,"2025-05-22","2025-05","BRW001","Food","PRD012","Blueberry Muffin",1,3.25,"Cheap",3,9.75,4,0
1998,655,"2025-10-16","2025-10","BRW003","Food","PRD012","Blueberry Muffin",1,3.25,"Cheap",1,3.25,2,0
1950,640,"2025-06-24","2025-06","BRW003","Food","PRD012","Blueberry Muffin",1,3.25,"Cheap",3,9.75,5,0
1937,637,"2025-07-18","2025-07","BRW001","Food","PRD012","Blueberry Muffin",1,3.25,"Cheap",3,9.75,5,0
1933,636,"2025-08-05","2025-08","BRW001","Food","PRD012","Blueberry Muffin",1,3.25,"Cheap",2,6.50,4,0
1886,619,"2025-11-12","2025-11","BRW003","Food","PRD012","Blueberry Muffin",1,3.25,"Cheap",1,3.25,1,1
1878,616,"2025-09-11","2025-09","BRW001","Food","PRD012","Blueberry Muffin",1,3.25,"Cheap",3,9.75,5,0
1813,595,"2025-05-11","2025-05","BRW001","Food","PRD012","Blueberry Muffin",1,3.25,"Cheap",1,3.25,5,0
1728,570,"2025-02-25","2025-02","BRW001","Food","PRD012","Blueberry Muffin",1,3.25,"Cheap",1,3.25,3,0
1715,566,"2025-06-04","2025-06","BRW003","Food","PRD012","Blueberry Muffin",1,3.25,"Cheap",1,3.25,4,0
1613,533,"2025-12-08","2025-12","BRW001","Food","PRD012","Blueberry Muffin",1,3.25,"Cheap",3,9.75,3,0
1594,526,"2025-09-24","2025-09","BRW003","Food","PRD012","Blueberry Muffin",1,3.25,"Cheap",1,3.25,4,0
1585,524,"2025-03-01","2025-03","BRW001","Food","PRD012","Blueberry Muffin",1,3.25,"Cheap",3,9.75,5,0
1576,522,"2025-11-02","2025-11","BRW001","Food","PRD012","Blueberry Muffin",1,3.25,"Cheap",2,6.50,4,0
1519,502,"2025-02-11","2025-02","BRW002","Food","PRD012","Blueberry Muffin",1,3.25,"Cheap",1,3.25,2,0
1363,450,"2025-10-06","2025-10","BRW002","Food","PRD012","Blueberry Muffin",1,3.25,"Cheap",2,6.50,3,0
1281,414,"2026-01-21","2026-01","BRW002","Food","PRD012","Blueberry Muffin",1,3.25,"Cheap",1,3.25,5,0
1268,410,"2025-08-03","2025-08","BRW001","Food","PRD012","Blueberry Muffin",1,3.25,"Cheap",3,9.75,5,0
1254,405,"2025-09-27","2025-09","BRW001","Food","PRD012","Blueberry Muffin",1,3.25,"Cheap",2,6.50,2,0
1252,403,"2025-11-19","2025-11","BRW003","Food","PRD012","Blueberry Muffin",1,3.25,"Cheap",3,9.75,2,0
1250,403,"2025-11-19","2025-11","BRW003","Food","PRD012","Blueberry Muffin",1,3.25,"Cheap",2,6.50,2,0
1231,397,"2025-02-08","2025-02","BRW003","Food","PRD012","Blueberry Muffin",1,3.25,"Cheap",1,3.25,3,0
1204,389,"2025-04-29","2025-04","BRW003","Food","PRD012","Blueberry Muffin",1,3.25,"Cheap",3,9.75,4,0
1184,383,"2025-06-24","2025-06","BRW003","Food","PRD012","Blueberry Muffin",1,3.25,"Cheap",2,6.50,5,0
1171,379,"2025-10-24","2025-10","BRW002","Food","PRD012","Blueberry Muffin",1,3.25,"Cheap",1,3.25,5,0
1150,372,"2025-03-19","2025-03","BRW003","Food","PRD012","Blueberry Muffin",1,3.25,"Cheap",1,3.25,1,1
1149,372,"2025-03-19","2025-03","BRW003","Food","PRD012","Blueberry Muffin",1,3.25,"Cheap",2,6.50,1,1
1148,372,"2025-03-19","2025-03","BRW003","Food","PRD012","Blueberry Muffin",1,3.25,"Cheap",1,3.25,1,1
1128,366,"2025-01-09","2025-01","BRW003","Food","PRD012","Blueberry Muffin",1,3.25,"Cheap",3,9.75,4,0
1062,342,"2025-02-05","2025-02","BRW003","Food","PRD012","Blueberry Muffin",1,3.25,"Cheap",2,6.50,4,0
1057,339,"2025-10-10","2025-10","BRW001","Food","PRD012","Blueberry Muffin",1,3.25,"Cheap",2,6.50,2,0
1055,338,"2025-08-15","2025-08","BRW003","Food","PRD012","Blueberry Muffin",1,3.25,"Cheap",3,9.75,3,0
1037,333,"2025-05-30","2025-05","BRW001","Food","PRD012","Blueberry Muffin",1,3.25,"Cheap",1,3.25,4,0
1032,331,"2025-08-26","2025-08","BRW003","Food","PRD012","Blueberry Muffin",1,3.25,"Cheap",3,9.75,1,1
951,306,"2025-02-01","2025-02","BRW003","Food","PRD012","Blueberry Muffin",1,3.25,"Cheap",1,3.25,4,0
929,300,"2026-01-20","2026-01","BRW002","Food","PRD012","Blueberry Muffin",1,3.25,"Cheap",1,3.25,4,0
901,290,"2025-12-01","2025-12","BRW003","Food","PRD012","Blueberry Muffin",1,3.25,"Cheap",1,3.25,1,1
893,287,"2025-05-07","2025-05","BRW001","Food","PRD012","Blueberry Muffin",1,3.25,"Cheap",3,9.75,3,0
892,287,"2025-05-07","2025-05","BRW001","Food","PRD012","Blueberry Muffin",1,3.25,"Cheap",1,3.25,3,0
868,281,"2025-12-23","2025-12","BRW003","Food","PRD012","Blueberry Muffin",1,3.25,"Cheap",3,9.75,5,0
857,278,"2026-01-29","2026-01","BRW003","Food","PRD012","Blueberry Muffin",1,3.25,"Cheap",2,6.50,4,0
843,274,"2025-08-07","2025-08","BRW002","Food","PRD012","Blueberry Muffin",1,3.25,"Cheap",2,6.50,4,0
841,273,"2025-03-23","2025-03","BRW002","Food","PRD012","Blueberry Muffin",1,3.25,"Cheap",2,6.50,3,0
716,232,"2025-12-29","2025-12","BRW001","Food","PRD012","Blueberry Muffin",1,3.25,"Cheap",3,9.75,5,0
604,198,"2025-12-04","2025-12","BRW001","Food","PRD012","Blueberry Muffin",1,3.25,"Cheap",1,3.25,2,0
593,193,"2025-09-08","2025-09","BRW001","Food","PRD012","Blueberry Muffin",1,3.25,"Cheap",2,6.50,2,0
565,185,"2025-10-28","2025-10","BRW003","Food","PRD012","Blueberry Muffin",1,3.25,"Cheap",1,3.25,4,0
530,176,"2025-09-09","2025-09","BRW003","Food","PRD012","Blueberry Muffin",1,3.25,"Cheap",1,3.25,5,0
516,170,"2025-07-18","2025-07","BRW001","Food","PRD012","Blueberry Muffin",1,3.25,"Cheap",3,9.75,4,0
514,170,"2025-07-18","2025-07","BRW001","Food","PRD012","Blueberry Muffin",1,3.25,"Cheap",3,9.75,4,0
501,167,"2025-04-28","2025-04","BRW001","Food","PRD012","Blueberry Muffin",1,3.25,"Cheap",3,9.75,5,0
414,138,"2026-01-13","2026-01","BRW003","Food","PRD012","Blueberry Muffin",1,3.25,"Cheap",3,9.75,4,0
390,131,"2025-04-29","2025-04","BRW002","Food","PRD012","Blueberry Muffin",1,3.25,"Cheap",2,6.50,3,0
367,122,"2025-06-05","2025-06","BRW002","Food","PRD012","Blueberry Muffin",1,3.25,"Cheap",1,3.25,5,0
339,111,"2025-04-19","2025-04","BRW001","Food","PRD012","Blueberry Muffin",1,3.25,"Cheap",2,6.50,5,0
147,50,"2025-08-19","2025-08","BRW003","Food","PRD012","Blueberry Muffin",1,3.25,"Cheap",1,3.25,3,0
133,45,"2025-04-07","2025-04","BRW003","Food","PRD012","Blueberry Muffin",1,3.25,"Cheap",2,6.50,5,0
124,43,"2025-02-07","2025-02","BRW002","Food","PRD012","Blueberry Muffin",1,3.25,"Cheap",1,3.25,3,0
113,37,"2025-09-29","2025-09","BRW001","Food","PRD012","Blueberry Muffin",1,3.25,"Cheap",3,9.75,4,0
112,37,"2025-09-29","2025-09","BRW001","Food","PRD012","Blueberry Muffin",1,3.25,"Cheap",3,9.75,4,0
37,13,"2025-02-10","2025-02","BRW003","Food","PRD012","Blueberry Muffin",1,3.25,"Cheap",2,6.50,2,0
21,7,"2025-11-05","2025-11","BRW001","Food","PRD012","Blueberry Muffin",1,3.25,"Cheap",2,6.50,2,0
18,6,"2025-11-21","2025-11","BRW003","Food","PRD012","Blueberry Muffin",1,3.25,"Cheap",3,9.75,4,0
3645,1199,"2025-12-14","2025-12","BRW002","Food","PRD013","Everything Bagel",1,2.75,"Cheap",1,2.75,2,0
3634,1196,"2025-01-30","2025-01","BRW001","Food","PRD013","Everything Bagel",1,2.75,"Cheap",1,2.75,2,0
3627,1193,"2025-02-13","2025-02","BRW003","Food","PRD013","Everything Bagel",1,2.75,"Cheap",1,2.75,2,0
3610,1186,"2025-04-20","2025-04","BRW001","Food","PRD013","Everything Bagel",1,2.75,"Cheap",3,8.25,2,0
3575,1175,"2025-02-02","2025-02","BRW002","Food","PRD013","Everything Bagel",1,2.75,"Cheap",3,8.25,4,0
3502,1152,"2025-04-21","2025-04","BRW003","Food","PRD013","Everything Bagel",1,2.75,"Cheap",1,2.75,5,0
3499,1151,"2025-10-30","2025-10","BRW002","Food","PRD013","Everything Bagel",1,2.75,"Cheap",3,8.25,3,0
3492,1149,"2025-05-14","2025-05","BRW002","Food","PRD013","Everything Bagel",1,2.75,"Cheap",3,8.25,3,0
3491,1149,"2025-05-14","2025-05","BRW002","Food","PRD013","Everything Bagel",1,2.75,"Cheap",1,2.75,3,0
3479,1146,"2025-11-24","2025-11","BRW003","Food","PRD013","Everything Bagel",1,2.75,"Cheap",3,8.25,5,0
3439,1134,"2025-01-21","2025-01","BRW002","Food","PRD013","Everything Bagel",1,2.75,"Cheap",2,5.50,5,0
3407,1125,"2026-01-06","2026-01","BRW002","Food","PRD013","Everything Bagel",1,2.75,"Cheap",1,2.75,4,0
3361,1111,"2025-12-22","2025-12","BRW003","Food","PRD013","Everything Bagel",1,2.75,"Cheap",3,8.25,3,0
3346,1107,"2025-08-02","2025-08","BRW001","Food","PRD013","Everything Bagel",1,2.75,"Cheap",3,8.25,3,0
3314,1095,"2025-04-08","2025-04","BRW001","Food","PRD013","Everything Bagel",1,2.75,"Cheap",2,5.50,5,0
3282,1087,"2025-07-19","2025-07","BRW002","Food","PRD013","Everything Bagel",1,2.75,"Cheap",1,2.75,5,0
3249,1077,"2025-02-24","2025-02","BRW001","Food","PRD013","Everything Bagel",1,2.75,"Cheap",2,5.50,3,0
3246,1077,"2025-02-24","2025-02","BRW001","Food","PRD013","Everything Bagel",1,2.75,"Cheap",3,8.25,3,0
3220,1069,"2025-10-01","2025-10","BRW001","Food","PRD013","Everything Bagel",1,2.75,"Cheap",1,2.75,3,0
3169,1055,"2025-11-17","2025-11","BRW001","Food","PRD013","Everything Bagel",1,2.75,"Cheap",3,8.25,3,0
3155,1051,"2025-11-14","2025-11","BRW003","Food","PRD013","Everything Bagel",1,2.75,"Cheap",1,2.75,4,0
3138,1044,"2025-11-19","2025-11","BRW003","Food","PRD013","Everything Bagel",1,2.75,"Cheap",3,8.25,3,0
3104,1032,"2025-12-23","2025-12","BRW002","Food","PRD013","Everything Bagel",1,2.75,"Cheap",2,5.50,3,0
3095,1028,"2025-10-23","2025-10","BRW003","Food","PRD013","Everything Bagel",1,2.75,"Cheap",1,2.75,2,0
3053,1012,"2025-12-18","2025-12","BRW003","Food","PRD013","Everything Bagel",1,2.75,"Cheap",1,2.75,4,0
3045,1010,"2025-01-02","2025-01","BRW002","Food","PRD013","Everything Bagel",1,2.75,"Cheap",1,2.75,4,0
3017,1001,"2025-12-19","2025-12","BRW002","Food","PRD013","Everything Bagel",1,2.75,"Cheap",1,2.75,1,1
3015,999,"2025-11-25","2025-11","BRW003","Food","PRD013","Everything Bagel",1,2.75,"Cheap",2,5.50,3,0
3009,997,"2025-06-03","2025-06","BRW001","Food","PRD013","Everything Bagel",1,2.75,"Cheap",3,8.25,1,1
2986,988,"2025-07-03","2025-07","BRW001","Food","PRD013","Everything Bagel",1,2.75,"Cheap",3,8.25,4,0
2974,985,"2025-03-14","2025-03","BRW003","Food","PRD013","Everything Bagel",1,2.75,"Cheap",1,2.75,5,0
2959,980,"2025-09-30","2025-09","BRW003","Food","PRD013","Everything Bagel",1,2.75,"Cheap",2,5.50,3,0
2953,977,"2025-03-01","2025-03","BRW002","Food","PRD013","Everything Bagel",1,2.75,"Cheap",2,5.50,2,0
2938,971,"2025-01-09","2025-01","BRW002","Food","PRD013","Everything Bagel",1,2.75,"Cheap",1,2.75,4,0
2930,967,"2025-05-12","2025-05","BRW001","Food","PRD013","Everything Bagel",1,2.75,"Cheap",3,8.25,4,0
2929,967,"2025-05-12","2025-05","BRW001","Food","PRD013","Everything Bagel",1,2.75,"Cheap",1,2.75,4,0
2886,954,"2025-12-23","2025-12","BRW003","Food","PRD013","Everything Bagel",1,2.75,"Cheap",2,5.50,3,0
2842,942,"2025-11-21","2025-11","BRW001","Food","PRD013","Everything Bagel",1,2.75,"Cheap",3,8.25,4,0
2839,942,"2025-11-21","2025-11","BRW001","Food","PRD013","Everything Bagel",1,2.75,"Cheap",2,5.50,4,0
2813,933,"2025-05-16","2025-05","BRW001","Food","PRD013","Everything Bagel",1,2.75,"Cheap",1,2.75,4,0
2765,914,"2025-03-14","2025-03","BRW001","Food","PRD013","Everything Bagel",1,2.75,"Cheap",3,8.25,4,0
2744,906,"2025-09-07","2025-09","BRW002","Food","PRD013","Everything Bagel",1,2.75,"Cheap",2,5.50,4,0
2712,895,"2025-03-23","2025-03","BRW002","Food","PRD013","Everything Bagel",1,2.75,"Cheap",3,8.25,3,0
2705,892,"2025-10-16","2025-10","BRW003","Food","PRD013","Everything Bagel",1,2.75,"Cheap",3,8.25,3,0
2611,860,"2025-09-15","2025-09","BRW002","Food","PRD013","Everything Bagel",1,2.75,"Cheap",2,5.50,3,0
2606,859,"2025-01-12","2025-01","BRW001","Food","PRD013","Everything Bagel",1,2.75,"Cheap",2,5.50,5,0
2563,845,"2025-09-08","2025-09","BRW001","Food","PRD013","Everything Bagel",1,2.75,"Cheap",3,8.25,5,0
2553,842,"2025-04-27","2025-04","BRW001","Food","PRD013","Everything Bagel",1,2.75,"Cheap",3,8.25,2,0
2552,842,"2025-04-27","2025-04","BRW001","Food","PRD013","Everything Bagel",1,2.75,"Cheap",2,5.50,2,0
2536,836,"2025-04-11","2025-04","BRW003","Food","PRD013","Everything Bagel",1,2.75,"Cheap",1,2.75,4,0
2535,836,"2025-04-11","2025-04","BRW003","Food","PRD013","Everything Bagel",1,2.75,"Cheap",3,8.25,4,0
2510,826,"2025-06-26","2025-06","BRW003","Food","PRD013","Everything Bagel",1,2.75,"Cheap",2,5.50,3,0
2483,820,"2025-05-20","2025-05","BRW002","Food","PRD013","Everything Bagel",1,2.75,"Cheap",2,5.50,4,0
2482,820,"2025-05-20","2025-05","BRW002","Food","PRD013","Everything Bagel",1,2.75,"Cheap",3,8.25,4,0
2425,802,"2025-07-17","2025-07","BRW001","Food","PRD013","Everything Bagel",1,2.75,"Cheap",2,5.50,5,0
2416,797,"2025-01-07","2025-01","BRW001","Food","PRD013","Everything Bagel",1,2.75,"Cheap",3,8.25,3,0
2396,790,"2025-01-14","2025-01","BRW003","Food","PRD013","Everything Bagel",1,2.75,"Cheap",1,2.75,2,0
2388,788,"2025-03-24","2025-03","BRW001","Food","PRD013","Everything Bagel",1,2.75,"Cheap",2,5.50,5,0
2348,774,"2025-05-26","2025-05","BRW003","Food","PRD013","Everything Bagel",1,2.75,"Cheap",3,8.25,3,0
2313,764,"2025-08-03","2025-08","BRW003","Food","PRD013","Everything Bagel",1,2.75,"Cheap",2,5.50,3,0
2308,761,"2025-08-02","2025-08","BRW002","Food","PRD013","Everything Bagel",1,2.75,"Cheap",2,5.50,4,0
2248,743,"2025-06-28","2025-06","BRW002","Food","PRD013","Everything Bagel",1,2.75,"Cheap",2,5.50,2,0
2194,723,"2025-07-15","2025-07","BRW001","Food","PRD013","Everything Bagel",1,2.75,"Cheap",2,5.50,5,0
2186,720,"2025-10-15","2025-10","BRW002","Food","PRD013","Everything Bagel",1,2.75,"Cheap",2,5.50,4,0
2176,715,"2025-07-07","2025-07","BRW001","Food","PRD013","Everything Bagel",1,2.75,"Cheap",1,2.75,3,0
2149,706,"2025-02-15","2025-02","BRW003","Food","PRD013","Everything Bagel",1,2.75,"Cheap",1,2.75,4,0
2136,701,"2025-12-29","2025-12","BRW002","Food","PRD013","Everything Bagel",1,2.75,"Cheap",1,2.75,3,0
2092,687,"2025-07-14","2025-07","BRW001","Food","PRD013","Everything Bagel",1,2.75,"Cheap",1,2.75,1,1
2083,683,"2025-09-29","2025-09","BRW002","Food","PRD013","Everything Bagel",1,2.75,"Cheap",2,5.50,2,0
2067,677,"2025-10-16","2025-10","BRW002","Food","PRD013","Everything Bagel",1,2.75,"Cheap",1,2.75,3,0
2063,676,"2025-04-05","2025-04","BRW002","Food","PRD013","Everything Bagel",1,2.75,"Cheap",1,2.75,2,0
2022,666,"2025-01-17","2025-01","BRW002","Food","PRD013","Everything Bagel",1,2.75,"Cheap",1,2.75,4,0
2017,663,"2026-01-23","2026-01","BRW001","Food","PRD013","Everything Bagel",1,2.75,"Cheap",3,8.25,2,0
1934,636,"2025-08-05","2025-08","BRW001","Food","PRD013","Everything Bagel",1,2.75,"Cheap",1,2.75,4,0
1868,614,"2025-03-09","2025-03","BRW001","Food","PRD013","Everything Bagel",1,2.75,"Cheap",2,5.50,4,0
1839,604,"2025-10-04","2025-10","BRW003","Food","PRD013","Everything Bagel",1,2.75,"Cheap",3,8.25,2,0
1823,597,"2026-01-24","2026-01","BRW003","Food","PRD013","Everything Bagel",1,2.75,"Cheap",3,8.25,3,0
1754,576,"2026-01-21","2026-01","BRW003","Food","PRD013","Everything Bagel",1,2.75,"Cheap",1,2.75,4,0
1666,548,"2025-10-09","2025-10","BRW001","Food","PRD013","Everything Bagel",1,2.75,"Cheap",3,8.25,3,0
1655,545,"2026-01-17","2026-01","BRW002","Food","PRD013","Everything Bagel",1,2.75,"Cheap",3,8.25,4,0
1645,542,"2025-03-08","2025-03","BRW001","Food","PRD013","Everything Bagel",1,2.75,"Cheap",3,8.25,4,0
1644,542,"2025-03-08","2025-03","BRW001","Food","PRD013","Everything Bagel",1,2.75,"Cheap",1,2.75,4,0
1630,539,"2025-08-27","2025-08","BRW003","Food","PRD013","Everything Bagel",1,2.75,"Cheap",3,8.25,5,0
1590,525,"2025-12-04","2025-12","BRW002","Food","PRD013","Everything Bagel",1,2.75,"Cheap",2,5.50,5,0
1552,514,"2025-03-19","2025-03","BRW001","Food","PRD013","Everything Bagel",1,2.75,"Cheap",3,8.25,5,0
1545,513,"2025-09-15","2025-09","BRW001","Food","PRD013","Everything Bagel",1,2.75,"Cheap",1,2.75,4,0
1512,500,"2025-05-09","2025-05","BRW001","Food","PRD013","Everything Bagel",1,2.75,"Cheap",3,8.25,3,0
1450,479,"2026-01-05","2026-01","BRW001","Food","PRD013","Everything Bagel",1,2.75,"Cheap",1,2.75,3,0
1443,476,"2026-01-15","2026-01","BRW001","Food","PRD013","Everything Bagel",1,2.75,"Cheap",2,5.50,4,0
1413,467,"2025-07-24","2025-07","BRW003","Food","PRD013","Everything Bagel",1,2.75,"Cheap",3,8.25,4,0
1398,462,"2025-01-05","2025-01","BRW003","Food","PRD013","Everything Bagel",1,2.75,"Cheap",3,8.25,5,0
1389,460,"2025-01-28","2025-01","BRW002","Food","PRD013","Everything Bagel",1,2.75,"Cheap",1,2.75,4,0
1353,445,"2025-09-22","2025-09","BRW003","Food","PRD013","Everything Bagel",1,2.75,"Cheap",2,5.50,3,0
1326,432,"2025-08-09","2025-08","BRW003","Food","PRD013","Everything Bagel",1,2.75,"Cheap",2,5.50,1,1
1305,424,"2025-06-24","2025-06","BRW002","Food","PRD013","Everything Bagel",1,2.75,"Cheap",2,5.50,1,1
1304,423,"2025-07-21","2025-07","BRW003","Food","PRD013","Everything Bagel",1,2.75,"Cheap",1,2.75,4,0
1247,401,"2026-01-27","2026-01","BRW001","Food","PRD013","Everything Bagel",1,2.75,"Cheap",2,5.50,5,0
1210,391,"2025-08-22","2025-08","BRW003","Food","PRD013","Everything Bagel",1,2.75,"Cheap",2,5.50,5,0
1188,383,"2025-06-24","2025-06","BRW003","Food","PRD013","Everything Bagel",1,2.75,"Cheap",1,2.75,5,0
1157,375,"2025-06-29","2025-06","BRW001","Food","PRD013","Everything Bagel",1,2.75,"Cheap",1,2.75,3,0
1114,363,"2025-12-28","2025-12","BRW001","Food","PRD013","Everything Bagel",1,2.75,"Cheap",3,8.25,1,1
1091,354,"2025-03-28","2025-03","BRW001","Food","PRD013","Everything Bagel",1,2.75,"Cheap",2,5.50,1,1
983,317,"2025-04-23","2025-04","BRW003","Food","PRD013","Everything Bagel",1,2.75,"Cheap",3,8.25,1,1
959,308,"2025-01-10","2025-01","BRW001","Food","PRD013","Everything Bagel",1,2.75,"Cheap",1,2.75,2,0
900,289,"2025-01-26","2025-01","BRW001","Food","PRD013","Everything Bagel",1,2.75,"Cheap",3,8.25,2,0
898,289,"2025-01-26","2025-01","BRW001","Food","PRD013","Everything Bagel",1,2.75,"Cheap",1,2.75,2,0
896,288,"2025-07-11","2025-07","BRW002","Food","PRD013","Everything Bagel",1,2.75,"Cheap",1,2.75,4,0
889,286,"2025-02-10","2025-02","BRW002","Food","PRD013","Everything Bagel",1,2.75,"Cheap",1,2.75,4,0
811,264,"2025-11-22","2025-11","BRW002","Food","PRD013","Everything Bagel",1,2.75,"Cheap",1,2.75,5,0
776,251,"2025-02-13","2025-02","BRW003","Food","PRD013","Everything Bagel",1,2.75,"Cheap",2,5.50,4,0
746,242,"2025-09-11","2025-09","BRW003","Food","PRD013","Everything Bagel",1,2.75,"Cheap",3,8.25,4,0
646,210,"2025-07-07","2025-07","BRW003","Food","PRD013","Everything Bagel",1,2.75,"Cheap",3,8.25,4,0
568,186,"2025-11-13","2025-11","BRW003","Food","PRD013","Everything Bagel",1,2.75,"Cheap",1,2.75,5,0
539,178,"2025-04-18","2025-04","BRW002","Food","PRD013","Everything Bagel",1,2.75,"Cheap",3,8.25,4,0
533,176,"2025-09-09","2025-09","BRW003","Food","PRD013","Everything Bagel",1,2.75,"Cheap",3,8.25,5,0
494,166,"2025-01-11","2025-01","BRW001","Food","PRD013","Everything Bagel",1,2.75,"Cheap",1,2.75,5,0
358,120,"2025-04-26","2025-04","BRW003","Food","PRD013","Everything Bagel",1,2.75,"Cheap",1,2.75,3,0
311,104,"2025-06-22","2025-06","BRW002","Food","PRD013","Everything Bagel",1,2.75,"Cheap",1,2.75,4,0
295,100,"2025-01-16","2025-01","BRW003","Food","PRD013","Everything Bagel",1,2.75,"Cheap",2,5.50,3,0
251,84,"2025-08-10","2025-08","BRW002","Food","PRD013","Everything Bagel",1,2.75,"Cheap",2,5.50,5,0
232,77,"2026-01-08","2026-01","BRW003","Food","PRD013","Everything Bagel",1,2.75,"Cheap",1,2.75,5,0
209,70,"2025-03-17","2025-03","BRW002","Food","PRD013","Everything Bagel",1,2.75,"Cheap",3,8.25,3,0
152,51,"2025-11-26","2025-11","BRW003","Food","PRD013","Everything Bagel",1,2.75,"Cheap",1,2.75,4,0
151,51,"2025-11-26","2025-11","BRW003","Food","PRD013","Everything Bagel",1,2.75,"Cheap",1,2.75,4,0
132,45,"2025-04-07","2025-04","BRW003","Food","PRD013","Everything Bagel",1,2.75,"Cheap",3,8.25,5,0
123,43,"2025-02-07","2025-02","BRW002","Food","PRD013","Everything Bagel",1,2.75,"Cheap",1,2.75,3,0
86,28,"2025-05-02","2025-05","BRW001","Food","PRD013","Everything Bagel",1,2.75,"Cheap",3,8.25,3,0
84,28,"2025-05-02","2025-05","BRW001","Food","PRD013","Everything Bagel",1,2.75,"Cheap",2,5.50,3,0
68,23,"2025-09-25","2025-09","BRW002","Food","PRD013","Everything Bagel",1,2.75,"Cheap",2,5.50,5,0
52,18,"2026-01-17","2026-01","BRW002","Food","PRD013","Everything Bagel",1,2.75,"Cheap",3,8.25,4,0
3606,1185,"2025-12-30","2025-12","BRW002","Food","PRD014","Turkey Sandwich",1,8.50,"Expensive",1,8.50,3,0
3504,1152,"2025-04-21","2025-04","BRW003","Food","PRD014","Turkey Sandwich",1,8.50,"Expensive",3,25.50,5,0
3405,1124,"2025-11-18","2025-11","BRW002","Food","PRD014","Turkey Sandwich",1,8.50,"Expensive",1,8.50,5,0
3394,1121,"2025-12-28","2025-12","BRW002","Food","PRD014","Turkey Sandwich",1,8.50,"Expensive",3,25.50,5,0
3378,1115,"2025-10-12","2025-10","BRW001","Food","PRD014","Turkey Sandwich",1,8.50,"Expensive",1,8.50,4,0
3316,1097,"2026-01-08","2026-01","BRW002","Food","PRD014","Turkey Sandwich",1,8.50,"Expensive",1,8.50,4,0
3301,1093,"2025-08-23","2025-08","BRW003","Food","PRD014","Turkey Sandwich",1,8.50,"Expensive",2,17.00,5,0
3277,1086,"2026-01-22","2026-01","BRW002","Food","PRD014","Turkey Sandwich",1,8.50,"Expensive",2,17.00,5,0
3152,1050,"2025-08-19","2025-08","BRW001","Food","PRD014","Turkey Sandwich",1,8.50,"Expensive",3,25.50,2,0
3145,1046,"2026-01-12","2026-01","BRW002","Food","PRD014","Turkey Sandwich",1,8.50,"Expensive",1,8.50,3,0
3139,1044,"2025-11-19","2025-11","BRW003","Food","PRD014","Turkey Sandwich",1,8.50,"Expensive",3,25.50,3,0
3120,1038,"2025-12-10","2025-12","BRW001","Food","PRD014","Turkey Sandwich",1,8.50,"Expensive",3,25.50,5,0
3092,1027,"2025-12-05","2025-12","BRW002","Food","PRD014","Turkey Sandwich",1,8.50,"Expensive",2,17.00,2,0
3080,1021,"2025-08-22","2025-08","BRW001","Food","PRD014","Turkey Sandwich",1,8.50,"Expensive",3,25.50,3,0
3079,1021,"2025-08-22","2025-08","BRW001","Food","PRD014","Turkey Sandwich",1,8.50,"Expensive",1,8.50,3,0
3057,1013,"2025-01-19","2025-01","BRW003","Food","PRD014","Turkey Sandwich",1,8.50,"Expensive",1,8.50,3,0
3024,1004,"2025-03-16","2025-03","BRW003","Food","PRD014","Turkey Sandwich",1,8.50,"Expensive",2,17.00,4,0
2952,976,"2025-05-24","2025-05","BRW003","Food","PRD014","Turkey Sandwich",1,8.50,"Expensive",3,25.50,1,1
2939,971,"2025-01-09","2025-01","BRW002","Food","PRD014","Turkey Sandwich",1,8.50,"Expensive",1,8.50,4,0
2894,956,"2025-09-09","2025-09","BRW001","Food","PRD014","Turkey Sandwich",1,8.50,"Expensive",2,17.00,4,0
2887,955,"2025-08-09","2025-08","BRW003","Food","PRD014","Turkey Sandwich",1,8.50,"Expensive",3,25.50,5,0
2834,940,"2025-11-05","2025-11","BRW003","Food","PRD014","Turkey Sandwich",1,8.50,"Expensive",2,17.00,4,0
2817,934,"2025-12-23","2025-12","BRW002","Food","PRD014","Turkey Sandwich",1,8.50,"Expensive",2,17.00,2,0
2745,906,"2025-09-07","2025-09","BRW002","Food","PRD014","Turkey Sandwich",1,8.50,"Expensive",1,8.50,4,0
2743,906,"2025-09-07","2025-09","BRW002","Food","PRD014","Turkey Sandwich",1,8.50,"Expensive",1,8.50,4,0
2715,896,"2026-01-07","2026-01","BRW001","Food","PRD014","Turkey Sandwich",1,8.50,"Expensive",2,17.00,4,0
2714,896,"2026-01-07","2026-01","BRW001","Food","PRD014","Turkey Sandwich",1,8.50,"Expensive",2,17.00,4,0
2683,884,"2025-09-25","2025-09","BRW003","Food","PRD014","Turkey Sandwich",1,8.50,"Expensive",1,8.50,2,0
2682,884,"2025-09-25","2025-09","BRW003","Food","PRD014","Turkey Sandwich",1,8.50,"Expensive",1,8.50,2,0
2669,879,"2025-12-06","2025-12","BRW003","Food","PRD014","Turkey Sandwich",1,8.50,"Expensive",1,8.50,3,0
2541,837,"2025-08-10","2025-08","BRW003","Food","PRD014","Turkey Sandwich",1,8.50,"Expensive",2,17.00,4,0
2532,836,"2025-04-11","2025-04","BRW003","Food","PRD014","Turkey Sandwich",1,8.50,"Expensive",1,8.50,4,0
2504,825,"2025-06-10","2025-06","BRW003","Food","PRD014","Turkey Sandwich",1,8.50,"Expensive",1,8.50,4,0
2498,824,"2025-09-09","2025-09","BRW001","Food","PRD014","Turkey Sandwich",1,8.50,"Expensive",2,17.00,4,0
2476,818,"2025-06-22","2025-06","BRW001","Food","PRD014","Turkey Sandwich",1,8.50,"Expensive",2,17.00,3,0
2470,816,"2025-02-02","2025-02","BRW002","Food","PRD014","Turkey Sandwich",1,8.50,"Expensive",3,25.50,3,0
2454,810,"2025-04-30","2025-04","BRW003","Food","PRD014","Turkey Sandwich",1,8.50,"Expensive",1,8.50,1,1
2432,803,"2025-11-15","2025-11","BRW003","Food","PRD014","Turkey Sandwich",1,8.50,"Expensive",3,25.50,3,0
2365,780,"2025-05-01","2025-05","BRW002","Food","PRD014","Turkey Sandwich",1,8.50,"Expensive",2,17.00,5,0
2344,773,"2025-06-27","2025-06","BRW002","Food","PRD014","Turkey Sandwich",1,8.50,"Expensive",2,17.00,2,0
2324,766,"2025-05-30","2025-05","BRW003","Food","PRD014","Turkey Sandwich",1,8.50,"Expensive",1,8.50,5,0
2300,759,"2025-10-14","2025-10","BRW001","Food","PRD014","Turkey Sandwich",1,8.50,"Expensive",1,8.50,1,1
2273,752,"2025-10-30","2025-10","BRW003","Food","PRD014","Turkey Sandwich",1,8.50,"Expensive",2,17.00,4,0
2252,744,"2025-07-17","2025-07","BRW001","Food","PRD014","Turkey Sandwich",1,8.50,"Expensive",2,17.00,4,0
2236,738,"2026-01-01","2026-01","BRW002","Food","PRD014","Turkey Sandwich",1,8.50,"Expensive",3,25.50,3,0
2212,729,"2025-01-30","2025-01","BRW003","Food","PRD014","Turkey Sandwich",1,8.50,"Expensive",3,25.50,5,0
2167,713,"2026-01-22","2026-01","BRW001","Food","PRD014","Turkey Sandwich",1,8.50,"Expensive",2,17.00,5,0
2102,690,"2025-05-19","2025-05","BRW002","Food","PRD014","Turkey Sandwich",1,8.50,"Expensive",1,8.50,3,0
2099,690,"2025-05-19","2025-05","BRW002","Food","PRD014","Turkey Sandwich",1,8.50,"Expensive",2,17.00,3,0
2070,679,"2025-12-02","2025-12","BRW002","Food","PRD014","Turkey Sandwich",1,8.50,"Expensive",2,17.00,4,0
2001,657,"2025-12-06","2025-12","BRW001","Food","PRD014","Turkey Sandwich",1,8.50,"Expensive",3,25.50,1,1
1967,645,"2025-05-21","2025-05","BRW002","Food","PRD014","Turkey Sandwich",1,8.50,"Expensive",1,8.50,5,0
1957,643,"2025-12-23","2025-12","BRW003","Food","PRD014","Turkey Sandwich",1,8.50,"Expensive",3,25.50,4,0
1921,633,"2025-08-24","2025-08","BRW001","Food","PRD014","Turkey Sandwich",1,8.50,"Expensive",3,25.50,2,0
1804,593,"2025-05-29","2025-05","BRW001","Food","PRD014","Turkey Sandwich",1,8.50,"Expensive",2,17.00,5,0
1798,592,"2026-01-04","2026-01","BRW003","Food","PRD014","Turkey Sandwich",1,8.50,"Expensive",2,17.00,5,0
1779,585,"2026-01-02","2026-01","BRW001","Food","PRD014","Turkey Sandwich",1,8.50,"Expensive",2,17.00,3,0
1767,581,"2026-01-03","2026-01","BRW003","Food","PRD014","Turkey Sandwich",1,8.50,"Expensive",3,25.50,5,0
1730,570,"2025-02-25","2025-02","BRW001","Food","PRD014","Turkey Sandwich",1,8.50,"Expensive",3,25.50,3,0
1727,569,"2025-01-06","2025-01","BRW003","Food","PRD014","Turkey Sandwich",1,8.50,"Expensive",1,8.50,4,0
1723,569,"2025-01-06","2025-01","BRW003","Food","PRD014","Turkey Sandwich",1,8.50,"Expensive",2,17.00,4,0
1718,567,"2025-11-21","2025-11","BRW001","Food","PRD014","Turkey Sandwich",1,8.50,"Expensive",1,8.50,5,0
1670,550,"2025-05-05","2025-05","BRW001","Food","PRD014","Turkey Sandwich",1,8.50,"Expensive",2,17.00,4,0
1608,531,"2025-04-06","2025-04","BRW003","Food","PRD014","Turkey Sandwich",1,8.50,"Expensive",2,17.00,5,0
1572,520,"2025-08-31","2025-08","BRW002","Food","PRD014","Turkey Sandwich",1,8.50,"Expensive",3,25.50,4,0
1540,511,"2025-05-13","2025-05","BRW001","Food","PRD014","Turkey Sandwich",1,8.50,"Expensive",1,8.50,1,1
1520,503,"2025-02-09","2025-02","BRW002","Food","PRD014","Turkey Sandwich",1,8.50,"Expensive",3,25.50,4,0
1475,486,"2025-11-05","2025-11","BRW001","Food","PRD014","Turkey Sandwich",1,8.50,"Expensive",3,25.50,4,0
1436,474,"2025-06-27","2025-06","BRW002","Food","PRD014","Turkey Sandwich",1,8.50,"Expensive",2,17.00,2,0
1387,459,"2025-05-11","2025-05","BRW003","Food","PRD014","Turkey Sandwich",1,8.50,"Expensive",2,17.00,4,0
1376,455,"2025-08-29","2025-08","BRW003","Food","PRD014","Turkey Sandwich",1,8.50,"Expensive",1,8.50,3,0
1303,423,"2025-07-21","2025-07","BRW003","Food","PRD014","Turkey Sandwich",1,8.50,"Expensive",3,25.50,4,0
1119,364,"2025-07-30","2025-07","BRW001","Food","PRD014","Turkey Sandwich",1,8.50,"Expensive",1,8.50,4,0
1008,324,"2025-02-15","2025-02","BRW002","Food","PRD014","Turkey Sandwich",1,8.50,"Expensive",2,17.00,4,0
1001,322,"2025-11-10","2025-11","BRW002","Food","PRD014","Turkey Sandwich",1,8.50,"Expensive",1,8.50,5,0
932,300,"2026-01-20","2026-01","BRW002","Food","PRD014","Turkey Sandwich",1,8.50,"Expensive",3,25.50,4,0
887,286,"2025-02-10","2025-02","BRW002","Food","PRD014","Turkey Sandwich",1,8.50,"Expensive",1,8.50,4,0
876,283,"2025-11-09","2025-11","BRW001","Food","PRD014","Turkey Sandwich",1,8.50,"Expensive",2,17.00,4,0
797,260,"2025-01-03","2025-01","BRW002","Food","PRD014","Turkey Sandwich",1,8.50,"Expensive",3,25.50,5,0
771,250,"2025-10-14","2025-10","BRW003","Food","PRD014","Turkey Sandwich",1,8.50,"Expensive",1,8.50,5,0
722,233,"2025-04-05","2025-04","BRW001","Food","PRD014","Turkey Sandwich",1,8.50,"Expensive",3,25.50,5,0
703,229,"2025-11-12","2025-11","BRW002","Food","PRD014","Turkey Sandwich",1,8.50,"Expensive",3,25.50,4,0
674,218,"2025-02-10","2025-02","BRW002","Food","PRD014","Turkey Sandwich",1,8.50,"Expensive",2,17.00,4,0
654,212,"2025-06-27","2025-06","BRW003","Food","PRD014","Turkey Sandwich",1,8.50,"Expensive",1,8.50,4,0
596,194,"2025-07-15","2025-07","BRW003","Food","PRD014","Turkey Sandwich",1,8.50,"Expensive",3,25.50,3,0
478,161,"2025-03-07","2025-03","BRW001","Food","PRD014","Turkey Sandwich",1,8.50,"Expensive",2,17.00,5,0
431,144,"2025-08-04","2025-08","BRW003","Food","PRD014","Turkey Sandwich",1,8.50,"Expensive",2,17.00,4,0
415,138,"2026-01-13","2026-01","BRW003","Food","PRD014","Turkey Sandwich",1,8.50,"Expensive",3,25.50,4,0
399,133,"2025-04-09","2025-04","BRW001","Food","PRD014","Turkey Sandwich",1,8.50,"Expensive",3,25.50,4,0
243,80,"2025-05-02","2025-05","BRW001","Food","PRD014","Turkey Sandwich",1,8.50,"Expensive",3,25.50,3,0
213,72,"2025-10-20","2025-10","BRW003","Food","PRD014","Turkey Sandwich",1,8.50,"Expensive",3,25.50,3,0
200,67,"2025-01-25","2025-01","BRW002","Food","PRD014","Turkey Sandwich",1,8.50,"Expensive",1,8.50,4,0
180,61,"2025-12-23","2025-12","BRW001","Food","PRD014","Turkey Sandwich",1,8.50,"Expensive",2,17.00,4,0
169,57,"2025-08-12","2025-08","BRW002","Food","PRD014","Turkey Sandwich",1,8.50,"Expensive",1,8.50,3,0
146,50,"2025-08-19","2025-08","BRW003","Food","PRD014","Turkey Sandwich",1,8.50,"Expensive",1,8.50,3,0
143,48,"2025-03-15","2025-03","BRW003","Food","PRD014","Turkey Sandwich",1,8.50,"Expensive",1,8.50,5,0
110,37,"2025-09-29","2025-09","BRW001","Food","PRD014","Turkey Sandwich",1,8.50,"Expensive",1,8.50,4,0
98,33,"2025-09-08","2025-09","BRW003","Food","PRD014","Turkey Sandwich",1,8.50,"Expensive",3,25.50,3,0
33,12,"2025-10-25","2025-10","BRW002","Food","PRD014","Turkey Sandwich",1,8.50,"Expensive",3,25.50,4,0
12,4,"2026-01-11","2026-01","BRW003","Food","PRD014","Turkey Sandwich",1,8.50,"Expensive",2,17.00,5,0
3639,1197,"2025-03-01","2025-03","BRW003","Food","PRD015","Chocolate Chip Cookie",1,2.50,"Cheap",2,5.00,4,0
3621,1191,"2025-08-26","2025-08","BRW001","Food","PRD015","Chocolate Chip Cookie",1,2.50,"Cheap",2,5.00,2,0
3574,1175,"2025-02-02","2025-02","BRW002","Food","PRD015","Chocolate Chip Cookie",1,2.50,"Cheap",3,7.50,4,0
3559,1170,"2025-01-17","2025-01","BRW002","Food","PRD015","Chocolate Chip Cookie",1,2.50,"Cheap",2,5.00,3,0
3554,1169,"2025-09-23","2025-09","BRW001","Food","PRD015","Chocolate Chip Cookie",1,2.50,"Cheap",2,5.00,4,0
3536,1161,"2025-02-16","2025-02","BRW001","Food","PRD015","Chocolate Chip Cookie",1,2.50,"Cheap",2,5.00,4,0
3496,1150,"2025-04-13","2025-04","BRW002","Food","PRD015","Chocolate Chip Cookie",1,2.50,"Cheap",3,7.50,3,0
3475,1145,"2025-01-22","2025-01","BRW003","Food","PRD015","Chocolate Chip Cookie",1,2.50,"Cheap",2,5.00,2,0
3432,1132,"2025-06-09","2025-06","BRW001","Food","PRD015","Chocolate Chip Cookie",1,2.50,"Cheap",1,2.50,4,0
3427,1129,"2025-09-26","2025-09","BRW002","Food","PRD015","Chocolate Chip Cookie",1,2.50,"Cheap",2,5.00,5,0
3420,1128,"2025-07-22","2025-07","BRW002","Food","PRD015","Chocolate Chip Cookie",1,2.50,"Cheap",1,2.50,5,0
3413,1126,"2025-04-08","2025-04","BRW001","Food","PRD015","Chocolate Chip Cookie",1,2.50,"Cheap",3,7.50,4,0
3393,1121,"2025-12-28","2025-12","BRW002","Food","PRD015","Chocolate Chip Cookie",1,2.50,"Cheap",2,5.00,5,0
3317,1097,"2026-01-08","2026-01","BRW002","Food","PRD015","Chocolate Chip Cookie",1,2.50,"Cheap",3,7.50,4,0
3265,1082,"2025-01-12","2025-01","BRW001","Food","PRD015","Chocolate Chip Cookie",1,2.50,"Cheap",1,2.50,5,0
3250,1077,"2025-02-24","2025-02","BRW001","Food","PRD015","Chocolate Chip Cookie",1,2.50,"Cheap",1,2.50,3,0
3225,1070,"2025-01-24","2025-01","BRW002","Food","PRD015","Chocolate Chip Cookie",1,2.50,"Cheap",3,7.50,5,0
3211,1067,"2025-06-01","2025-06","BRW003","Food","PRD015","Chocolate Chip Cookie",1,2.50,"Cheap",1,2.50,5,0
3177,1057,"2025-09-19","2025-09","BRW001","Food","PRD015","Chocolate Chip Cookie",1,2.50,"Cheap",2,5.00,4,0
3173,1057,"2025-09-19","2025-09","BRW001","Food","PRD015","Chocolate Chip Cookie",1,2.50,"Cheap",1,2.50,4,0
3168,1055,"2025-11-17","2025-11","BRW001","Food","PRD015","Chocolate Chip Cookie",1,2.50,"Cheap",1,2.50,3,0
3158,1052,"2025-09-26","2025-09","BRW003","Food","PRD015","Chocolate Chip Cookie",1,2.50,"Cheap",3,7.50,2,0
3153,1050,"2025-08-19","2025-08","BRW001","Food","PRD015","Chocolate Chip Cookie",1,2.50,"Cheap",2,5.00,2,0
3146,1046,"2026-01-12","2026-01","BRW002","Food","PRD015","Chocolate Chip Cookie",1,2.50,"Cheap",2,5.00,3,0
3099,1031,"2025-08-20","2025-08","BRW003","Food","PRD015","Chocolate Chip Cookie",1,2.50,"Cheap",1,2.50,3,0
3077,1020,"2025-09-27","2025-09","BRW002","Food","PRD015","Chocolate Chip Cookie",1,2.50,"Cheap",3,7.50,5,0
3072,1019,"2026-01-10","2026-01","BRW001","Food","PRD015","Chocolate Chip Cookie",1,2.50,"Cheap",1,2.50,4,0
3058,1014,"2025-01-14","2025-01","BRW001","Food","PRD015","Chocolate Chip Cookie",1,2.50,"Cheap",3,7.50,3,0
3020,1002,"2026-01-10","2026-01","BRW001","Food","PRD015","Chocolate Chip Cookie",1,2.50,"Cheap",1,2.50,5,0
2988,989,"2025-08-26","2025-08","BRW003","Food","PRD015","Chocolate Chip Cookie",1,2.50,"Cheap",3,7.50,4,0
2954,977,"2025-03-01","2025-03","BRW002","Food","PRD015","Chocolate Chip Cookie",1,2.50,"Cheap",1,2.50,2,0
2949,974,"2026-01-06","2026-01","BRW001","Food","PRD015","Chocolate Chip Cookie",1,2.50,"Cheap",3,7.50,1,1
2918,965,"2025-04-15","2025-04","BRW003","Food","PRD015","Chocolate Chip Cookie",1,2.50,"Cheap",1,2.50,5,0
2912,963,"2025-01-08","2025-01","BRW002","Food","PRD015","Chocolate Chip Cookie",1,2.50,"Cheap",3,7.50,1,1
2899,958,"2025-07-04","2025-07","BRW003","Food","PRD015","Chocolate Chip Cookie",1,2.50,"Cheap",2,5.00,3,0
2873,951,"2025-09-16","2025-09","BRW003","Food","PRD015","Chocolate Chip Cookie",1,2.50,"Cheap",1,2.50,4,0
2825,936,"2025-12-30","2025-12","BRW002","Food","PRD015","Chocolate Chip Cookie",1,2.50,"Cheap",1,2.50,2,0
2814,933,"2025-05-16","2025-05","BRW001","Food","PRD015","Chocolate Chip Cookie",1,2.50,"Cheap",2,5.00,4,0
2789,924,"2026-01-19","2026-01","BRW002","Food","PRD015","Chocolate Chip Cookie",1,2.50,"Cheap",3,7.50,3,0
2780,919,"2025-11-09","2025-11","BRW002","Food","PRD015","Chocolate Chip Cookie",1,2.50,"Cheap",2,5.00,3,0
2706,892,"2025-10-16","2025-10","BRW003","Food","PRD015","Chocolate Chip Cookie",1,2.50,"Cheap",3,7.50,3,0
2693,888,"2025-12-10","2025-12","BRW002","Food","PRD015","Chocolate Chip Cookie",1,2.50,"Cheap",2,5.00,4,0
2677,882,"2025-05-21","2025-05","BRW001","Food","PRD015","Chocolate Chip Cookie",1,2.50,"Cheap",2,5.00,5,0
2646,871,"2025-02-23","2025-02","BRW002","Food","PRD015","Chocolate Chip Cookie",1,2.50,"Cheap",3,7.50,4,0
2632,868,"2025-05-22","2025-05","BRW001","Food","PRD015","Chocolate Chip Cookie",1,2.50,"Cheap",2,5.00,5,0
2619,864,"2025-04-10","2025-04","BRW002","Food","PRD015","Chocolate Chip Cookie",1,2.50,"Cheap",1,2.50,2,0
2618,863,"2025-04-05","2025-04","BRW002","Food","PRD015","Chocolate Chip Cookie",1,2.50,"Cheap",1,2.50,3,0
2575,849,"2025-07-08","2025-07","BRW002","Food","PRD015","Chocolate Chip Cookie",1,2.50,"Cheap",2,5.00,5,0
2567,848,"2025-09-30","2025-09","BRW001","Food","PRD015","Chocolate Chip Cookie",1,2.50,"Cheap",1,2.50,5,0
2494,823,"2026-01-28","2026-01","BRW002","Food","PRD015","Chocolate Chip Cookie",1,2.50,"Cheap",3,7.50,4,0
2452,809,"2025-05-19","2025-05","BRW001","Food","PRD015","Chocolate Chip Cookie",1,2.50,"Cheap",1,2.50,3,0
2423,801,"2025-12-17","2025-12","BRW003","Food","PRD015","Chocolate Chip Cookie",1,2.50,"Cheap",3,7.50,3,0
2364,780,"2025-05-01","2025-05","BRW002","Food","PRD015","Chocolate Chip Cookie",1,2.50,"Cheap",1,2.50,5,0
2332,769,"2025-03-12","2025-03","BRW002","Food","PRD015","Chocolate Chip Cookie",1,2.50,"Cheap",2,5.00,2,0
2311,763,"2025-03-07","2025-03","BRW003","Food","PRD015","Chocolate Chip Cookie",1,2.50,"Cheap",3,7.50,3,0
2263,747,"2025-01-07","2025-01","BRW001","Food","PRD015","Chocolate Chip Cookie",1,2.50,"Cheap",2,5.00,2,0
2220,732,"2025-03-18","2025-03","BRW001","Food","PRD015","Chocolate Chip Cookie",1,2.50,"Cheap",3,7.50,2,0
2148,706,"2025-02-15","2025-02","BRW003","Food","PRD015","Chocolate Chip Cookie",1,2.50,"Cheap",3,7.50,4,0
2143,703,"2025-06-09","2025-06","BRW003","Food","PRD015","Chocolate Chip Cookie",1,2.50,"Cheap",3,7.50,4,0
2113,695,"2025-03-31","2025-03","BRW002","Food","PRD015","Chocolate Chip Cookie",1,2.50,"Cheap",1,2.50,4,0
2012,662,"2025-05-22","2025-05","BRW001","Food","PRD015","Chocolate Chip Cookie",1,2.50,"Cheap",1,2.50,4,0
1981,650,"2025-09-17","2025-09","BRW003","Food","PRD015","Chocolate Chip Cookie",1,2.50,"Cheap",2,5.00,2,0
1979,648,"2025-04-14","2025-04","BRW001","Food","PRD015","Chocolate Chip Cookie",1,2.50,"Cheap",1,2.50,3,0
1963,644,"2025-11-06","2025-11","BRW003","Food","PRD015","Chocolate Chip Cookie",1,2.50,"Cheap",2,5.00,4,0
1948,640,"2025-06-24","2025-06","BRW003","Food","PRD015","Chocolate Chip Cookie",1,2.50,"Cheap",2,5.00,5,0
1926,634,"2025-06-22","2025-06","BRW003","Food","PRD015","Chocolate Chip Cookie",1,2.50,"Cheap",2,5.00,5,0
1867,614,"2025-03-09","2025-03","BRW001","Food","PRD015","Chocolate Chip Cookie",1,2.50,"Cheap",1,2.50,4,0
1853,609,"2025-03-16","2025-03","BRW002","Food","PRD015","Chocolate Chip Cookie",1,2.50,"Cheap",3,7.50,4,0
1846,607,"2025-04-20","2025-04","BRW002","Food","PRD015","Chocolate Chip Cookie",1,2.50,"Cheap",2,5.00,2,0
1835,601,"2025-07-11","2025-07","BRW001","Food","PRD015","Chocolate Chip Cookie",1,2.50,"Cheap",3,7.50,3,0
1821,597,"2026-01-24","2026-01","BRW003","Food","PRD015","Chocolate Chip Cookie",1,2.50,"Cheap",1,2.50,3,0
1812,595,"2025-05-11","2025-05","BRW001","Food","PRD015","Chocolate Chip Cookie",1,2.50,"Cheap",2,5.00,5,0
1785,587,"2025-04-24","2025-04","BRW002","Food","PRD015","Chocolate Chip Cookie",1,2.50,"Cheap",1,2.50,3,0
1770,581,"2026-01-03","2026-01","BRW003","Food","PRD015","Chocolate Chip Cookie",1,2.50,"Cheap",2,5.00,5,0
1716,566,"2025-06-04","2025-06","BRW003","Food","PRD015","Chocolate Chip Cookie",1,2.50,"Cheap",3,7.50,4,0
1713,566,"2025-06-04","2025-06","BRW003","Food","PRD015","Chocolate Chip Cookie",1,2.50,"Cheap",1,2.50,4,0
1703,563,"2025-05-22","2025-05","BRW001","Food","PRD015","Chocolate Chip Cookie",1,2.50,"Cheap",3,7.50,4,0
1684,555,"2025-04-13","2025-04","BRW002","Food","PRD015","Chocolate Chip Cookie",1,2.50,"Cheap",1,2.50,2,0
1656,545,"2026-01-17","2026-01","BRW002","Food","PRD015","Chocolate Chip Cookie",1,2.50,"Cheap",3,7.50,4,0
1647,543,"2025-04-02","2025-04","BRW001","Food","PRD015","Chocolate Chip Cookie",1,2.50,"Cheap",1,2.50,4,0
1635,540,"2026-01-14","2026-01","BRW001","Food","PRD015","Chocolate Chip Cookie",1,2.50,"Cheap",2,5.00,3,0
1629,539,"2025-08-27","2025-08","BRW003","Food","PRD015","Chocolate Chip Cookie",1,2.50,"Cheap",2,5.00,5,0
1586,525,"2025-12-04","2025-12","BRW002","Food","PRD015","Chocolate Chip Cookie",1,2.50,"Cheap",3,7.50,5,0
1579,522,"2025-11-02","2025-11","BRW001","Food","PRD015","Chocolate Chip Cookie",1,2.50,"Cheap",1,2.50,4,0
1570,520,"2025-08-31","2025-08","BRW002","Food","PRD015","Chocolate Chip Cookie",1,2.50,"Cheap",3,7.50,4,0
1562,517,"2025-09-01","2025-09","BRW003","Food","PRD015","Chocolate Chip Cookie",1,2.50,"Cheap",3,7.50,4,0
1553,515,"2026-01-15","2026-01","BRW003","Food","PRD015","Chocolate Chip Cookie",1,2.50,"Cheap",3,7.50,2,0
1541,512,"2025-02-28","2025-02","BRW003","Food","PRD015","Chocolate Chip Cookie",1,2.50,"Cheap",2,5.00,3,0
1534,507,"2025-06-19","2025-06","BRW002","Food","PRD015","Chocolate Chip Cookie",1,2.50,"Cheap",2,5.00,2,0
1532,506,"2025-06-05","2025-06","BRW001","Food","PRD015","Chocolate Chip Cookie",1,2.50,"Cheap",3,7.50,5,0
1477,487,"2025-09-17","2025-09","BRW002","Food","PRD015","Chocolate Chip Cookie",1,2.50,"Cheap",2,5.00,5,0
1441,476,"2026-01-15","2026-01","BRW001","Food","PRD015","Chocolate Chip Cookie",1,2.50,"Cheap",1,2.50,4,0
1414,467,"2025-07-24","2025-07","BRW003","Food","PRD015","Chocolate Chip Cookie",1,2.50,"Cheap",2,5.00,4,0
1336,437,"2025-12-02","2025-12","BRW001","Food","PRD015","Chocolate Chip Cookie",1,2.50,"Cheap",1,2.50,4,0
1248,402,"2025-09-19","2025-09","BRW001","Food","PRD015","Chocolate Chip Cookie",1,2.50,"Cheap",1,2.50,2,0
1238,399,"2025-12-15","2025-12","BRW003","Food","PRD015","Chocolate Chip Cookie",1,2.50,"Cheap",3,7.50,3,0
1190,384,"2025-12-18","2025-12","BRW002","Food","PRD015","Chocolate Chip Cookie",1,2.50,"Cheap",3,7.50,2,0
1177,381,"2026-01-11","2026-01","BRW003","Food","PRD015","Chocolate Chip Cookie",1,2.50,"Cheap",1,2.50,5,0
1109,361,"2026-01-27","2026-01","BRW001","Food","PRD015","Chocolate Chip Cookie",1,2.50,"Cheap",1,2.50,1,1
972,313,"2025-08-26","2025-08","BRW003","Food","PRD015","Chocolate Chip Cookie",1,2.50,"Cheap",1,2.50,5,0
969,312,"2025-08-12","2025-08","BRW002","Food","PRD015","Chocolate Chip Cookie",1,2.50,"Cheap",2,5.00,2,0
948,305,"2025-12-02","2025-12","BRW002","Food","PRD015","Chocolate Chip Cookie",1,2.50,"Cheap",2,5.00,4,0
933,301,"2025-03-12","2025-03","BRW002","Food","PRD015","Chocolate Chip Cookie",1,2.50,"Cheap",2,5.00,3,0
907,293,"2025-07-26","2025-07","BRW003","Food","PRD015","Chocolate Chip Cookie",1,2.50,"Cheap",3,7.50,5,0
886,286,"2025-02-10","2025-02","BRW002","Food","PRD015","Chocolate Chip Cookie",1,2.50,"Cheap",2,5.00,4,0
877,283,"2025-11-09","2025-11","BRW001","Food","PRD015","Chocolate Chip Cookie",1,2.50,"Cheap",1,2.50,4,0
808,263,"2025-05-12","2025-05","BRW002","Food","PRD015","Chocolate Chip Cookie",1,2.50,"Cheap",3,7.50,4,0
805,262,"2025-12-07","2025-12","BRW003","Food","PRD015","Chocolate Chip Cookie",1,2.50,"Cheap",3,7.50,1,1
804,262,"2025-12-07","2025-12","BRW003","Food","PRD015","Chocolate Chip Cookie",1,2.50,"Cheap",3,7.50,1,1
736,237,"2026-01-19","2026-01","BRW002","Food","PRD015","Chocolate Chip Cookie",1,2.50,"Cheap",2,5.00,2,0
735,237,"2026-01-19","2026-01","BRW002","Food","PRD015","Chocolate Chip Cookie",1,2.50,"Cheap",1,2.50,2,0
672,218,"2025-02-10","2025-02","BRW002","Food","PRD015","Chocolate Chip Cookie",1,2.50,"Cheap",3,7.50,4,0
649,211,"2025-10-22","2025-10","BRW003","Food","PRD015","Chocolate Chip Cookie",1,2.50,"Cheap",3,7.50,3,0
601,197,"2025-06-11","2025-06","BRW001","Food","PRD015","Chocolate Chip Cookie",1,2.50,"Cheap",1,2.50,4,0
587,191,"2026-01-27","2026-01","BRW002","Food","PRD015","Chocolate Chip Cookie",1,2.50,"Cheap",1,2.50,4,0
573,187,"2025-05-05","2025-05","BRW002","Food","PRD015","Chocolate Chip Cookie",1,2.50,"Cheap",1,2.50,5,0
497,166,"2025-01-11","2025-01","BRW001","Food","PRD015","Chocolate Chip Cookie",1,2.50,"Cheap",1,2.50,5,0
468,156,"2025-09-04","2025-09","BRW003","Food","PRD015","Chocolate Chip Cookie",1,2.50,"Cheap",1,2.50,5,0
445,149,"2025-02-28","2025-02","BRW001","Food","PRD015","Chocolate Chip Cookie",1,2.50,"Cheap",2,5.00,3,0
416,138,"2026-01-13","2026-01","BRW003","Food","PRD015","Chocolate Chip Cookie",1,2.50,"Cheap",1,2.50,4,0
383,129,"2025-08-18","2025-08","BRW002","Food","PRD015","Chocolate Chip Cookie",1,2.50,"Cheap",1,2.50,5,0
252,84,"2025-08-10","2025-08","BRW002","Food","PRD015","Chocolate Chip Cookie",1,2.50,"Cheap",1,2.50,5,0
233,77,"2026-01-08","2026-01","BRW003","Food","PRD015","Chocolate Chip Cookie",1,2.50,"Cheap",3,7.50,5,0
215,73,"2025-06-16","2025-06","BRW001","Food","PRD015","Chocolate Chip Cookie",1,2.50,"Cheap",2,5.00,4,0
79,26,"2025-06-20","2025-06","BRW001","Food","PRD015","Chocolate Chip Cookie",1,2.50,"Cheap",3,7.50,4,0
36,12,"2025-10-25","2025-10","BRW002","Food","PRD015","Chocolate Chip Cookie",1,2.50,"Cheap",2,5.00,4,0
14,5,"2025-11-28","2025-11","BRW002","Food","PRD015","Chocolate Chip Cookie",1,2.50,"Cheap",2,5.00,2,0
3633,1195,"2025-06-18","2025-06","BRW001","Food","PRD016","Cheesecake Slice",1,5.75,"Mid",3,17.25,1,1
3552,1168,"2025-12-14","2025-12","BRW003","Food","PRD016","Cheesecake Slice",1,5.75,"Mid",3,17.25,2,0
3498,1151,"2025-10-30","2025-10","BRW002","Food","PRD016","Cheesecake Slice",1,5.75,"Mid",3,17.25,3,0
3485,1147,"2025-10-01","2025-10","BRW003","Food","PRD016","Cheesecake Slice",1,5.75,"Mid",3,17.25,5,0
3476,1146,"2025-11-24","2025-11","BRW003","Food","PRD016","Cheesecake Slice",1,5.75,"Mid",3,17.25,5,0
3359,1111,"2025-12-22","2025-12","BRW003","Food","PRD016","Cheesecake Slice",1,5.75,"Mid",3,17.25,3,0
3335,1102,"2025-11-29","2025-11","BRW002","Food","PRD016","Cheesecake Slice",1,5.75,"Mid",3,17.25,1,1
3308,1094,"2025-05-02","2025-05","BRW002","Food","PRD016","Cheesecake Slice",1,5.75,"Mid",3,17.25,4,0
3302,1093,"2025-08-23","2025-08","BRW003","Food","PRD016","Cheesecake Slice",1,5.75,"Mid",2,11.50,5,0
3291,1090,"2025-05-01","2025-05","BRW003","Food","PRD016","Cheesecake Slice",1,5.75,"Mid",2,11.50,1,1
3188,1060,"2025-10-16","2025-10","BRW003","Food","PRD016","Cheesecake Slice",1,5.75,"Mid",3,17.25,4,0
3181,1058,"2025-11-01","2025-11","BRW003","Food","PRD016","Cheesecake Slice",1,5.75,"Mid",2,11.50,4,0
3111,1034,"2026-01-22","2026-01","BRW001","Food","PRD016","Cheesecake Slice",1,5.75,"Mid",2,11.50,3,0
3101,1031,"2025-08-20","2025-08","BRW003","Food","PRD016","Cheesecake Slice",1,5.75,"Mid",2,11.50,3,0
3068,1018,"2025-10-05","2025-10","BRW001","Food","PRD016","Cheesecake Slice",1,5.75,"Mid",2,11.50,3,0
2991,990,"2025-01-30","2025-01","BRW003","Food","PRD016","Cheesecake Slice",1,5.75,"Mid",3,17.25,2,0
2877,952,"2025-09-18","2025-09","BRW002","Food","PRD016","Cheesecake Slice",1,5.75,"Mid",1,5.75,5,0
2845,943,"2025-12-27","2025-12","BRW002","Food","PRD016","Cheesecake Slice",1,5.75,"Mid",2,11.50,4,0
2798,928,"2025-05-16","2025-05","BRW001","Food","PRD016","Cheesecake Slice",1,5.75,"Mid",3,17.25,5,0
2724,898,"2025-07-10","2025-07","BRW003","Food","PRD016","Cheesecake Slice",1,5.75,"Mid",1,5.75,5,0
2687,885,"2026-01-02","2026-01","BRW001","Food","PRD016","Cheesecake Slice",1,5.75,"Mid",2,11.50,5,0
2652,872,"2025-08-03","2025-08","BRW002","Food","PRD016","Cheesecake Slice",1,5.75,"Mid",3,17.25,5,0
2620,864,"2025-04-10","2025-04","BRW002","Food","PRD016","Cheesecake Slice",1,5.75,"Mid",3,17.25,2,0
2585,853,"2025-03-09","2025-03","BRW003","Food","PRD016","Cheesecake Slice",1,5.75,"Mid",3,17.25,4,0
2525,832,"2025-04-21","2025-04","BRW002","Food","PRD016","Cheesecake Slice",1,5.75,"Mid",2,11.50,2,0
2479,819,"2025-03-13","2025-03","BRW001","Food","PRD016","Cheesecake Slice",1,5.75,"Mid",1,5.75,5,0
2455,811,"2025-12-17","2025-12","BRW003","Food","PRD016","Cheesecake Slice",1,5.75,"Mid",2,11.50,2,0
2438,805,"2026-01-24","2026-01","BRW002","Food","PRD016","Cheesecake Slice",1,5.75,"Mid",3,17.25,3,0
2428,802,"2025-07-17","2025-07","BRW001","Food","PRD016","Cheesecake Slice",1,5.75,"Mid",1,5.75,5,0
2291,756,"2025-09-12","2025-09","BRW001","Food","PRD016","Cheesecake Slice",1,5.75,"Mid",3,17.25,4,0
2261,746,"2025-07-01","2025-07","BRW001","Food","PRD016","Cheesecake Slice",1,5.75,"Mid",2,11.50,5,0
2222,733,"2025-09-24","2025-09","BRW001","Food","PRD016","Cheesecake Slice",1,5.75,"Mid",2,11.50,2,0
2207,727,"2025-04-05","2025-04","BRW003","Food","PRD016","Cheesecake Slice",1,5.75,"Mid",2,11.50,3,0
1992,653,"2025-08-27","2025-08","BRW002","Food","PRD016","Cheesecake Slice",1,5.75,"Mid",1,5.75,3,0
1982,650,"2025-09-17","2025-09","BRW003","Food","PRD016","Cheesecake Slice",1,5.75,"Mid",3,17.25,2,0
1972,647,"2025-05-13","2025-05","BRW003","Food","PRD016","Cheesecake Slice",1,5.75,"Mid",3,17.25,4,0
1935,637,"2025-07-18","2025-07","BRW001","Food","PRD016","Cheesecake Slice",1,5.75,"Mid",1,5.75,5,0
1910,630,"2026-01-16","2026-01","BRW002","Food","PRD016","Cheesecake Slice",1,5.75,"Mid",2,11.50,4,0
1907,629,"2025-08-30","2025-08","BRW002","Food","PRD016","Cheesecake Slice",1,5.75,"Mid",1,5.75,2,0
1887,620,"2026-01-12","2026-01","BRW002","Food","PRD016","Cheesecake Slice",1,5.75,"Mid",2,11.50,1,1
1874,615,"2025-12-15","2025-12","BRW003","Food","PRD016","Cheesecake Slice",1,5.75,"Mid",2,11.50,4,0
1769,581,"2026-01-03","2026-01","BRW003","Food","PRD016","Cheesecake Slice",1,5.75,"Mid",1,5.75,5,0
1762,579,"2025-12-12","2025-12","BRW001","Food","PRD016","Cheesecake Slice",1,5.75,"Mid",1,5.75,3,0
1700,562,"2025-08-06","2025-08","BRW002","Food","PRD016","Cheesecake Slice",1,5.75,"Mid",3,17.25,5,0
1665,548,"2025-10-09","2025-10","BRW001","Food","PRD016","Cheesecake Slice",1,5.75,"Mid",2,11.50,3,0
1624,537,"2025-11-12","2025-11","BRW001","Food","PRD016","Cheesecake Slice",1,5.75,"Mid",3,17.25,3,0
1529,506,"2025-06-05","2025-06","BRW001","Food","PRD016","Cheesecake Slice",1,5.75,"Mid",1,5.75,5,0
1527,504,"2025-05-12","2025-05","BRW001","Food","PRD016","Cheesecake Slice",1,5.75,"Mid",2,11.50,3,0
1521,503,"2025-02-09","2025-02","BRW002","Food","PRD016","Cheesecake Slice",1,5.75,"Mid",3,17.25,4,0
1484,488,"2025-10-27","2025-10","BRW002","Food","PRD016","Cheesecake Slice",1,5.75,"Mid",1,5.75,2,0
1483,488,"2025-10-27","2025-10","BRW002","Food","PRD016","Cheesecake Slice",1,5.75,"Mid",3,17.25,2,0
1463,482,"2025-12-03","2025-12","BRW002","Food","PRD016","Cheesecake Slice",1,5.75,"Mid",3,17.25,5,0
1454,480,"2025-07-25","2025-07","BRW001","Food","PRD016","Cheesecake Slice",1,5.75,"Mid",1,5.75,4,0
1442,476,"2026-01-15","2026-01","BRW001","Food","PRD016","Cheesecake Slice",1,5.75,"Mid",1,5.75,4,0
1292,420,"2025-02-18","2025-02","BRW001","Food","PRD016","Cheesecake Slice",1,5.75,"Mid",1,5.75,5,0
1253,404,"2025-02-05","2025-02","BRW001","Food","PRD016","Cheesecake Slice",1,5.75,"Mid",1,5.75,1,1
1234,398,"2025-04-11","2025-04","BRW001","Food","PRD016","Cheesecake Slice",1,5.75,"Mid",1,5.75,2,0
1201,389,"2025-04-29","2025-04","BRW003","Food","PRD016","Cheesecake Slice",1,5.75,"Mid",1,5.75,4,0
1167,379,"2025-10-24","2025-10","BRW002","Food","PRD016","Cheesecake Slice",1,5.75,"Mid",3,17.25,5,0
1130,368,"2025-02-07","2025-02","BRW002","Food","PRD016","Cheesecake Slice",1,5.75,"Mid",1,5.75,5,0
1125,366,"2025-01-09","2025-01","BRW003","Food","PRD016","Cheesecake Slice",1,5.75,"Mid",2,11.50,4,0
1081,350,"2025-02-24","2025-02","BRW002","Food","PRD016","Cheesecake Slice",1,5.75,"Mid",1,5.75,5,0
1035,332,"2025-08-28","2025-08","BRW002","Food","PRD016","Cheesecake Slice",1,5.75,"Mid",1,5.75,3,0
1005,323,"2025-09-21","2025-09","BRW003","Food","PRD016","Cheesecake Slice",1,5.75,"Mid",3,17.25,5,0
973,313,"2025-08-26","2025-08","BRW003","Food","PRD016","Cheesecake Slice",1,5.75,"Mid",2,11.50,5,0
952,306,"2025-02-01","2025-02","BRW003","Food","PRD016","Cheesecake Slice",1,5.75,"Mid",1,5.75,4,0
939,303,"2025-08-27","2025-08","BRW003","Food","PRD016","Cheesecake Slice",1,5.75,"Mid",2,11.50,5,0
909,293,"2025-07-26","2025-07","BRW003","Food","PRD016","Cheesecake Slice",1,5.75,"Mid",2,11.50,5,0
904,292,"2026-01-01","2026-01","BRW003","Food","PRD016","Cheesecake Slice",1,5.75,"Mid",2,11.50,2,0
845,274,"2025-08-07","2025-08","BRW002","Food","PRD016","Cheesecake Slice",1,5.75,"Mid",2,11.50,4,0
779,252,"2025-09-05","2025-09","BRW002","Food","PRD016","Cheesecake Slice",1,5.75,"Mid",3,17.25,1,1
778,251,"2025-02-13","2025-02","BRW003","Food","PRD016","Cheesecake Slice",1,5.75,"Mid",3,17.25,4,0
730,235,"2026-01-18","2026-01","BRW003","Food","PRD016","Cheesecake Slice",1,5.75,"Mid",2,11.50,5,0
673,218,"2025-02-10","2025-02","BRW002","Food","PRD016","Cheesecake Slice",1,5.75,"Mid",3,17.25,4,0
663,215,"2025-06-04","2025-06","BRW001","Food","PRD016","Cheesecake Slice",1,5.75,"Mid",2,11.50,3,0
620,203,"2025-10-23","2025-10","BRW002","Food","PRD016","Cheesecake Slice",1,5.75,"Mid",2,11.50,5,0
597,195,"2025-12-26","2025-12","BRW002","Food","PRD016","Cheesecake Slice",1,5.75,"Mid",2,11.50,1,1
551,181,"2025-01-21","2025-01","BRW003","Food","PRD016","Cheesecake Slice",1,5.75,"Mid",2,11.50,3,0
493,165,"2026-01-05","2026-01","BRW002","Food","PRD016","Cheesecake Slice",1,5.75,"Mid",3,17.25,1,1
303,102,"2025-10-29","2025-10","BRW002","Food","PRD016","Cheesecake Slice",1,5.75,"Mid",2,11.50,5,0
277,95,"2025-03-29","2025-03","BRW001","Food","PRD016","Cheesecake Slice",1,5.75,"Mid",1,5.75,4,0
267,91,"2025-06-23","2025-06","BRW003","Food","PRD016","Cheesecake Slice",1,5.75,"Mid",2,11.50,2,0
241,80,"2025-05-02","2025-05","BRW001","Food","PRD016","Cheesecake Slice",1,5.75,"Mid",2,11.50,3,0
192,64,"2025-04-21","2025-04","BRW002","Food","PRD016","Cheesecake Slice",1,5.75,"Mid",1,5.75,3,0
111,37,"2025-09-29","2025-09","BRW001","Food","PRD016","Cheesecake Slice",1,5.75,"Mid",2,11.50,4,0
97,32,"2025-01-17","2025-01","BRW003","Food","PRD016","Cheesecake Slice",1,5.75,"Mid",2,11.50,3,0
47,17,"2025-03-26","2025-03","BRW003","Food","PRD016","Cheesecake Slice",1,5.75,"Mid",3,17.25,3,0
3628,1194,"2025-02-19","2025-02","BRW001","Food","PRD017","Avocado Toast",1,9.50,"Expensive",2,19.00,5,0
3623,1192,"2026-01-21","2026-01","BRW003","Food","PRD017","Avocado Toast",1,9.50,"Expensive",2,19.00,3,0
3603,1184,"2025-08-02","2025-08","BRW002","Food","PRD017","Avocado Toast",1,9.50,"Expensive",2,19.00,4,0
3583,1178,"2025-06-27","2025-06","BRW001","Food","PRD017","Avocado Toast",1,9.50,"Expensive",3,28.50,4,0
3567,1173,"2025-03-15","2025-03","BRW001","Food","PRD017","Avocado Toast",1,9.50,"Expensive",3,28.50,5,0
3544,1165,"2025-02-24","2025-02","BRW003","Food","PRD017","Avocado Toast",1,9.50,"Expensive",1,9.50,4,0
3482,1147,"2025-10-01","2025-10","BRW003","Food","PRD017","Avocado Toast",1,9.50,"Expensive",1,9.50,5,0
3472,1144,"2025-05-11","2025-05","BRW003","Food","PRD017","Avocado Toast",1,9.50,"Expensive",2,19.00,2,0
3443,1135,"2025-07-24","2025-07","BRW001","Food","PRD017","Avocado Toast",1,9.50,"Expensive",1,9.50,3,0
3410,1125,"2026-01-06","2026-01","BRW002","Food","PRD017","Avocado Toast",1,9.50,"Expensive",2,19.00,4,0
3396,1121,"2025-12-28","2025-12","BRW002","Food","PRD017","Avocado Toast",1,9.50,"Expensive",1,9.50,5,0
3325,1099,"2025-08-06","2025-08","BRW001","Food","PRD017","Avocado Toast",1,9.50,"Expensive",3,28.50,5,0
3319,1097,"2026-01-08","2026-01","BRW002","Food","PRD017","Avocado Toast",1,9.50,"Expensive",1,9.50,4,0
3228,1071,"2025-07-09","2025-07","BRW001","Food","PRD017","Avocado Toast",1,9.50,"Expensive",3,28.50,5,0
3147,1047,"2025-04-17","2025-04","BRW003","Food","PRD017","Avocado Toast",1,9.50,"Expensive",3,28.50,1,1
3114,1036,"2025-11-01","2025-11","BRW003","Food","PRD017","Avocado Toast",1,9.50,"Expensive",1,9.50,1,1
3073,1019,"2026-01-10","2026-01","BRW001","Food","PRD017","Avocado Toast",1,9.50,"Expensive",2,19.00,4,0
2889,955,"2025-08-09","2025-08","BRW003","Food","PRD017","Avocado Toast",1,9.50,"Expensive",3,28.50,5,0
2832,939,"2025-07-22","2025-07","BRW001","Food","PRD017","Avocado Toast",1,9.50,"Expensive",1,9.50,4,0
2804,929,"2026-01-27","2026-01","BRW002","Food","PRD017","Avocado Toast",1,9.50,"Expensive",3,28.50,5,0
2788,924,"2026-01-19","2026-01","BRW002","Food","PRD017","Avocado Toast",1,9.50,"Expensive",3,28.50,3,0
2777,918,"2025-01-07","2025-01","BRW002","Food","PRD017","Avocado Toast",1,9.50,"Expensive",1,9.50,2,0
2736,903,"2025-07-25","2025-07","BRW001","Food","PRD017","Avocado Toast",1,9.50,"Expensive",1,9.50,3,0
2676,882,"2025-05-21","2025-05","BRW001","Food","PRD017","Avocado Toast",1,9.50,"Expensive",3,28.50,5,0
2612,860,"2025-09-15","2025-09","BRW002","Food","PRD017","Avocado Toast",1,9.50,"Expensive",2,19.00,3,0
2609,859,"2025-01-12","2025-01","BRW001","Food","PRD017","Avocado Toast",1,9.50,"Expensive",2,19.00,5,0
2590,854,"2025-04-20","2025-04","BRW002","Food","PRD017","Avocado Toast",1,9.50,"Expensive",1,9.50,2,0
2523,831,"2025-07-14","2025-07","BRW001","Food","PRD017","Avocado Toast",1,9.50,"Expensive",1,9.50,2,0
2401,792,"2025-10-29","2025-10","BRW001","Food","PRD017","Avocado Toast",1,9.50,"Expensive",1,9.50,3,0
2381,786,"2025-01-21","2025-01","BRW002","Food","PRD017","Avocado Toast",1,9.50,"Expensive",2,19.00,2,0
2323,766,"2025-05-30","2025-05","BRW003","Food","PRD017","Avocado Toast",1,9.50,"Expensive",1,9.50,5,0
2318,765,"2025-09-16","2025-09","BRW002","Food","PRD017","Avocado Toast",1,9.50,"Expensive",1,9.50,5,0
2284,754,"2025-03-08","2025-03","BRW003","Food","PRD017","Avocado Toast",1,9.50,"Expensive",3,28.50,4,0
2282,754,"2025-03-08","2025-03","BRW003","Food","PRD017","Avocado Toast",1,9.50,"Expensive",1,9.50,4,0
2257,745,"2025-09-22","2025-09","BRW001","Food","PRD017","Avocado Toast",1,9.50,"Expensive",1,9.50,5,0
2239,739,"2025-07-27","2025-07","BRW001","Food","PRD017","Avocado Toast",1,9.50,"Expensive",1,9.50,4,0
2237,738,"2026-01-01","2026-01","BRW002","Food","PRD017","Avocado Toast",1,9.50,"Expensive",1,9.50,3,0
2219,731,"2025-12-24","2025-12","BRW003","Food","PRD017","Avocado Toast",1,9.50,"Expensive",3,28.50,2,0
2188,721,"2025-08-06","2025-08","BRW003","Food","PRD017","Avocado Toast",1,9.50,"Expensive",1,9.50,1,1
2174,714,"2025-06-13","2025-06","BRW003","Food","PRD017","Avocado Toast",1,9.50,"Expensive",3,28.50,3,0
2158,708,"2025-01-22","2025-01","BRW001","Food","PRD017","Avocado Toast",1,9.50,"Expensive",3,28.50,3,0
2138,702,"2025-12-27","2025-12","BRW003","Food","PRD017","Avocado Toast",1,9.50,"Expensive",2,19.00,4,0
2129,699,"2025-05-14","2025-05","BRW001","Food","PRD017","Avocado Toast",1,9.50,"Expensive",2,19.00,4,0
2110,693,"2025-08-29","2025-08","BRW003","Food","PRD017","Avocado Toast",1,9.50,"Expensive",2,19.00,4,0
2053,674,"2025-01-27","2025-01","BRW001","Food","PRD017","Avocado Toast",1,9.50,"Expensive",3,28.50,4,0
2009,660,"2025-04-11","2025-04","BRW002","Food","PRD017","Avocado Toast",1,9.50,"Expensive",3,28.50,2,0
1962,644,"2025-11-06","2025-11","BRW003","Food","PRD017","Avocado Toast",1,9.50,"Expensive",2,19.00,4,0
1953,642,"2025-05-12","2025-05","BRW001","Food","PRD017","Avocado Toast",1,9.50,"Expensive",3,28.50,4,0
1952,642,"2025-05-12","2025-05","BRW001","Food","PRD017","Avocado Toast",1,9.50,"Expensive",2,19.00,4,0
1826,599,"2026-01-16","2026-01","BRW003","Food","PRD017","Avocado Toast",1,9.50,"Expensive",1,9.50,2,0
1782,586,"2025-06-07","2025-06","BRW001","Food","PRD017","Avocado Toast",1,9.50,"Expensive",1,9.50,1,1
1736,572,"2025-11-02","2025-11","BRW003","Food","PRD017","Avocado Toast",1,9.50,"Expensive",3,28.50,3,0
1729,570,"2025-02-25","2025-02","BRW001","Food","PRD017","Avocado Toast",1,9.50,"Expensive",1,9.50,3,0
1685,556,"2025-02-28","2025-02","BRW001","Food","PRD017","Avocado Toast",1,9.50,"Expensive",1,9.50,3,0
1651,544,"2025-02-14","2025-02","BRW001","Food","PRD017","Avocado Toast",1,9.50,"Expensive",2,19.00,2,0
1632,539,"2025-08-27","2025-08","BRW003","Food","PRD017","Avocado Toast",1,9.50,"Expensive",3,28.50,5,0
1623,536,"2025-10-16","2025-10","BRW002","Food","PRD017","Avocado Toast",1,9.50,"Expensive",2,19.00,4,0
1574,521,"2025-02-23","2025-02","BRW002","Food","PRD017","Avocado Toast",1,9.50,"Expensive",1,9.50,2,0
1568,519,"2025-11-13","2025-11","BRW003","Food","PRD017","Avocado Toast",1,9.50,"Expensive",2,19.00,5,0
1547,513,"2025-09-15","2025-09","BRW001","Food","PRD017","Avocado Toast",1,9.50,"Expensive",2,19.00,4,0
1533,506,"2025-06-05","2025-06","BRW001","Food","PRD017","Avocado Toast",1,9.50,"Expensive",2,19.00,5,0
1476,486,"2025-11-05","2025-11","BRW001","Food","PRD017","Avocado Toast",1,9.50,"Expensive",3,28.50,4,0
1462,482,"2025-12-03","2025-12","BRW002","Food","PRD017","Avocado Toast",1,9.50,"Expensive",1,9.50,5,0
1446,477,"2025-08-04","2025-08","BRW001","Food","PRD017","Avocado Toast",1,9.50,"Expensive",1,9.50,3,0
1408,465,"2025-06-24","2025-06","BRW001","Food","PRD017","Avocado Toast",1,9.50,"Expensive",2,19.00,4,0
1406,465,"2025-06-24","2025-06","BRW001","Food","PRD017","Avocado Toast",1,9.50,"Expensive",3,28.50,4,0
1395,461,"2025-06-29","2025-06","BRW002","Food","PRD017","Avocado Toast",1,9.50,"Expensive",2,19.00,4,0
1392,461,"2025-06-29","2025-06","BRW002","Food","PRD017","Avocado Toast",1,9.50,"Expensive",1,9.50,4,0
1375,454,"2025-09-18","2025-09","BRW003","Food","PRD017","Avocado Toast",1,9.50,"Expensive",1,9.50,2,0
1187,383,"2025-06-24","2025-06","BRW003","Food","PRD017","Avocado Toast",1,9.50,"Expensive",1,9.50,5,0
1176,381,"2026-01-11","2026-01","BRW003","Food","PRD017","Avocado Toast",1,9.50,"Expensive",3,28.50,5,0
1134,368,"2025-02-07","2025-02","BRW002","Food","PRD017","Avocado Toast",1,9.50,"Expensive",2,19.00,5,0
1129,367,"2025-11-30","2025-11","BRW001","Food","PRD017","Avocado Toast",1,9.50,"Expensive",3,28.50,1,1
1127,366,"2025-01-09","2025-01","BRW003","Food","PRD017","Avocado Toast",1,9.50,"Expensive",2,19.00,4,0
1118,364,"2025-07-30","2025-07","BRW001","Food","PRD017","Avocado Toast",1,9.50,"Expensive",2,19.00,4,0
1111,362,"2025-11-11","2025-11","BRW001","Food","PRD017","Avocado Toast",1,9.50,"Expensive",3,28.50,4,0
1101,357,"2025-09-12","2025-09","BRW002","Food","PRD017","Avocado Toast",1,9.50,"Expensive",2,19.00,4,0
1088,352,"2025-11-23","2025-11","BRW001","Food","PRD017","Avocado Toast",1,9.50,"Expensive",1,9.50,2,0
1049,337,"2025-02-23","2025-02","BRW001","Food","PRD017","Avocado Toast",1,9.50,"Expensive",2,19.00,4,0
1046,336,"2025-10-17","2025-10","BRW002","Food","PRD017","Avocado Toast",1,9.50,"Expensive",2,19.00,4,0
928,299,"2025-07-08","2025-07","BRW002","Food","PRD017","Avocado Toast",1,9.50,"Expensive",3,28.50,4,0
924,299,"2025-07-08","2025-07","BRW002","Food","PRD017","Avocado Toast",1,9.50,"Expensive",1,9.50,4,0
885,285,"2025-11-18","2025-11","BRW001","Food","PRD017","Avocado Toast",1,9.50,"Expensive",3,28.50,2,0
874,282,"2025-10-10","2025-10","BRW001","Food","PRD017","Avocado Toast",1,9.50,"Expensive",2,19.00,4,0
822,267,"2025-12-02","2025-12","BRW003","Food","PRD017","Avocado Toast",1,9.50,"Expensive",3,28.50,5,0
819,266,"2025-03-25","2025-03","BRW002","Food","PRD017","Avocado Toast",1,9.50,"Expensive",2,19.00,2,0
798,260,"2025-01-03","2025-01","BRW002","Food","PRD017","Avocado Toast",1,9.50,"Expensive",2,19.00,5,0
774,250,"2025-10-14","2025-10","BRW003","Food","PRD017","Avocado Toast",1,9.50,"Expensive",1,9.50,5,0
759,246,"2026-01-22","2026-01","BRW001","Food","PRD017","Avocado Toast",1,9.50,"Expensive",1,9.50,3,0
676,219,"2025-09-09","2025-09","BRW001","Food","PRD017","Avocado Toast",1,9.50,"Expensive",1,9.50,1,1
644,210,"2025-07-07","2025-07","BRW003","Food","PRD017","Avocado Toast",1,9.50,"Expensive",2,19.00,4,0
635,206,"2025-09-15","2025-09","BRW002","Food","PRD017","Avocado Toast",1,9.50,"Expensive",3,28.50,3,0
610,199,"2025-08-20","2025-08","BRW003","Food","PRD017","Avocado Toast",1,9.50,"Expensive",1,9.50,5,0
580,189,"2025-04-10","2025-04","BRW002","Food","PRD017","Avocado Toast",1,9.50,"Expensive",3,28.50,4,0
537,177,"2025-05-24","2025-05","BRW001","Food","PRD017","Avocado Toast",1,9.50,"Expensive",1,9.50,4,0
499,167,"2025-04-28","2025-04","BRW001","Food","PRD017","Avocado Toast",1,9.50,"Expensive",2,19.00,5,0
477,161,"2025-03-07","2025-03","BRW001","Food","PRD017","Avocado Toast",1,9.50,"Expensive",2,19.00,5,0
467,156,"2025-09-04","2025-09","BRW003","Food","PRD017","Avocado Toast",1,9.50,"Expensive",2,19.00,5,0
393,132,"2025-09-18","2025-09","BRW002","Food","PRD017","Avocado Toast",1,9.50,"Expensive",3,28.50,3,0
380,127,"2026-01-24","2026-01","BRW002","Food","PRD017","Avocado Toast",1,9.50,"Expensive",2,19.00,3,0
375,125,"2025-06-21","2025-06","BRW002","Food","PRD017","Avocado Toast",1,9.50,"Expensive",3,28.50,2,0
374,125,"2025-06-21","2025-06","BRW002","Food","PRD017","Avocado Toast",1,9.50,"Expensive",2,19.00,2,0
357,119,"2025-03-29","2025-03","BRW003","Food","PRD017","Avocado Toast",1,9.50,"Expensive",1,9.50,2,0
350,116,"2025-04-24","2025-04","BRW003","Food","PRD017","Avocado Toast",1,9.50,"Expensive",2,19.00,3,0
298,101,"2025-05-21","2025-05","BRW002","Food","PRD017","Avocado Toast",1,9.50,"Expensive",2,19.00,3,0
278,95,"2025-03-29","2025-03","BRW001","Food","PRD017","Avocado Toast",1,9.50,"Expensive",2,19.00,4,0
272,93,"2025-02-24","2025-02","BRW002","Food","PRD017","Avocado Toast",1,9.50,"Expensive",1,9.50,3,0
268,91,"2025-06-23","2025-06","BRW003","Food","PRD017","Avocado Toast",1,9.50,"Expensive",1,9.50,2,0
219,74,"2025-09-15","2025-09","BRW003","Food","PRD017","Avocado Toast",1,9.50,"Expensive",3,28.50,4,0
189,63,"2025-12-02","2025-12","BRW002","Food","PRD017","Avocado Toast",1,9.50,"Expensive",2,19.00,3,0
186,62,"2025-05-13","2025-05","BRW001","Food","PRD017","Avocado Toast",1,9.50,"Expensive",2,19.00,4,0
160,53,"2026-01-05","2026-01","BRW003","Food","PRD017","Avocado Toast",1,9.50,"Expensive",2,19.00,2,0
145,49,"2026-01-04","2026-01","BRW002","Food","PRD017","Avocado Toast",1,9.50,"Expensive",3,28.50,1,1
128,44,"2025-06-03","2025-06","BRW002","Food","PRD017","Avocado Toast",1,9.50,"Expensive",3,28.50,3,0
2,1,"2025-12-09","2025-12","BRW001","Food","PRD017","Avocado Toast",1,9.50,"Expensive",2,19.00,2,0
3642,1198,"2025-09-30","2025-09","BRW001","Food","PRD018","Buttermilk Pancakes",1,7.95,"Mid",2,15.90,5,0
3597,1183,"2026-01-18","2026-01","BRW003","Food","PRD018","Buttermilk Pancakes",1,7.95,"Mid",1,7.95,5,0
3593,1180,"2025-11-28","2025-11","BRW002","Food","PRD018","Buttermilk Pancakes",1,7.95,"Mid",2,15.90,3,0
3592,1180,"2025-11-28","2025-11","BRW002","Food","PRD018","Buttermilk Pancakes",1,7.95,"Mid",1,7.95,3,0
3518,1157,"2025-04-13","2025-04","BRW001","Food","PRD018","Buttermilk Pancakes",1,7.95,"Mid",3,23.85,3,0
3505,1152,"2025-04-21","2025-04","BRW003","Food","PRD018","Buttermilk Pancakes",1,7.95,"Mid",1,7.95,5,0
3464,1141,"2025-10-11","2025-10","BRW003","Food","PRD018","Buttermilk Pancakes",1,7.95,"Mid",3,23.85,5,0
3461,1140,"2025-10-20","2025-10","BRW001","Food","PRD018","Buttermilk Pancakes",1,7.95,"Mid",1,7.95,4,0
3447,1136,"2025-06-02","2025-06","BRW001","Food","PRD018","Buttermilk Pancakes",1,7.95,"Mid",2,15.90,5,0
3416,1127,"2026-01-12","2026-01","BRW002","Food","PRD018","Buttermilk Pancakes",1,7.95,"Mid",3,23.85,3,0
3409,1125,"2026-01-06","2026-01","BRW002","Food","PRD018","Buttermilk Pancakes",1,7.95,"Mid",2,15.90,4,0
3366,1113,"2025-05-28","2025-05","BRW001","Food","PRD018","Buttermilk Pancakes",1,7.95,"Mid",3,23.85,5,0
3358,1110,"2026-01-02","2026-01","BRW003","Food","PRD018","Buttermilk Pancakes",1,7.95,"Mid",2,15.90,4,0
3357,1110,"2026-01-02","2026-01","BRW003","Food","PRD018","Buttermilk Pancakes",1,7.95,"Mid",3,23.85,4,0
3352,1109,"2025-04-11","2025-04","BRW002","Food","PRD018","Buttermilk Pancakes",1,7.95,"Mid",2,15.90,4,0
3292,1091,"2025-03-31","2025-03","BRW001","Food","PRD018","Buttermilk Pancakes",1,7.95,"Mid",1,7.95,5,0
3272,1084,"2025-08-18","2025-08","BRW003","Food","PRD018","Buttermilk Pancakes",1,7.95,"Mid",2,15.90,1,1
3261,1080,"2025-06-05","2025-06","BRW003","Food","PRD018","Buttermilk Pancakes",1,7.95,"Mid",3,23.85,1,1
3232,1072,"2025-12-03","2025-12","BRW003","Food","PRD018","Buttermilk Pancakes",1,7.95,"Mid",3,23.85,4,0
3194,1062,"2025-09-07","2025-09","BRW001","Food","PRD018","Buttermilk Pancakes",1,7.95,"Mid",1,7.95,4,0
3186,1059,"2025-05-06","2025-05","BRW001","Food","PRD018","Buttermilk Pancakes",1,7.95,"Mid",2,15.90,3,0
3172,1056,"2026-01-09","2026-01","BRW002","Food","PRD018","Buttermilk Pancakes",1,7.95,"Mid",3,23.85,3,0
3143,1045,"2025-05-15","2025-05","BRW003","Food","PRD018","Buttermilk Pancakes",1,7.95,"Mid",1,7.95,4,0
3116,1037,"2025-02-17","2025-02","BRW001","Food","PRD018","Buttermilk Pancakes",1,7.95,"Mid",2,15.90,2,0
3096,1029,"2025-07-12","2025-07","BRW003","Food","PRD018","Buttermilk Pancakes",1,7.95,"Mid",1,7.95,1,1
3060,1014,"2025-01-14","2025-01","BRW001","Food","PRD018","Buttermilk Pancakes",1,7.95,"Mid",1,7.95,3,0
2992,990,"2025-01-30","2025-01","BRW003","Food","PRD018","Buttermilk Pancakes",1,7.95,"Mid",3,23.85,2,0
2964,982,"2025-05-05","2025-05","BRW002","Food","PRD018","Buttermilk Pancakes",1,7.95,"Mid",3,23.85,3,0
2946,973,"2025-01-10","2025-01","BRW001","Food","PRD018","Buttermilk Pancakes",1,7.95,"Mid",1,7.95,3,0
2921,965,"2025-04-15","2025-04","BRW003","Food","PRD018","Buttermilk Pancakes",1,7.95,"Mid",1,7.95,5,0
2902,959,"2025-01-10","2025-01","BRW003","Food","PRD018","Buttermilk Pancakes",1,7.95,"Mid",3,23.85,4,0
2872,951,"2025-09-16","2025-09","BRW003","Food","PRD018","Buttermilk Pancakes",1,7.95,"Mid",3,23.85,4,0
2854,946,"2025-05-20","2025-05","BRW002","Food","PRD018","Buttermilk Pancakes",1,7.95,"Mid",2,15.90,3,0
2716,896,"2026-01-07","2026-01","BRW001","Food","PRD018","Buttermilk Pancakes",1,7.95,"Mid",2,15.90,4,0
2699,889,"2025-10-12","2025-10","BRW003","Food","PRD018","Buttermilk Pancakes",1,7.95,"Mid",1,7.95,3,0
2695,888,"2025-12-10","2025-12","BRW002","Food","PRD018","Buttermilk Pancakes",1,7.95,"Mid",1,7.95,4,0
2667,878,"2025-08-18","2025-08","BRW003","Food","PRD018","Buttermilk Pancakes",1,7.95,"Mid",1,7.95,2,0
2597,857,"2025-02-05","2025-02","BRW002","Food","PRD018","Buttermilk Pancakes",1,7.95,"Mid",2,15.90,5,0
2582,851,"2025-06-20","2025-06","BRW003","Food","PRD018","Buttermilk Pancakes",1,7.95,"Mid",2,15.90,1,1
2574,849,"2025-07-08","2025-07","BRW002","Food","PRD018","Buttermilk Pancakes",1,7.95,"Mid",3,23.85,5,0
2534,836,"2025-04-11","2025-04","BRW003","Food","PRD018","Buttermilk Pancakes",1,7.95,"Mid",3,23.85,4,0
2439,805,"2026-01-24","2026-01","BRW002","Food","PRD018","Buttermilk Pancakes",1,7.95,"Mid",1,7.95,3,0
2437,805,"2026-01-24","2026-01","BRW002","Food","PRD018","Buttermilk Pancakes",1,7.95,"Mid",1,7.95,3,0
2393,789,"2025-10-12","2025-10","BRW002","Food","PRD018","Buttermilk Pancakes",1,7.95,"Mid",1,7.95,3,0
2372,783,"2025-03-23","2025-03","BRW003","Food","PRD018","Buttermilk Pancakes",1,7.95,"Mid",2,15.90,4,0
2358,778,"2025-11-23","2025-11","BRW002","Food","PRD018","Buttermilk Pancakes",1,7.95,"Mid",3,23.85,4,0
2341,772,"2025-10-01","2025-10","BRW001","Food","PRD018","Buttermilk Pancakes",1,7.95,"Mid",2,15.90,3,0
2329,767,"2025-11-14","2025-11","BRW001","Food","PRD018","Buttermilk Pancakes",1,7.95,"Mid",1,7.95,4,0
2307,761,"2025-08-02","2025-08","BRW002","Food","PRD018","Buttermilk Pancakes",1,7.95,"Mid",3,23.85,4,0
2287,755,"2025-04-11","2025-04","BRW001","Food","PRD018","Buttermilk Pancakes",1,7.95,"Mid",3,23.85,2,0
2206,726,"2025-08-20","2025-08","BRW002","Food","PRD018","Buttermilk Pancakes",1,7.95,"Mid",1,7.95,3,0
2198,724,"2025-01-22","2025-01","BRW003","Food","PRD018","Buttermilk Pancakes",1,7.95,"Mid",2,15.90,4,0
2183,719,"2025-02-28","2025-02","BRW003","Food","PRD018","Buttermilk Pancakes",1,7.95,"Mid",3,23.85,1,1
2173,714,"2025-06-13","2025-06","BRW003","Food","PRD018","Buttermilk Pancakes",1,7.95,"Mid",2,15.90,3,0
2104,692,"2025-08-14","2025-08","BRW003","Food","PRD018","Buttermilk Pancakes",1,7.95,"Mid",2,15.90,3,0
2075,680,"2025-11-26","2025-11","BRW003","Food","PRD018","Buttermilk Pancakes",1,7.95,"Mid",2,15.90,4,0
2058,675,"2025-11-14","2025-11","BRW002","Food","PRD018","Buttermilk Pancakes",1,7.95,"Mid",1,7.95,5,0
2050,672,"2025-10-28","2025-10","BRW003","Food","PRD018","Buttermilk Pancakes",1,7.95,"Mid",3,23.85,2,0
2049,672,"2025-10-28","2025-10","BRW003","Food","PRD018","Buttermilk Pancakes",1,7.95,"Mid",2,15.90,2,0
1993,654,"2025-03-17","2025-03","BRW002","Food","PRD018","Buttermilk Pancakes",1,7.95,"Mid",2,15.90,4,0
1939,637,"2025-07-18","2025-07","BRW001","Food","PRD018","Buttermilk Pancakes",1,7.95,"Mid",1,7.95,5,0
1920,632,"2025-03-04","2025-03","BRW002","Food","PRD018","Buttermilk Pancakes",1,7.95,"Mid",1,7.95,4,0
1918,632,"2025-03-04","2025-03","BRW002","Food","PRD018","Buttermilk Pancakes",1,7.95,"Mid",2,15.90,4,0
1875,615,"2025-12-15","2025-12","BRW003","Food","PRD018","Buttermilk Pancakes",1,7.95,"Mid",2,15.90,4,0
1848,608,"2025-12-04","2025-12","BRW003","Food","PRD018","Buttermilk Pancakes",1,7.95,"Mid",3,23.85,4,0
1833,601,"2025-07-11","2025-07","BRW001","Food","PRD018","Buttermilk Pancakes",1,7.95,"Mid",3,23.85,3,0
1803,593,"2025-05-29","2025-05","BRW001","Food","PRD018","Buttermilk Pancakes",1,7.95,"Mid",3,23.85,5,0
1789,589,"2025-04-09","2025-04","BRW003","Food","PRD018","Buttermilk Pancakes",1,7.95,"Mid",2,15.90,3,0
1773,582,"2026-01-11","2026-01","BRW003","Food","PRD018","Buttermilk Pancakes",1,7.95,"Mid",1,7.95,3,0
1766,580,"2025-10-12","2025-10","BRW001","Food","PRD018","Buttermilk Pancakes",1,7.95,"Mid",2,15.90,3,0
1755,577,"2025-06-13","2025-06","BRW002","Food","PRD018","Buttermilk Pancakes",1,7.95,"Mid",1,7.95,3,0
1752,576,"2026-01-21","2026-01","BRW003","Food","PRD018","Buttermilk Pancakes",1,7.95,"Mid",2,15.90,4,0
1708,564,"2025-02-06","2025-02","BRW002","Food","PRD018","Buttermilk Pancakes",1,7.95,"Mid",3,23.85,3,0
1674,551,"2025-10-26","2025-10","BRW002","Food","PRD018","Buttermilk Pancakes",1,7.95,"Mid",3,23.85,2,0
1642,542,"2025-03-08","2025-03","BRW001","Food","PRD018","Buttermilk Pancakes",1,7.95,"Mid",3,23.85,4,0
1571,520,"2025-08-31","2025-08","BRW002","Food","PRD018","Buttermilk Pancakes",1,7.95,"Mid",3,23.85,4,0
1542,512,"2025-02-28","2025-02","BRW003","Food","PRD018","Buttermilk Pancakes",1,7.95,"Mid",1,7.95,3,0
1537,509,"2025-12-26","2025-12","BRW002","Food","PRD018","Buttermilk Pancakes",1,7.95,"Mid",2,15.90,1,1
1511,500,"2025-05-09","2025-05","BRW001","Food","PRD018","Buttermilk Pancakes",1,7.95,"Mid",1,7.95,3,0
1491,490,"2025-07-25","2025-07","BRW001","Food","PRD018","Buttermilk Pancakes",1,7.95,"Mid",3,23.85,4,0
1471,485,"2026-01-08","2026-01","BRW001","Food","PRD018","Buttermilk Pancakes",1,7.95,"Mid",3,23.85,3,0
1460,482,"2025-12-03","2025-12","BRW002","Food","PRD018","Buttermilk Pancakes",1,7.95,"Mid",1,7.95,5,0
1419,468,"2025-11-29","2025-11","BRW002","Food","PRD018","Buttermilk Pancakes",1,7.95,"Mid",1,7.95,4,0
1410,466,"2025-05-30","2025-05","BRW001","Food","PRD018","Buttermilk Pancakes",1,7.95,"Mid",2,15.90,2,0
1280,414,"2026-01-21","2026-01","BRW002","Food","PRD018","Buttermilk Pancakes",1,7.95,"Mid",3,23.85,5,0
1270,410,"2025-08-03","2025-08","BRW001","Food","PRD018","Buttermilk Pancakes",1,7.95,"Mid",2,15.90,5,0
1236,399,"2025-12-15","2025-12","BRW003","Food","PRD018","Buttermilk Pancakes",1,7.95,"Mid",2,15.90,3,0
1224,395,"2025-08-30","2025-08","BRW002","Food","PRD018","Buttermilk Pancakes",1,7.95,"Mid",2,15.90,5,0
1200,388,"2025-06-22","2025-06","BRW001","Food","PRD018","Buttermilk Pancakes",1,7.95,"Mid",3,23.85,3,0
1194,386,"2025-03-14","2025-03","BRW002","Food","PRD018","Buttermilk Pancakes",1,7.95,"Mid",3,23.85,5,0
1189,384,"2025-12-18","2025-12","BRW002","Food","PRD018","Buttermilk Pancakes",1,7.95,"Mid",3,23.85,2,0
1181,382,"2025-03-08","2025-03","BRW003","Food","PRD018","Buttermilk Pancakes",1,7.95,"Mid",1,7.95,5,0
1166,378,"2025-02-15","2025-02","BRW001","Food","PRD018","Buttermilk Pancakes",1,7.95,"Mid",3,23.85,2,0
1161,377,"2025-12-28","2025-12","BRW003","Food","PRD018","Buttermilk Pancakes",1,7.95,"Mid",2,15.90,5,0
1159,376,"2025-03-10","2025-03","BRW001","Food","PRD018","Buttermilk Pancakes",1,7.95,"Mid",1,7.95,1,1
1059,340,"2025-05-10","2025-05","BRW003","Food","PRD018","Buttermilk Pancakes",1,7.95,"Mid",2,15.90,1,1
1058,340,"2025-05-10","2025-05","BRW003","Food","PRD018","Buttermilk Pancakes",1,7.95,"Mid",3,23.85,1,1
1050,337,"2025-02-23","2025-02","BRW001","Food","PRD018","Buttermilk Pancakes",1,7.95,"Mid",3,23.85,4,0
1038,333,"2025-05-30","2025-05","BRW001","Food","PRD018","Buttermilk Pancakes",1,7.95,"Mid",2,15.90,4,0
1034,332,"2025-08-28","2025-08","BRW002","Food","PRD018","Buttermilk Pancakes",1,7.95,"Mid",3,23.85,3,0
986,318,"2025-03-27","2025-03","BRW003","Food","PRD018","Buttermilk Pancakes",1,7.95,"Mid",2,15.90,5,0
960,308,"2025-01-10","2025-01","BRW001","Food","PRD018","Buttermilk Pancakes",1,7.95,"Mid",2,15.90,2,0
912,294,"2025-05-23","2025-05","BRW002","Food","PRD018","Buttermilk Pancakes",1,7.95,"Mid",1,7.95,2,0
880,284,"2025-11-09","2025-11","BRW001","Food","PRD018","Buttermilk Pancakes",1,7.95,"Mid",2,15.90,3,0
855,276,"2026-01-03","2026-01","BRW002","Food","PRD018","Buttermilk Pancakes",1,7.95,"Mid",2,15.90,4,0
828,268,"2025-03-16","2025-03","BRW002","Food","PRD018","Buttermilk Pancakes",1,7.95,"Mid",3,23.85,5,0
737,238,"2025-01-26","2025-01","BRW002","Food","PRD018","Buttermilk Pancakes",1,7.95,"Mid",2,15.90,1,1
725,234,"2025-12-22","2025-12","BRW002","Food","PRD018","Buttermilk Pancakes",1,7.95,"Mid",2,15.90,2,0
714,232,"2025-12-29","2025-12","BRW001","Food","PRD018","Buttermilk Pancakes",1,7.95,"Mid",1,7.95,5,0
709,231,"2025-04-06","2025-04","BRW002","Food","PRD018","Buttermilk Pancakes",1,7.95,"Mid",3,23.85,4,0
658,213,"2025-12-25","2025-12","BRW001","Food","PRD018","Buttermilk Pancakes",1,7.95,"Mid",2,15.90,4,0
637,207,"2025-06-07","2025-06","BRW002","Food","PRD018","Buttermilk Pancakes",1,7.95,"Mid",2,15.90,2,0
634,206,"2025-09-15","2025-09","BRW002","Food","PRD018","Buttermilk Pancakes",1,7.95,"Mid",3,23.85,3,0
615,201,"2025-07-14","2025-07","BRW002","Food","PRD018","Buttermilk Pancakes",1,7.95,"Mid",3,23.85,4,0
582,190,"2025-03-21","2025-03","BRW002","Food","PRD018","Buttermilk Pancakes",1,7.95,"Mid",3,23.85,4,0
566,186,"2025-11-13","2025-11","BRW003","Food","PRD018","Buttermilk Pancakes",1,7.95,"Mid",3,23.85,5,0
531,176,"2025-09-09","2025-09","BRW003","Food","PRD018","Buttermilk Pancakes",1,7.95,"Mid",3,23.85,5,0
527,174,"2025-06-06","2025-06","BRW001","Food","PRD018","Buttermilk Pancakes",1,7.95,"Mid",2,15.90,2,0
517,170,"2025-07-18","2025-07","BRW001","Food","PRD018","Buttermilk Pancakes",1,7.95,"Mid",2,15.90,4,0
495,166,"2025-01-11","2025-01","BRW001","Food","PRD018","Buttermilk Pancakes",1,7.95,"Mid",2,15.90,5,0
331,110,"2025-06-13","2025-06","BRW001","Food","PRD018","Buttermilk Pancakes",1,7.95,"Mid",2,15.90,4,0
328,109,"2025-09-04","2025-09","BRW001","Food","PRD018","Buttermilk Pancakes",1,7.95,"Mid",1,7.95,4,0
317,105,"2025-07-11","2025-07","BRW002","Food","PRD018","Buttermilk Pancakes",1,7.95,"Mid",1,7.95,5,0
299,101,"2025-05-21","2025-05","BRW002","Food","PRD018","Buttermilk Pancakes",1,7.95,"Mid",3,23.85,3,0
285,97,"2025-03-03","2025-03","BRW003","Food","PRD018","Buttermilk Pancakes",1,7.95,"Mid",1,7.95,4,0
269,92,"2025-05-11","2025-05","BRW002","Food","PRD018","Buttermilk Pancakes",1,7.95,"Mid",2,15.90,2,0
70,24,"2025-04-29","2025-04","BRW001","Food","PRD018","Buttermilk Pancakes",1,7.95,"Mid",2,15.90,5,0
17,6,"2025-11-21","2025-11","BRW003","Food","PRD018","Buttermilk Pancakes",1,7.95,"Mid",1,7.95,4,0
3571,1174,"2025-03-01","2025-03","BRW001","Food","PRD019","Caesar Salad",1,8.95,"Expensive",2,17.90,3,0
3473,1144,"2025-05-11","2025-05","BRW003","Food","PRD019","Caesar Salad",1,8.95,"Expensive",3,26.85,2,0
3457,1139,"2025-10-08","2025-10","BRW002","Food","PRD019","Caesar Salad",1,8.95,"Expensive",3,26.85,3,0
3456,1139,"2025-10-08","2025-10","BRW002","Food","PRD019","Caesar Salad",1,8.95,"Expensive",3,26.85,3,0
3389,1119,"2025-03-29","2025-03","BRW003","Food","PRD019","Caesar Salad",1,8.95,"Expensive",2,17.90,5,0
3367,1113,"2025-05-28","2025-05","BRW001","Food","PRD019","Caesar Salad",1,8.95,"Expensive",1,8.95,5,0
3327,1099,"2025-08-06","2025-08","BRW001","Food","PRD019","Caesar Salad",1,8.95,"Expensive",2,17.90,5,0
3279,1086,"2026-01-22","2026-01","BRW002","Food","PRD019","Caesar Salad",1,8.95,"Expensive",2,17.90,5,0
3253,1078,"2025-08-18","2025-08","BRW002","Food","PRD019","Caesar Salad",1,8.95,"Expensive",2,17.90,5,0
3191,1060,"2025-10-16","2025-10","BRW003","Food","PRD019","Caesar Salad",1,8.95,"Expensive",2,17.90,4,0
3156,1051,"2025-11-14","2025-11","BRW003","Food","PRD019","Caesar Salad",1,8.95,"Expensive",2,17.90,4,0
3117,1038,"2025-12-10","2025-12","BRW001","Food","PRD019","Caesar Salad",1,8.95,"Expensive",2,17.90,5,0
3113,1035,"2025-09-15","2025-09","BRW001","Food","PRD019","Caesar Salad",1,8.95,"Expensive",2,17.90,2,0
3076,1020,"2025-09-27","2025-09","BRW002","Food","PRD019","Caesar Salad",1,8.95,"Expensive",2,17.90,5,0
3030,1007,"2025-07-22","2025-07","BRW002","Food","PRD019","Caesar Salad",1,8.95,"Expensive",2,17.90,4,0
3026,1004,"2025-03-16","2025-03","BRW003","Food","PRD019","Caesar Salad",1,8.95,"Expensive",2,17.90,4,0
2993,991,"2025-08-22","2025-08","BRW001","Food","PRD019","Caesar Salad",1,8.95,"Expensive",2,17.90,2,0
2983,988,"2025-07-03","2025-07","BRW001","Food","PRD019","Caesar Salad",1,8.95,"Expensive",3,26.85,4,0
2905,960,"2025-04-14","2025-04","BRW001","Food","PRD019","Caesar Salad",1,8.95,"Expensive",1,8.95,2,0
2830,939,"2025-07-22","2025-07","BRW001","Food","PRD019","Caesar Salad",1,8.95,"Expensive",3,26.85,4,0
2822,935,"2025-06-12","2025-06","BRW003","Food","PRD019","Caesar Salad",1,8.95,"Expensive",2,17.90,4,0
2776,917,"2025-09-18","2025-09","BRW002","Food","PRD019","Caesar Salad",1,8.95,"Expensive",3,26.85,5,0
2763,914,"2025-03-14","2025-03","BRW001","Food","PRD019","Caesar Salad",1,8.95,"Expensive",3,26.85,4,0
2708,894,"2025-07-10","2025-07","BRW002","Food","PRD019","Caesar Salad",1,8.95,"Expensive",3,26.85,3,0
2698,889,"2025-10-12","2025-10","BRW003","Food","PRD019","Caesar Salad",1,8.95,"Expensive",3,26.85,3,0
2696,888,"2025-12-10","2025-12","BRW002","Food","PRD019","Caesar Salad",1,8.95,"Expensive",3,26.85,4,0
2592,855,"2025-11-11","2025-11","BRW002","Food","PRD019","Caesar Salad",1,8.95,"Expensive",3,26.85,2,0
2589,853,"2025-03-09","2025-03","BRW003","Food","PRD019","Caesar Salad",1,8.95,"Expensive",1,8.95,4,0
2584,852,"2025-03-12","2025-03","BRW002","Food","PRD019","Caesar Salad",1,8.95,"Expensive",2,17.90,2,0
2564,846,"2025-07-11","2025-07","BRW001","Food","PRD019","Caesar Salad",1,8.95,"Expensive",1,8.95,1,1
2548,840,"2025-05-22","2025-05","BRW002","Food","PRD019","Caesar Salad",1,8.95,"Expensive",2,17.90,2,0
2533,836,"2025-04-11","2025-04","BRW003","Food","PRD019","Caesar Salad",1,8.95,"Expensive",3,26.85,4,0
2472,817,"2025-08-21","2025-08","BRW002","Food","PRD019","Caesar Salad",1,8.95,"Expensive",3,26.85,2,0
2441,806,"2025-05-16","2025-05","BRW001","Food","PRD019","Caesar Salad",1,8.95,"Expensive",1,8.95,5,0
2391,788,"2025-03-24","2025-03","BRW001","Food","PRD019","Caesar Salad",1,8.95,"Expensive",2,17.90,5,0
2359,779,"2025-07-30","2025-07","BRW001","Food","PRD019","Caesar Salad",1,8.95,"Expensive",1,8.95,4,0
2326,767,"2025-11-14","2025-11","BRW001","Food","PRD019","Caesar Salad",1,8.95,"Expensive",2,17.90,4,0
2274,752,"2025-10-30","2025-10","BRW003","Food","PRD019","Caesar Salad",1,8.95,"Expensive",1,8.95,4,0
2267,749,"2025-04-07","2025-04","BRW002","Food","PRD019","Caesar Salad",1,8.95,"Expensive",1,8.95,2,0
2253,745,"2025-09-22","2025-09","BRW001","Food","PRD019","Caesar Salad",1,8.95,"Expensive",2,17.90,5,0
2241,739,"2025-07-27","2025-07","BRW001","Food","PRD019","Caesar Salad",1,8.95,"Expensive",3,26.85,4,0
2197,723,"2025-07-15","2025-07","BRW001","Food","PRD019","Caesar Salad",1,8.95,"Expensive",2,17.90,5,0
2170,713,"2026-01-22","2026-01","BRW001","Food","PRD019","Caesar Salad",1,8.95,"Expensive",3,26.85,5,0
2166,712,"2025-02-04","2025-02","BRW001","Food","PRD019","Caesar Salad",1,8.95,"Expensive",1,8.95,1,1
2150,706,"2025-02-15","2025-02","BRW003","Food","PRD019","Caesar Salad",1,8.95,"Expensive",2,17.90,4,0
2114,695,"2025-03-31","2025-03","BRW002","Food","PRD019","Caesar Salad",1,8.95,"Expensive",3,26.85,4,0
2085,684,"2025-12-15","2025-12","BRW003","Food","PRD019","Caesar Salad",1,8.95,"Expensive",2,17.90,3,0
2065,677,"2025-10-16","2025-10","BRW002","Food","PRD019","Caesar Salad",1,8.95,"Expensive",1,8.95,3,0
2064,677,"2025-10-16","2025-10","BRW002","Food","PRD019","Caesar Salad",1,8.95,"Expensive",1,8.95,3,0
2039,670,"2025-12-29","2025-12","BRW003","Food","PRD019","Caesar Salad",1,8.95,"Expensive",1,8.95,5,0
2015,662,"2025-05-22","2025-05","BRW001","Food","PRD019","Caesar Salad",1,8.95,"Expensive",1,8.95,4,0
1995,654,"2025-03-17","2025-03","BRW002","Food","PRD019","Caesar Salad",1,8.95,"Expensive",3,26.85,4,0
1987,652,"2025-11-17","2025-11","BRW002","Food","PRD019","Caesar Salad",1,8.95,"Expensive",1,8.95,4,0
1969,645,"2025-05-21","2025-05","BRW002","Food","PRD019","Caesar Salad",1,8.95,"Expensive",1,8.95,5,0
1941,638,"2025-10-18","2025-10","BRW002","Food","PRD019","Caesar Salad",1,8.95,"Expensive",3,26.85,2,0
1928,634,"2025-06-22","2025-06","BRW003","Food","PRD019","Caesar Salad",1,8.95,"Expensive",3,26.85,5,0
1863,612,"2025-05-26","2025-05","BRW001","Food","PRD019","Caesar Salad",1,8.95,"Expensive",2,17.90,4,0
1820,596,"2025-04-17","2025-04","BRW001","Food","PRD019","Caesar Salad",1,8.95,"Expensive",2,17.90,3,0
1763,579,"2025-12-12","2025-12","BRW001","Food","PRD019","Caesar Salad",1,8.95,"Expensive",2,17.90,3,0
1761,579,"2025-12-12","2025-12","BRW001","Food","PRD019","Caesar Salad",1,8.95,"Expensive",1,8.95,3,0
1756,577,"2025-06-13","2025-06","BRW002","Food","PRD019","Caesar Salad",1,8.95,"Expensive",1,8.95,3,0
1747,574,"2025-08-26","2025-08","BRW001","Food","PRD019","Caesar Salad",1,8.95,"Expensive",2,17.90,5,0
1698,562,"2025-08-06","2025-08","BRW002","Food","PRD019","Caesar Salad",1,8.95,"Expensive",3,26.85,5,0
1691,559,"2025-03-31","2025-03","BRW001","Food","PRD019","Caesar Salad",1,8.95,"Expensive",1,8.95,1,1
1687,556,"2025-02-28","2025-02","BRW001","Food","PRD019","Caesar Salad",1,8.95,"Expensive",2,17.90,3,0
1672,550,"2025-05-05","2025-05","BRW001","Food","PRD019","Caesar Salad",1,8.95,"Expensive",3,26.85,4,0
1583,524,"2025-03-01","2025-03","BRW001","Food","PRD019","Caesar Salad",1,8.95,"Expensive",1,8.95,5,0
1561,517,"2025-09-01","2025-09","BRW003","Food","PRD019","Caesar Salad",1,8.95,"Expensive",3,26.85,4,0
1550,514,"2025-03-19","2025-03","BRW001","Food","PRD019","Caesar Salad",1,8.95,"Expensive",2,17.90,5,0
1544,513,"2025-09-15","2025-09","BRW001","Food","PRD019","Caesar Salad",1,8.95,"Expensive",3,26.85,4,0
1536,508,"2025-05-06","2025-05","BRW002","Food","PRD019","Caesar Salad",1,8.95,"Expensive",1,8.95,1,1
1496,492,"2025-07-31","2025-07","BRW003","Food","PRD019","Caesar Salad",1,8.95,"Expensive",1,8.95,3,0
1378,455,"2025-08-29","2025-08","BRW003","Food","PRD019","Caesar Salad",1,8.95,"Expensive",3,26.85,3,0
1338,437,"2025-12-02","2025-12","BRW001","Food","PRD019","Caesar Salad",1,8.95,"Expensive",1,8.95,4,0
1297,422,"2025-09-21","2025-09","BRW001","Food","PRD019","Caesar Salad",1,8.95,"Expensive",2,17.90,4,0
1289,419,"2025-10-12","2025-10","BRW003","Food","PRD019","Caesar Salad",1,8.95,"Expensive",1,8.95,2,0
1241,400,"2025-05-21","2025-05","BRW001","Food","PRD019","Caesar Salad",1,8.95,"Expensive",2,17.90,4,0
1237,399,"2025-12-15","2025-12","BRW003","Food","PRD019","Caesar Salad",1,8.95,"Expensive",1,8.95,3,0
1197,387,"2025-07-05","2025-07","BRW002","Food","PRD019","Caesar Salad",1,8.95,"Expensive",2,17.90,1,1
1185,383,"2025-06-24","2025-06","BRW003","Food","PRD019","Caesar Salad",1,8.95,"Expensive",1,8.95,5,0
1165,378,"2025-02-15","2025-02","BRW001","Food","PRD019","Caesar Salad",1,8.95,"Expensive",1,8.95,2,0
1138,369,"2025-05-15","2025-05","BRW002","Food","PRD019","Caesar Salad",1,8.95,"Expensive",2,17.90,5,0
1021,327,"2025-05-19","2025-05","BRW001","Food","PRD019","Caesar Salad",1,8.95,"Expensive",2,17.90,3,0
1011,325,"2025-02-06","2025-02","BRW002","Food","PRD019","Caesar Salad",1,8.95,"Expensive",2,17.90,5,0
1007,324,"2025-02-15","2025-02","BRW002","Food","PRD019","Caesar Salad",1,8.95,"Expensive",1,8.95,4,0
1004,323,"2025-09-21","2025-09","BRW003","Food","PRD019","Caesar Salad",1,8.95,"Expensive",1,8.95,5,0
999,322,"2025-11-10","2025-11","BRW002","Food","PRD019","Caesar Salad",1,8.95,"Expensive",2,17.90,5,0
987,318,"2025-03-27","2025-03","BRW003","Food","PRD019","Caesar Salad",1,8.95,"Expensive",1,8.95,5,0
902,291,"2025-07-28","2025-07","BRW003","Food","PRD019","Caesar Salad",1,8.95,"Expensive",3,26.85,2,0
878,283,"2025-11-09","2025-11","BRW001","Food","PRD019","Caesar Salad",1,8.95,"Expensive",3,26.85,4,0
817,265,"2026-01-18","2026-01","BRW003","Food","PRD019","Caesar Salad",1,8.95,"Expensive",1,8.95,3,0
807,263,"2025-05-12","2025-05","BRW002","Food","PRD019","Caesar Salad",1,8.95,"Expensive",2,17.90,4,0
784,254,"2025-05-01","2025-05","BRW001","Food","PRD019","Caesar Salad",1,8.95,"Expensive",3,26.85,2,0
770,250,"2025-10-14","2025-10","BRW003","Food","PRD019","Caesar Salad",1,8.95,"Expensive",1,8.95,5,0
745,241,"2025-08-15","2025-08","BRW001","Food","PRD019","Caesar Salad",1,8.95,"Expensive",3,26.85,1,1
719,233,"2025-04-05","2025-04","BRW001","Food","PRD019","Caesar Salad",1,8.95,"Expensive",3,26.85,5,0
710,231,"2025-04-06","2025-04","BRW002","Food","PRD019","Caesar Salad",1,8.95,"Expensive",2,17.90,4,0
708,230,"2025-03-28","2025-03","BRW002","Food","PRD019","Caesar Salad",1,8.95,"Expensive",3,26.85,2,0
688,223,"2025-09-17","2025-09","BRW003","Food","PRD019","Caesar Salad",1,8.95,"Expensive",1,8.95,4,0
680,221,"2025-11-16","2025-11","BRW002","Food","PRD019","Caesar Salad",1,8.95,"Expensive",3,26.85,4,0
669,217,"2025-11-24","2025-11","BRW001","Food","PRD019","Caesar Salad",1,8.95,"Expensive",2,17.90,3,0
626,204,"2025-02-02","2025-02","BRW002","Food","PRD019","Caesar Salad",1,8.95,"Expensive",3,26.85,5,0
592,193,"2025-09-08","2025-09","BRW001","Food","PRD019","Caesar Salad",1,8.95,"Expensive",2,17.90,2,0
574,187,"2025-05-05","2025-05","BRW002","Food","PRD019","Caesar Salad",1,8.95,"Expensive",2,17.90,5,0
542,179,"2025-12-15","2025-12","BRW003","Food","PRD019","Caesar Salad",1,8.95,"Expensive",2,17.90,3,0
534,177,"2025-05-24","2025-05","BRW001","Food","PRD019","Caesar Salad",1,8.95,"Expensive",3,26.85,4,0
529,176,"2025-09-09","2025-09","BRW003","Food","PRD019","Caesar Salad",1,8.95,"Expensive",3,26.85,5,0
430,144,"2025-08-04","2025-08","BRW003","Food","PRD019","Caesar Salad",1,8.95,"Expensive",3,26.85,4,0
422,140,"2025-04-28","2025-04","BRW001","Food","PRD019","Caesar Salad",1,8.95,"Expensive",1,8.95,4,0
308,103,"2025-11-13","2025-11","BRW002","Food","PRD019","Caesar Salad",1,8.95,"Expensive",2,17.90,4,0
242,80,"2025-05-02","2025-05","BRW001","Food","PRD019","Caesar Salad",1,8.95,"Expensive",3,26.85,3,0
220,74,"2025-09-15","2025-09","BRW003","Food","PRD019","Caesar Salad",1,8.95,"Expensive",3,26.85,4,0
211,71,"2025-04-11","2025-04","BRW002","Food","PRD019","Caesar Salad",1,8.95,"Expensive",1,8.95,1,1
202,67,"2025-01-25","2025-01","BRW002","Food","PRD019","Caesar Salad",1,8.95,"Expensive",1,8.95,4,0
179,61,"2025-12-23","2025-12","BRW001","Food","PRD019","Caesar Salad",1,8.95,"Expensive",1,8.95,4,0
164,55,"2025-02-08","2025-02","BRW001","Food","PRD019","Caesar Salad",1,8.95,"Expensive",3,26.85,2,0
138,46,"2025-12-05","2025-12","BRW003","Food","PRD019","Caesar Salad",1,8.95,"Expensive",3,26.85,5,0
95,32,"2025-01-17","2025-01","BRW003","Food","PRD019","Caesar Salad",1,8.95,"Expensive",1,8.95,3,0
51,18,"2026-01-17","2026-01","BRW002","Food","PRD019","Caesar Salad",1,8.95,"Expensive",1,8.95,4,0
13,4,"2026-01-11","2026-01","BRW003","Food","PRD019","Caesar Salad",1,8.95,"Expensive",2,17.90,5,0
3647,1200,"2025-08-17","2025-08","BRW002","Food","PRD020","Yogurt Parfait",1,5.50,"Mid",1,5.50,1,1
3640,1198,"2025-09-30","2025-09","BRW001","Food","PRD020","Yogurt Parfait",1,5.50,"Mid",2,11.00,5,0
3601,1184,"2025-08-02","2025-08","BRW002","Food","PRD020","Yogurt Parfait",1,5.50,"Mid",2,11.00,4,0
3590,1180,"2025-11-28","2025-11","BRW002","Food","PRD020","Yogurt Parfait",1,5.50,"Mid",3,16.50,3,0
3586,1179,"2025-02-10","2025-02","BRW003","Food","PRD020","Yogurt Parfait",1,5.50,"Mid",1,5.50,4,0
3585,1179,"2025-02-10","2025-02","BRW003","Food","PRD020","Yogurt Parfait",1,5.50,"Mid",1,5.50,4,0
3549,1167,"2025-06-14","2025-06","BRW003","Food","PRD020","Yogurt Parfait",1,5.50,"Mid",3,16.50,3,0
3545,1165,"2025-02-24","2025-02","BRW003","Food","PRD020","Yogurt Parfait",1,5.50,"Mid",3,16.50,4,0
3474,1145,"2025-01-22","2025-01","BRW003","Food","PRD020","Yogurt Parfait",1,5.50,"Mid",3,16.50,2,0
3415,1127,"2026-01-12","2026-01","BRW002","Food","PRD020","Yogurt Parfait",1,5.50,"Mid",1,5.50,3,0
3388,1119,"2025-03-29","2025-03","BRW003","Food","PRD020","Yogurt Parfait",1,5.50,"Mid",3,16.50,5,0
3337,1103,"2025-06-24","2025-06","BRW002","Food","PRD020","Yogurt Parfait",1,5.50,"Mid",1,5.50,4,0
3251,1078,"2025-08-18","2025-08","BRW002","Food","PRD020","Yogurt Parfait",1,5.50,"Mid",1,5.50,5,0
3224,1070,"2025-01-24","2025-01","BRW002","Food","PRD020","Yogurt Parfait",1,5.50,"Mid",2,11.00,5,0
3189,1060,"2025-10-16","2025-10","BRW003","Food","PRD020","Yogurt Parfait",1,5.50,"Mid",1,5.50,4,0
3187,1060,"2025-10-16","2025-10","BRW003","Food","PRD020","Yogurt Parfait",1,5.50,"Mid",2,11.00,4,0
3165,1054,"2025-07-08","2025-07","BRW003","Food","PRD020","Yogurt Parfait",1,5.50,"Mid",2,11.00,3,0
3129,1042,"2025-07-19","2025-07","BRW001","Food","PRD020","Yogurt Parfait",1,5.50,"Mid",3,16.50,4,0
3118,1038,"2025-12-10","2025-12","BRW001","Food","PRD020","Yogurt Parfait",1,5.50,"Mid",3,16.50,5,0
3061,1015,"2025-06-30","2025-06","BRW001","Food","PRD020","Yogurt Parfait",1,5.50,"Mid",1,5.50,3,0
3027,1004,"2025-03-16","2025-03","BRW003","Food","PRD020","Yogurt Parfait",1,5.50,"Mid",2,11.00,4,0
3019,1002,"2026-01-10","2026-01","BRW001","Food","PRD020","Yogurt Parfait",1,5.50,"Mid",3,16.50,5,0
3008,996,"2025-02-18","2025-02","BRW002","Food","PRD020","Yogurt Parfait",1,5.50,"Mid",1,5.50,2,0
2978,986,"2026-01-17","2026-01","BRW003","Food","PRD020","Yogurt Parfait",1,5.50,"Mid",1,5.50,3,0
2957,979,"2025-04-26","2025-04","BRW002","Food","PRD020","Yogurt Parfait",1,5.50,"Mid",1,5.50,1,1
2947,973,"2025-01-10","2025-01","BRW001","Food","PRD020","Yogurt Parfait",1,5.50,"Mid",3,16.50,3,0
2941,972,"2025-09-02","2025-09","BRW003","Food","PRD020","Yogurt Parfait",1,5.50,"Mid",2,11.00,5,0
2919,965,"2025-04-15","2025-04","BRW003","Food","PRD020","Yogurt Parfait",1,5.50,"Mid",1,5.50,5,0
2917,964,"2025-04-30","2025-04","BRW001","Food","PRD020","Yogurt Parfait",1,5.50,"Mid",2,11.00,5,0
2861,948,"2025-10-11","2025-10","BRW001","Food","PRD020","Yogurt Parfait",1,5.50,"Mid",2,11.00,2,0
2856,947,"2025-03-21","2025-03","BRW001","Food","PRD020","Yogurt Parfait",1,5.50,"Mid",3,16.50,4,0
2846,943,"2025-12-27","2025-12","BRW002","Food","PRD020","Yogurt Parfait",1,5.50,"Mid",2,11.00,4,0
2808,931,"2025-01-17","2025-01","BRW002","Food","PRD020","Yogurt Parfait",1,5.50,"Mid",3,16.50,1,1
2806,929,"2026-01-27","2026-01","BRW002","Food","PRD020","Yogurt Parfait",1,5.50,"Mid",1,5.50,5,0
2731,901,"2026-01-22","2026-01","BRW003","Food","PRD020","Yogurt Parfait",1,5.50,"Mid",1,5.50,2,0
2713,895,"2025-03-23","2025-03","BRW002","Food","PRD020","Yogurt Parfait",1,5.50,"Mid",1,5.50,3,0
2651,872,"2025-08-03","2025-08","BRW002","Food","PRD020","Yogurt Parfait",1,5.50,"Mid",1,5.50,5,0
2639,869,"2025-05-28","2025-05","BRW001","Food","PRD020","Yogurt Parfait",1,5.50,"Mid",2,11.00,4,0
2600,858,"2026-01-12","2026-01","BRW002","Food","PRD020","Yogurt Parfait",1,5.50,"Mid",3,16.50,4,0
2540,837,"2025-08-10","2025-08","BRW003","Food","PRD020","Yogurt Parfait",1,5.50,"Mid",3,16.50,4,0
2538,837,"2025-08-10","2025-08","BRW003","Food","PRD020","Yogurt Parfait",1,5.50,"Mid",1,5.50,4,0
2531,835,"2025-12-22","2025-12","BRW002","Food","PRD020","Yogurt Parfait",1,5.50,"Mid",2,11.00,3,0
2524,831,"2025-07-14","2025-07","BRW001","Food","PRD020","Yogurt Parfait",1,5.50,"Mid",1,5.50,2,0
2521,830,"2025-06-15","2025-06","BRW003","Food","PRD020","Yogurt Parfait",1,5.50,"Mid",1,5.50,3,0
2488,821,"2025-12-02","2025-12","BRW003","Food","PRD020","Yogurt Parfait",1,5.50,"Mid",1,5.50,3,0
2453,809,"2025-05-19","2025-05","BRW001","Food","PRD020","Yogurt Parfait",1,5.50,"Mid",3,16.50,3,0
2375,783,"2025-03-23","2025-03","BRW003","Food","PRD020","Yogurt Parfait",1,5.50,"Mid",1,5.50,4,0
2351,775,"2025-05-30","2025-05","BRW002","Food","PRD020","Yogurt Parfait",1,5.50,"Mid",2,11.00,3,0
2319,765,"2025-09-16","2025-09","BRW002","Food","PRD020","Yogurt Parfait",1,5.50,"Mid",2,11.00,5,0
2296,758,"2025-10-03","2025-10","BRW002","Food","PRD020","Yogurt Parfait",1,5.50,"Mid",3,16.50,4,0
2231,736,"2025-12-10","2025-12","BRW003","Food","PRD020","Yogurt Parfait",1,5.50,"Mid",2,11.00,3,0
2225,735,"2025-12-22","2025-12","BRW003","Food","PRD020","Yogurt Parfait",1,5.50,"Mid",2,11.00,4,0
2185,720,"2025-10-15","2025-10","BRW002","Food","PRD020","Yogurt Parfait",1,5.50,"Mid",3,16.50,4,0
2172,714,"2025-06-13","2025-06","BRW003","Food","PRD020","Yogurt Parfait",1,5.50,"Mid",1,5.50,3,0
2132,700,"2025-12-17","2025-12","BRW003","Food","PRD020","Yogurt Parfait",1,5.50,"Mid",2,11.00,2,0
2109,693,"2025-08-29","2025-08","BRW003","Food","PRD020","Yogurt Parfait",1,5.50,"Mid",3,16.50,4,0
2095,688,"2025-03-10","2025-03","BRW003","Food","PRD020","Yogurt Parfait",1,5.50,"Mid",3,16.50,4,0
2076,680,"2025-11-26","2025-11","BRW003","Food","PRD020","Yogurt Parfait",1,5.50,"Mid",1,5.50,4,0
2056,674,"2025-01-27","2025-01","BRW001","Food","PRD020","Yogurt Parfait",1,5.50,"Mid",3,16.50,4,0
1965,645,"2025-05-21","2025-05","BRW002","Food","PRD020","Yogurt Parfait",1,5.50,"Mid",1,5.50,5,0
1960,643,"2025-12-23","2025-12","BRW003","Food","PRD020","Yogurt Parfait",1,5.50,"Mid",2,11.00,4,0
1901,624,"2025-07-21","2025-07","BRW003","Food","PRD020","Yogurt Parfait",1,5.50,"Mid",1,5.50,3,0
1865,613,"2025-04-16","2025-04","BRW003","Food","PRD020","Yogurt Parfait",1,5.50,"Mid",2,11.00,3,0
1805,593,"2025-05-29","2025-05","BRW001","Food","PRD020","Yogurt Parfait",1,5.50,"Mid",2,11.00,5,0
1802,592,"2026-01-04","2026-01","BRW003","Food","PRD020","Yogurt Parfait",1,5.50,"Mid",2,11.00,5,0
1796,591,"2025-06-22","2025-06","BRW002","Food","PRD020","Yogurt Parfait",1,5.50,"Mid",3,16.50,2,0
1621,536,"2025-10-16","2025-10","BRW002","Food","PRD020","Yogurt Parfait",1,5.50,"Mid",2,11.00,4,0
1515,501,"2025-06-08","2025-06","BRW002","Food","PRD020","Yogurt Parfait",1,5.50,"Mid",3,16.50,3,0
1513,500,"2025-05-09","2025-05","BRW001","Food","PRD020","Yogurt Parfait",1,5.50,"Mid",3,16.50,3,0
1456,480,"2025-07-25","2025-07","BRW001","Food","PRD020","Yogurt Parfait",1,5.50,"Mid",3,16.50,4,0
1444,476,"2026-01-15","2026-01","BRW001","Food","PRD020","Yogurt Parfait",1,5.50,"Mid",1,5.50,4,0
1428,471,"2025-10-07","2025-10","BRW001","Food","PRD020","Yogurt Parfait",1,5.50,"Mid",3,16.50,5,0
1391,460,"2025-01-28","2025-01","BRW002","Food","PRD020","Yogurt Parfait",1,5.50,"Mid",2,11.00,4,0
1337,437,"2025-12-02","2025-12","BRW001","Food","PRD020","Yogurt Parfait",1,5.50,"Mid",2,11.00,4,0
1334,436,"2025-06-14","2025-06","BRW002","Food","PRD020","Yogurt Parfait",1,5.50,"Mid",1,5.50,2,0
1323,431,"2025-02-26","2025-02","BRW001","Food","PRD020","Yogurt Parfait",1,5.50,"Mid",3,16.50,4,0
1317,429,"2026-01-25","2026-01","BRW001","Food","PRD020","Yogurt Parfait",1,5.50,"Mid",3,16.50,4,0
1307,426,"2025-04-22","2025-04","BRW002","Food","PRD020","Yogurt Parfait",1,5.50,"Mid",2,11.00,3,0
1302,423,"2025-07-21","2025-07","BRW003","Food","PRD020","Yogurt Parfait",1,5.50,"Mid",3,16.50,4,0
1279,414,"2026-01-21","2026-01","BRW002","Food","PRD020","Yogurt Parfait",1,5.50,"Mid",3,16.50,5,0
1274,412,"2025-11-02","2025-11","BRW002","Food","PRD020","Yogurt Parfait",1,5.50,"Mid",3,16.50,2,0
1218,392,"2025-02-13","2025-02","BRW002","Food","PRD020","Yogurt Parfait",1,5.50,"Mid",3,16.50,4,0
1191,385,"2025-10-07","2025-10","BRW002","Food","PRD020","Yogurt Parfait",1,5.50,"Mid",2,11.00,1,1
1182,382,"2025-03-08","2025-03","BRW003","Food","PRD020","Yogurt Parfait",1,5.50,"Mid",2,11.00,5,0
1131,368,"2025-02-07","2025-02","BRW002","Food","PRD020","Yogurt Parfait",1,5.50,"Mid",3,16.50,5,0
990,319,"2025-01-07","2025-01","BRW002","Food","PRD020","Yogurt Parfait",1,5.50,"Mid",3,16.50,3,0
980,314,"2025-10-01","2025-10","BRW002","Food","PRD020","Yogurt Parfait",1,5.50,"Mid",2,11.00,5,0
950,306,"2025-02-01","2025-02","BRW003","Food","PRD020","Yogurt Parfait",1,5.50,"Mid",2,11.00,4,0
930,300,"2026-01-20","2026-01","BRW002","Food","PRD020","Yogurt Parfait",1,5.50,"Mid",3,16.50,4,0
921,298,"2025-06-18","2025-06","BRW003","Food","PRD020","Yogurt Parfait",1,5.50,"Mid",2,11.00,3,0
918,297,"2025-12-25","2025-12","BRW001","Food","PRD020","Yogurt Parfait",1,5.50,"Mid",3,16.50,3,0
913,295,"2025-09-09","2025-09","BRW001","Food","PRD020","Yogurt Parfait",1,5.50,"Mid",2,11.00,1,1
872,282,"2025-10-10","2025-10","BRW001","Food","PRD020","Yogurt Parfait",1,5.50,"Mid",2,11.00,4,0
867,281,"2025-12-23","2025-12","BRW003","Food","PRD020","Yogurt Parfait",1,5.50,"Mid",2,11.00,5,0
830,269,"2025-04-30","2025-04","BRW003","Food","PRD020","Yogurt Parfait",1,5.50,"Mid",1,5.50,1,1
741,239,"2025-12-13","2025-12","BRW001","Food","PRD020","Yogurt Parfait",1,5.50,"Mid",3,16.50,4,0
732,236,"2025-02-10","2025-02","BRW003","Food","PRD020","Yogurt Parfait",1,5.50,"Mid",3,16.50,2,0
697,226,"2025-10-08","2025-10","BRW001","Food","PRD020","Yogurt Parfait",1,5.50,"Mid",1,5.50,2,0
653,212,"2025-06-27","2025-06","BRW003","Food","PRD020","Yogurt Parfait",1,5.50,"Mid",2,11.00,4,0
650,211,"2025-10-22","2025-10","BRW003","Food","PRD020","Yogurt Parfait",1,5.50,"Mid",2,11.00,3,0
612,200,"2025-11-29","2025-11","BRW002","Food","PRD020","Yogurt Parfait",1,5.50,"Mid",2,11.00,3,0
583,190,"2025-03-21","2025-03","BRW002","Food","PRD020","Yogurt Parfait",1,5.50,"Mid",2,11.00,4,0
558,183,"2025-01-03","2025-01","BRW001","Food","PRD020","Yogurt Parfait",1,5.50,"Mid",3,16.50,4,0
555,183,"2025-01-03","2025-01","BRW001","Food","PRD020","Yogurt Parfait",1,5.50,"Mid",2,11.00,4,0
545,180,"2025-10-03","2025-10","BRW002","Food","PRD020","Yogurt Parfait",1,5.50,"Mid",1,5.50,4,0
525,173,"2025-03-20","2025-03","BRW003","Food","PRD020","Yogurt Parfait",1,5.50,"Mid",2,11.00,1,1
408,136,"2025-06-28","2025-06","BRW001","Food","PRD020","Yogurt Parfait",1,5.50,"Mid",3,16.50,4,0
333,110,"2025-06-13","2025-06","BRW001","Food","PRD020","Yogurt Parfait",1,5.50,"Mid",3,16.50,4,0
322,107,"2025-09-12","2025-09","BRW001","Food","PRD020","Yogurt Parfait",1,5.50,"Mid",2,11.00,2,0
293,99,"2025-12-16","2025-12","BRW003","Food","PRD020","Yogurt Parfait",1,5.50,"Mid",3,16.50,2,0
244,81,"2025-07-04","2025-07","BRW001","Food","PRD020","Yogurt Parfait",1,5.50,"Mid",1,5.50,3,0
182,61,"2025-12-23","2025-12","BRW001","Food","PRD020","Yogurt Parfait",1,5.50,"Mid",3,16.50,4,0
181,61,"2025-12-23","2025-12","BRW001","Food","PRD020","Yogurt Parfait",1,5.50,"Mid",1,5.50,4,0
173,59,"2025-12-03","2025-12","BRW003","Food","PRD020","Yogurt Parfait",1,5.50,"Mid",1,5.50,4,0
154,51,"2025-11-26","2025-11","BRW003","Food","PRD020","Yogurt Parfait",1,5.50,"Mid",1,5.50,4,0
131,45,"2025-04-07","2025-04","BRW003","Food","PRD020","Yogurt Parfait",1,5.50,"Mid",2,11.00,5,0
83,27,"2025-06-20","2025-06","BRW001","Food","PRD020","Yogurt Parfait",1,5.50,"Mid",1,5.50,1,1
3608,1185,"2025-12-30","2025-12","BRW002","Merchandise","PRD021","Coffee Beans 250g",1,14.00,"Cheap",3,42.00,3,0
3596,1183,"2026-01-18","2026-01","BRW003","Merchandise","PRD021","Coffee Beans 250g",1,14.00,"Cheap",1,14.00,5,0
3581,1178,"2025-06-27","2025-06","BRW001","Merchandise","PRD021","Coffee Beans 250g",1,14.00,"Cheap",3,42.00,4,0
3570,1174,"2025-03-01","2025-03","BRW001","Merchandise","PRD021","Coffee Beans 250g",1,14.00,"Cheap",3,42.00,3,0
3532,1160,"2026-01-20","2026-01","BRW003","Merchandise","PRD021","Coffee Beans 250g",1,14.00,"Cheap",3,42.00,4,0
3529,1160,"2026-01-20","2026-01","BRW003","Merchandise","PRD021","Coffee Beans 250g",1,14.00,"Cheap",1,14.00,4,0
3525,1159,"2025-10-11","2025-10","BRW002","Merchandise","PRD021","Coffee Beans 250g",1,14.00,"Cheap",3,42.00,4,0
3515,1156,"2025-01-19","2025-01","BRW003","Merchandise","PRD021","Coffee Beans 250g",1,14.00,"Cheap",2,28.00,4,0
3508,1154,"2026-01-29","2026-01","BRW001","Merchandise","PRD021","Coffee Beans 250g",1,14.00,"Cheap",1,14.00,2,0
3462,1140,"2025-10-20","2025-10","BRW001","Merchandise","PRD021","Coffee Beans 250g",1,14.00,"Cheap",1,14.00,4,0
3429,1131,"2025-09-12","2025-09","BRW001","Merchandise","PRD021","Coffee Beans 250g",1,14.00,"Cheap",2,28.00,2,0
3398,1123,"2026-01-26","2026-01","BRW003","Merchandise","PRD021","Coffee Beans 250g",1,14.00,"Cheap",3,42.00,3,0
3390,1120,"2025-09-08","2025-09","BRW002","Merchandise","PRD021","Coffee Beans 250g",1,14.00,"Cheap",2,28.00,2,0
3379,1116,"2025-08-14","2025-08","BRW001","Merchandise","PRD021","Coffee Beans 250g",1,14.00,"Cheap",2,28.00,3,0
3324,1099,"2025-08-06","2025-08","BRW001","Merchandise","PRD021","Coffee Beans 250g",1,14.00,"Cheap",1,14.00,5,0
3257,1079,"2025-11-27","2025-11","BRW003","Merchandise","PRD021","Coffee Beans 250g",1,14.00,"Cheap",2,28.00,4,0
3204,1065,"2025-11-26","2025-11","BRW002","Merchandise","PRD021","Coffee Beans 250g",1,14.00,"Cheap",3,42.00,4,0
3167,1055,"2025-11-17","2025-11","BRW001","Merchandise","PRD021","Coffee Beans 250g",1,14.00,"Cheap",3,42.00,3,0
3154,1051,"2025-11-14","2025-11","BRW003","Merchandise","PRD021","Coffee Beans 250g",1,14.00,"Cheap",2,28.00,4,0
3128,1042,"2025-07-19","2025-07","BRW001","Merchandise","PRD021","Coffee Beans 250g",1,14.00,"Cheap",2,28.00,4,0
3086,1023,"2025-06-21","2025-06","BRW003","Merchandise","PRD021","Coffee Beans 250g",1,14.00,"Cheap",3,42.00,2,0
3034,1007,"2025-07-22","2025-07","BRW002","Merchandise","PRD021","Coffee Beans 250g",1,14.00,"Cheap",2,28.00,4,0
3032,1007,"2025-07-22","2025-07","BRW002","Merchandise","PRD021","Coffee Beans 250g",1,14.00,"Cheap",3,42.00,4,0
3023,1003,"2025-10-31","2025-10","BRW003","Merchandise","PRD021","Coffee Beans 250g",1,14.00,"Cheap",2,28.00,1,1
2998,992,"2025-12-31","2025-12","BRW002","Merchandise","PRD021","Coffee Beans 250g",1,14.00,"Cheap",2,28.00,4,0
2955,978,"2025-06-11","2025-06","BRW001","Merchandise","PRD021","Coffee Beans 250g",1,14.00,"Cheap",3,42.00,2,0
2928,967,"2025-05-12","2025-05","BRW001","Merchandise","PRD021","Coffee Beans 250g",1,14.00,"Cheap",3,42.00,4,0
2924,966,"2025-01-20","2025-01","BRW001","Merchandise","PRD021","Coffee Beans 250g",1,14.00,"Cheap",3,42.00,5,0
2860,948,"2025-10-11","2025-10","BRW001","Merchandise","PRD021","Coffee Beans 250g",1,14.00,"Cheap",1,14.00,2,0
2858,947,"2025-03-21","2025-03","BRW001","Merchandise","PRD021","Coffee Beans 250g",1,14.00,"Cheap",1,14.00,4,0
2805,929,"2026-01-27","2026-01","BRW002","Merchandise","PRD021","Coffee Beans 250g",1,14.00,"Cheap",3,42.00,5,0
2767,916,"2025-08-10","2025-08","BRW002","Merchandise","PRD021","Coffee Beans 250g",1,14.00,"Cheap",3,42.00,5,0
2734,902,"2025-01-05","2025-01","BRW003","Merchandise","PRD021","Coffee Beans 250g",1,14.00,"Cheap",1,14.00,3,0
2684,885,"2026-01-02","2026-01","BRW001","Merchandise","PRD021","Coffee Beans 250g",1,14.00,"Cheap",3,42.00,5,0
2662,876,"2025-11-27","2025-11","BRW002","Merchandise","PRD021","Coffee Beans 250g",1,14.00,"Cheap",1,14.00,3,0
2659,874,"2025-11-15","2025-11","BRW003","Merchandise","PRD021","Coffee Beans 250g",1,14.00,"Cheap",2,28.00,2,0
2650,872,"2025-08-03","2025-08","BRW002","Merchandise","PRD021","Coffee Beans 250g",1,14.00,"Cheap",2,28.00,5,0
2640,870,"2026-01-15","2026-01","BRW001","Merchandise","PRD021","Coffee Beans 250g",1,14.00,"Cheap",1,14.00,4,0
2587,853,"2025-03-09","2025-03","BRW003","Merchandise","PRD021","Coffee Beans 250g",1,14.00,"Cheap",3,42.00,4,0
2571,848,"2025-09-30","2025-09","BRW001","Merchandise","PRD021","Coffee Beans 250g",1,14.00,"Cheap",2,28.00,5,0
2462,813,"2025-06-13","2025-06","BRW002","Merchandise","PRD021","Coffee Beans 250g",1,14.00,"Cheap",1,14.00,4,0
2461,813,"2025-06-13","2025-06","BRW002","Merchandise","PRD021","Coffee Beans 250g",1,14.00,"Cheap",2,28.00,4,0
2444,806,"2025-05-16","2025-05","BRW001","Merchandise","PRD021","Coffee Beans 250g",1,14.00,"Cheap",2,28.00,5,0
2363,780,"2025-05-01","2025-05","BRW002","Merchandise","PRD021","Coffee Beans 250g",1,14.00,"Cheap",2,28.00,5,0
2350,775,"2025-05-30","2025-05","BRW002","Merchandise","PRD021","Coffee Beans 250g",1,14.00,"Cheap",3,42.00,3,0
2334,770,"2025-12-14","2025-12","BRW002","Merchandise","PRD021","Coffee Beans 250g",1,14.00,"Cheap",1,14.00,2,0
2269,750,"2025-01-04","2025-01","BRW001","Merchandise","PRD021","Coffee Beans 250g",1,14.00,"Cheap",2,28.00,1,1
2268,749,"2025-04-07","2025-04","BRW002","Merchandise","PRD021","Coffee Beans 250g",1,14.00,"Cheap",2,28.00,2,0
2260,746,"2025-07-01","2025-07","BRW001","Merchandise","PRD021","Coffee Beans 250g",1,14.00,"Cheap",2,28.00,5,0
2168,713,"2026-01-22","2026-01","BRW001","Merchandise","PRD021","Coffee Beans 250g",1,14.00,"Cheap",3,42.00,5,0
2164,711,"2025-07-30","2025-07","BRW002","Merchandise","PRD021","Coffee Beans 250g",1,14.00,"Cheap",1,14.00,2,0
2159,709,"2026-01-03","2026-01","BRW003","Merchandise","PRD021","Coffee Beans 250g",1,14.00,"Cheap",1,14.00,1,1
2152,707,"2025-04-23","2025-04","BRW003","Merchandise","PRD021","Coffee Beans 250g",1,14.00,"Cheap",1,14.00,4,0
2134,701,"2025-12-29","2025-12","BRW002","Merchandise","PRD021","Coffee Beans 250g",1,14.00,"Cheap",3,42.00,3,0
2118,696,"2025-09-09","2025-09","BRW003","Merchandise","PRD021","Coffee Beans 250g",1,14.00,"Cheap",2,28.00,5,0
2080,682,"2026-01-14","2026-01","BRW001","Merchandise","PRD021","Coffee Beans 250g",1,14.00,"Cheap",1,14.00,2,0
2016,663,"2026-01-23","2026-01","BRW001","Merchandise","PRD021","Coffee Beans 250g",1,14.00,"Cheap",2,28.00,2,0
1989,652,"2025-11-17","2025-11","BRW002","Merchandise","PRD021","Coffee Beans 250g",1,14.00,"Cheap",1,14.00,4,0
1970,646,"2025-08-25","2025-08","BRW001","Merchandise","PRD021","Coffee Beans 250g",1,14.00,"Cheap",2,28.00,2,0
1959,643,"2025-12-23","2025-12","BRW003","Merchandise","PRD021","Coffee Beans 250g",1,14.00,"Cheap",2,28.00,4,0
1949,640,"2025-06-24","2025-06","BRW003","Merchandise","PRD021","Coffee Beans 250g",1,14.00,"Cheap",3,42.00,5,0
1831,600,"2025-02-05","2025-02","BRW003","Merchandise","PRD021","Coffee Beans 250g",1,14.00,"Cheap",1,14.00,4,0
1784,587,"2025-04-24","2025-04","BRW002","Merchandise","PRD021","Coffee Beans 250g",1,14.00,"Cheap",2,28.00,3,0
1745,574,"2025-08-26","2025-08","BRW001","Merchandise","PRD021","Coffee Beans 250g",1,14.00,"Cheap",1,14.00,5,0
1740,573,"2025-12-03","2025-12","BRW001","Merchandise","PRD021","Coffee Beans 250g",1,14.00,"Cheap",3,42.00,5,0
1650,544,"2025-02-14","2025-02","BRW001","Merchandise","PRD021","Coffee Beans 250g",1,14.00,"Cheap",1,14.00,2,0
1611,533,"2025-12-08","2025-12","BRW001","Merchandise","PRD021","Coffee Beans 250g",1,14.00,"Cheap",2,28.00,3,0
1610,532,"2025-07-12","2025-07","BRW001","Merchandise","PRD021","Coffee Beans 250g",1,14.00,"Cheap",3,42.00,1,1
1609,531,"2025-04-06","2025-04","BRW003","Merchandise","PRD021","Coffee Beans 250g",1,14.00,"Cheap",1,14.00,5,0
1581,524,"2025-03-01","2025-03","BRW001","Merchandise","PRD021","Coffee Beans 250g",1,14.00,"Cheap",1,14.00,5,0
1497,493,"2025-05-04","2025-05","BRW003","Merchandise","PRD021","Coffee Beans 250g",1,14.00,"Cheap",2,28.00,4,0
1489,490,"2025-07-25","2025-07","BRW001","Merchandise","PRD021","Coffee Beans 250g",1,14.00,"Cheap",3,42.00,4,0
1451,479,"2026-01-05","2026-01","BRW001","Merchandise","PRD021","Coffee Beans 250g",1,14.00,"Cheap",2,28.00,3,0
1439,475,"2025-10-30","2025-10","BRW001","Merchandise","PRD021","Coffee Beans 250g",1,14.00,"Cheap",1,14.00,4,0
1251,403,"2025-11-19","2025-11","BRW003","Merchandise","PRD021","Coffee Beans 250g",1,14.00,"Cheap",1,14.00,2,0
1232,397,"2025-02-08","2025-02","BRW003","Merchandise","PRD021","Coffee Beans 250g",1,14.00,"Cheap",1,14.00,3,0
1230,396,"2025-05-19","2025-05","BRW003","Merchandise","PRD021","Coffee Beans 250g",1,14.00,"Cheap",1,14.00,3,0
1199,388,"2025-06-22","2025-06","BRW001","Merchandise","PRD021","Coffee Beans 250g",1,14.00,"Cheap",2,28.00,3,0
1113,362,"2025-11-11","2025-11","BRW001","Merchandise","PRD021","Coffee Beans 250g",1,14.00,"Cheap",3,42.00,4,0
1105,359,"2026-01-14","2026-01","BRW003","Merchandise","PRD021","Coffee Beans 250g",1,14.00,"Cheap",3,42.00,2,0
1052,337,"2025-02-23","2025-02","BRW001","Merchandise","PRD021","Coffee Beans 250g",1,14.00,"Cheap",1,14.00,4,0
1023,328,"2025-07-25","2025-07","BRW002","Merchandise","PRD021","Coffee Beans 250g",1,14.00,"Cheap",3,42.00,3,0
1022,327,"2025-05-19","2025-05","BRW001","Merchandise","PRD021","Coffee Beans 250g",1,14.00,"Cheap",3,42.00,3,0
997,322,"2025-11-10","2025-11","BRW002","Merchandise","PRD021","Coffee Beans 250g",1,14.00,"Cheap",2,28.00,5,0
989,319,"2025-01-07","2025-01","BRW002","Merchandise","PRD021","Coffee Beans 250g",1,14.00,"Cheap",1,14.00,3,0
976,314,"2025-10-01","2025-10","BRW002","Merchandise","PRD021","Coffee Beans 250g",1,14.00,"Cheap",1,14.00,5,0
964,311,"2025-01-30","2025-01","BRW002","Merchandise","PRD021","Coffee Beans 250g",1,14.00,"Cheap",3,42.00,5,0
943,304,"2025-03-02","2025-03","BRW002","Merchandise","PRD021","Coffee Beans 250g",1,14.00,"Cheap",3,42.00,2,0
919,297,"2025-12-25","2025-12","BRW001","Merchandise","PRD021","Coffee Beans 250g",1,14.00,"Cheap",2,28.00,3,0
844,274,"2025-08-07","2025-08","BRW002","Merchandise","PRD021","Coffee Beans 250g",1,14.00,"Cheap",2,28.00,4,0
814,264,"2025-11-22","2025-11","BRW002","Merchandise","PRD021","Coffee Beans 250g",1,14.00,"Cheap",3,42.00,5,0
780,253,"2025-10-30","2025-10","BRW003","Merchandise","PRD021","Coffee Beans 250g",1,14.00,"Cheap",3,42.00,3,0
767,249,"2025-06-21","2025-06","BRW002","Merchandise","PRD021","Coffee Beans 250g",1,14.00,"Cheap",1,14.00,4,0
682,221,"2025-11-16","2025-11","BRW002","Merchandise","PRD021","Coffee Beans 250g",1,14.00,"Cheap",1,14.00,4,0
622,203,"2025-10-23","2025-10","BRW002","Merchandise","PRD021","Coffee Beans 250g",1,14.00,"Cheap",2,28.00,5,0
613,200,"2025-11-29","2025-11","BRW002","Merchandise","PRD021","Coffee Beans 250g",1,14.00,"Cheap",1,14.00,3,0
605,198,"2025-12-04","2025-12","BRW001","Merchandise","PRD021","Coffee Beans 250g",1,14.00,"Cheap",3,42.00,2,0
506,168,"2025-03-01","2025-03","BRW003","Merchandise","PRD021","Coffee Beans 250g",1,14.00,"Cheap",1,14.00,3,0
504,168,"2025-03-01","2025-03","BRW003","Merchandise","PRD021","Coffee Beans 250g",1,14.00,"Cheap",3,42.00,3,0
502,167,"2025-04-28","2025-04","BRW001","Merchandise","PRD021","Coffee Beans 250g",1,14.00,"Cheap",3,42.00,5,0
480,162,"2025-10-08","2025-10","BRW003","Merchandise","PRD021","Coffee Beans 250g",1,14.00,"Cheap",3,42.00,4,0
479,161,"2025-03-07","2025-03","BRW001","Merchandise","PRD021","Coffee Beans 250g",1,14.00,"Cheap",2,28.00,5,0
434,145,"2025-02-15","2025-02","BRW001","Merchandise","PRD021","Coffee Beans 250g",1,14.00,"Cheap",3,42.00,1,1
398,133,"2025-04-09","2025-04","BRW001","Merchandise","PRD021","Coffee Beans 250g",1,14.00,"Cheap",2,28.00,4,0
387,130,"2025-09-16","2025-09","BRW001","Merchandise","PRD021","Coffee Beans 250g",1,14.00,"Cheap",3,42.00,2,0
343,113,"2025-10-30","2025-10","BRW002","Merchandise","PRD021","Coffee Beans 250g",1,14.00,"Cheap",1,14.00,3,0
310,104,"2025-06-22","2025-06","BRW002","Merchandise","PRD021","Coffee Beans 250g",1,14.00,"Cheap",2,28.00,4,0
290,98,"2025-09-25","2025-09","BRW002","Merchandise","PRD021","Coffee Beans 250g",1,14.00,"Cheap",1,14.00,3,0
196,65,"2025-03-25","2025-03","BRW003","Merchandise","PRD021","Coffee Beans 250g",1,14.00,"Cheap",3,42.00,4,0
161,53,"2026-01-05","2026-01","BRW003","Merchandise","PRD021","Coffee Beans 250g",1,14.00,"Cheap",3,42.00,2,0
137,46,"2025-12-05","2025-12","BRW003","Merchandise","PRD021","Coffee Beans 250g",1,14.00,"Cheap",1,14.00,5,0
108,36,"2025-09-15","2025-09","BRW002","Merchandise","PRD021","Coffee Beans 250g",1,14.00,"Cheap",2,28.00,1,1
102,34,"2025-02-26","2025-02","BRW001","Merchandise","PRD021","Coffee Beans 250g",1,14.00,"Cheap",2,28.00,4,0
28,11,"2025-10-28","2025-10","BRW001","Merchandise","PRD021","Coffee Beans 250g",1,14.00,"Cheap",1,14.00,5,0
24,8,"2025-10-11","2025-10","BRW001","Merchandise","PRD021","Coffee Beans 250g",1,14.00,"Cheap",3,42.00,3,0
8,3,"2025-08-15","2025-08","BRW003","Merchandise","PRD021","Coffee Beans 250g",1,14.00,"Cheap",3,42.00,5,0
3557,1170,"2025-01-17","2025-01","BRW002","Merchandise","PRD022","Ceramic Mug",1,12.00,"Cheap",1,12.00,3,0
3537,1162,"2025-08-13","2025-08","BRW001","Merchandise","PRD022","Ceramic Mug",1,12.00,"Cheap",3,36.00,1,1
3494,1149,"2025-05-14","2025-05","BRW002","Merchandise","PRD022","Ceramic Mug",1,12.00,"Cheap",2,24.00,3,0
3488,1148,"2025-10-01","2025-10","BRW003","Merchandise","PRD022","Ceramic Mug",1,12.00,"Cheap",1,12.00,4,0
3483,1147,"2025-10-01","2025-10","BRW003","Merchandise","PRD022","Ceramic Mug",1,12.00,"Cheap",2,24.00,5,0
3471,1143,"2025-11-17","2025-11","BRW001","Merchandise","PRD022","Ceramic Mug",1,12.00,"Cheap",2,24.00,1,1
3423,1129,"2025-09-26","2025-09","BRW002","Merchandise","PRD022","Ceramic Mug",1,12.00,"Cheap",1,12.00,5,0
3401,1123,"2026-01-26","2026-01","BRW003","Merchandise","PRD022","Ceramic Mug",1,12.00,"Cheap",1,12.00,3,0
3263,1082,"2025-01-12","2025-01","BRW001","Merchandise","PRD022","Ceramic Mug",1,12.00,"Cheap",3,36.00,5,0
3255,1078,"2025-08-18","2025-08","BRW002","Merchandise","PRD022","Ceramic Mug",1,12.00,"Cheap",3,36.00,5,0
3233,1072,"2025-12-03","2025-12","BRW003","Merchandise","PRD022","Ceramic Mug",1,12.00,"Cheap",2,24.00,4,0
3215,1068,"2025-12-03","2025-12","BRW003","Merchandise","PRD022","Ceramic Mug",1,12.00,"Cheap",2,24.00,4,0
3203,1065,"2025-11-26","2025-11","BRW002","Merchandise","PRD022","Ceramic Mug",1,12.00,"Cheap",1,12.00,4,0
3142,1045,"2025-05-15","2025-05","BRW003","Merchandise","PRD022","Ceramic Mug",1,12.00,"Cheap",3,36.00,4,0
3134,1043,"2025-03-23","2025-03","BRW003","Merchandise","PRD022","Ceramic Mug",1,12.00,"Cheap",1,12.00,5,0
3065,1016,"2025-09-15","2025-09","BRW001","Merchandise","PRD022","Ceramic Mug",1,12.00,"Cheap",3,36.00,2,0
2995,992,"2025-12-31","2025-12","BRW002","Merchandise","PRD022","Ceramic Mug",1,12.00,"Cheap",2,24.00,4,0
2950,975,"2025-08-03","2025-08","BRW002","Merchandise","PRD022","Ceramic Mug",1,12.00,"Cheap",1,12.00,2,0
2943,972,"2025-09-02","2025-09","BRW003","Merchandise","PRD022","Ceramic Mug",1,12.00,"Cheap",2,24.00,5,0
2914,964,"2025-04-30","2025-04","BRW001","Merchandise","PRD022","Ceramic Mug",1,12.00,"Cheap",2,24.00,5,0
2876,952,"2025-09-18","2025-09","BRW002","Merchandise","PRD022","Ceramic Mug",1,12.00,"Cheap",1,12.00,5,0
2871,951,"2025-09-16","2025-09","BRW003","Merchandise","PRD022","Ceramic Mug",1,12.00,"Cheap",1,12.00,4,0
2850,945,"2025-09-14","2025-09","BRW001","Merchandise","PRD022","Ceramic Mug",1,12.00,"Cheap",1,12.00,3,0
2812,932,"2025-07-02","2025-07","BRW001","Merchandise","PRD022","Ceramic Mug",1,12.00,"Cheap",3,36.00,4,0
2750,909,"2025-02-25","2025-02","BRW003","Merchandise","PRD022","Ceramic Mug",1,12.00,"Cheap",3,36.00,2,0
2747,906,"2025-09-07","2025-09","BRW002","Merchandise","PRD022","Ceramic Mug",1,12.00,"Cheap",1,12.00,4,0
2730,901,"2026-01-22","2026-01","BRW003","Merchandise","PRD022","Ceramic Mug",1,12.00,"Cheap",2,24.00,2,0
2635,868,"2025-05-22","2025-05","BRW001","Merchandise","PRD022","Ceramic Mug",1,12.00,"Cheap",2,24.00,5,0
2591,854,"2025-04-20","2025-04","BRW002","Merchandise","PRD022","Ceramic Mug",1,12.00,"Cheap",3,36.00,2,0
2556,843,"2025-12-03","2025-12","BRW001","Merchandise","PRD022","Ceramic Mug",1,12.00,"Cheap",2,24.00,3,0
2443,806,"2025-05-16","2025-05","BRW001","Merchandise","PRD022","Ceramic Mug",1,12.00,"Cheap",2,24.00,5,0
2337,771,"2025-11-23","2025-11","BRW002","Merchandise","PRD022","Ceramic Mug",1,12.00,"Cheap",1,12.00,4,0
2272,751,"2025-03-29","2025-03","BRW003","Merchandise","PRD022","Ceramic Mug",1,12.00,"Cheap",2,24.00,3,0
2256,745,"2025-09-22","2025-09","BRW001","Merchandise","PRD022","Ceramic Mug",1,12.00,"Cheap",2,24.00,5,0
2214,729,"2025-01-30","2025-01","BRW003","Merchandise","PRD022","Ceramic Mug",1,12.00,"Cheap",2,24.00,5,0
2156,708,"2025-01-22","2025-01","BRW001","Merchandise","PRD022","Ceramic Mug",1,12.00,"Cheap",2,24.00,3,0
2106,692,"2025-08-14","2025-08","BRW003","Merchandise","PRD022","Ceramic Mug",1,12.00,"Cheap",2,24.00,3,0
2097,689,"2025-03-28","2025-03","BRW002","Merchandise","PRD022","Ceramic Mug",1,12.00,"Cheap",3,36.00,2,0
2089,686,"2025-06-26","2025-06","BRW002","Merchandise","PRD022","Ceramic Mug",1,12.00,"Cheap",1,12.00,3,0
2051,672,"2025-10-28","2025-10","BRW003","Merchandise","PRD022","Ceramic Mug",1,12.00,"Cheap",2,24.00,2,0
2048,672,"2025-10-28","2025-10","BRW003","Merchandise","PRD022","Ceramic Mug",1,12.00,"Cheap",2,24.00,2,0
2044,671,"2025-08-18","2025-08","BRW003","Merchandise","PRD022","Ceramic Mug",1,12.00,"Cheap",2,24.00,5,0
2037,669,"2025-02-11","2025-02","BRW001","Merchandise","PRD022","Ceramic Mug",1,12.00,"Cheap",2,24.00,3,0
1978,648,"2025-04-14","2025-04","BRW001","Merchandise","PRD022","Ceramic Mug",1,12.00,"Cheap",3,36.00,3,0
1976,647,"2025-05-13","2025-05","BRW003","Merchandise","PRD022","Ceramic Mug",1,12.00,"Cheap",1,12.00,4,0
1936,637,"2025-07-18","2025-07","BRW001","Merchandise","PRD022","Ceramic Mug",1,12.00,"Cheap",2,24.00,5,0
1932,636,"2025-08-05","2025-08","BRW001","Merchandise","PRD022","Ceramic Mug",1,12.00,"Cheap",3,36.00,4,0
1913,631,"2025-03-16","2025-03","BRW001","Merchandise","PRD022","Ceramic Mug",1,12.00,"Cheap",1,12.00,3,0
1897,623,"2025-06-14","2025-06","BRW001","Merchandise","PRD022","Ceramic Mug",1,12.00,"Cheap",3,36.00,3,0
1866,613,"2025-04-16","2025-04","BRW003","Merchandise","PRD022","Ceramic Mug",1,12.00,"Cheap",3,36.00,3,0
1838,603,"2025-04-24","2025-04","BRW002","Merchandise","PRD022","Ceramic Mug",1,12.00,"Cheap",2,24.00,2,0
1825,598,"2025-07-14","2025-07","BRW002","Merchandise","PRD022","Ceramic Mug",1,12.00,"Cheap",1,12.00,2,0
1795,590,"2025-07-11","2025-07","BRW003","Merchandise","PRD022","Ceramic Mug",1,12.00,"Cheap",3,36.00,4,0
1750,575,"2026-01-15","2026-01","BRW002","Merchandise","PRD022","Ceramic Mug",1,12.00,"Cheap",1,12.00,2,0
1739,573,"2025-12-03","2025-12","BRW001","Merchandise","PRD022","Ceramic Mug",1,12.00,"Cheap",1,12.00,5,0
1720,567,"2025-11-21","2025-11","BRW001","Merchandise","PRD022","Ceramic Mug",1,12.00,"Cheap",1,12.00,5,0
1711,565,"2025-10-17","2025-10","BRW003","Merchandise","PRD022","Ceramic Mug",1,12.00,"Cheap",3,36.00,2,0
1707,564,"2025-02-06","2025-02","BRW002","Merchandise","PRD022","Ceramic Mug",1,12.00,"Cheap",3,36.00,3,0
1659,546,"2026-01-08","2026-01","BRW003","Merchandise","PRD022","Ceramic Mug",1,12.00,"Cheap",3,36.00,5,0
1654,545,"2026-01-17","2026-01","BRW002","Merchandise","PRD022","Ceramic Mug",1,12.00,"Cheap",1,12.00,4,0
1637,541,"2025-03-02","2025-03","BRW002","Merchandise","PRD022","Ceramic Mug",1,12.00,"Cheap",1,12.00,3,0
1622,536,"2025-10-16","2025-10","BRW002","Merchandise","PRD022","Ceramic Mug",1,12.00,"Cheap",2,24.00,4,0
1577,522,"2025-11-02","2025-11","BRW001","Merchandise","PRD022","Ceramic Mug",1,12.00,"Cheap",1,12.00,4,0
1539,510,"2025-04-17","2025-04","BRW002","Merchandise","PRD022","Ceramic Mug",1,12.00,"Cheap",2,24.00,2,0
1531,506,"2025-06-05","2025-06","BRW001","Merchandise","PRD022","Ceramic Mug",1,12.00,"Cheap",3,36.00,5,0
1503,495,"2025-04-13","2025-04","BRW002","Merchandise","PRD022","Ceramic Mug",1,12.00,"Cheap",2,24.00,2,0
1466,483,"2025-01-13","2025-01","BRW002","Merchandise","PRD022","Ceramic Mug",1,12.00,"Cheap",1,12.00,4,0
1437,475,"2025-10-30","2025-10","BRW001","Merchandise","PRD022","Ceramic Mug",1,12.00,"Cheap",3,36.00,4,0
1421,469,"2025-03-13","2025-03","BRW002","Merchandise","PRD022","Ceramic Mug",1,12.00,"Cheap",1,12.00,4,0
1349,444,"2025-05-05","2025-05","BRW003","Merchandise","PRD022","Ceramic Mug",1,12.00,"Cheap",1,12.00,2,0
1341,438,"2025-12-24","2025-12","BRW002","Merchandise","PRD022","Ceramic Mug",1,12.00,"Cheap",3,36.00,2,0
1331,434,"2025-09-18","2025-09","BRW002","Merchandise","PRD022","Ceramic Mug",1,12.00,"Cheap",1,12.00,4,0
1315,428,"2025-03-03","2025-03","BRW003","Merchandise","PRD022","Ceramic Mug",1,12.00,"Cheap",1,12.00,4,0
1285,416,"2025-09-09","2025-09","BRW003","Merchandise","PRD022","Ceramic Mug",1,12.00,"Cheap",1,12.00,2,0
1271,411,"2025-06-01","2025-06","BRW001","Merchandise","PRD022","Ceramic Mug",1,12.00,"Cheap",2,24.00,3,0
1216,392,"2025-02-13","2025-02","BRW002","Merchandise","PRD022","Ceramic Mug",1,12.00,"Cheap",1,12.00,4,0
1215,392,"2025-02-13","2025-02","BRW002","Merchandise","PRD022","Ceramic Mug",1,12.00,"Cheap",2,24.00,4,0
1183,382,"2025-03-08","2025-03","BRW003","Merchandise","PRD022","Ceramic Mug",1,12.00,"Cheap",2,24.00,5,0
1124,365,"2025-11-24","2025-11","BRW003","Merchandise","PRD022","Ceramic Mug",1,12.00,"Cheap",2,24.00,4,0
1122,365,"2025-11-24","2025-11","BRW003","Merchandise","PRD022","Ceramic Mug",1,12.00,"Cheap",2,24.00,4,0
1079,350,"2025-02-24","2025-02","BRW002","Merchandise","PRD022","Ceramic Mug",1,12.00,"Cheap",2,24.00,5,0
1064,342,"2025-02-05","2025-02","BRW003","Merchandise","PRD022","Ceramic Mug",1,12.00,"Cheap",2,24.00,4,0
1051,337,"2025-02-23","2025-02","BRW001","Merchandise","PRD022","Ceramic Mug",1,12.00,"Cheap",2,24.00,4,0
981,315,"2025-11-01","2025-11","BRW002","Merchandise","PRD022","Ceramic Mug",1,12.00,"Cheap",1,12.00,1,1
961,309,"2025-03-19","2025-03","BRW001","Merchandise","PRD022","Ceramic Mug",1,12.00,"Cheap",3,36.00,1,1
940,303,"2025-08-27","2025-08","BRW003","Merchandise","PRD022","Ceramic Mug",1,12.00,"Cheap",2,24.00,5,0
925,299,"2025-07-08","2025-07","BRW002","Merchandise","PRD022","Ceramic Mug",1,12.00,"Cheap",3,36.00,4,0
905,292,"2026-01-01","2026-01","BRW003","Merchandise","PRD022","Ceramic Mug",1,12.00,"Cheap",2,24.00,2,0
796,259,"2025-06-07","2025-06","BRW002","Merchandise","PRD022","Ceramic Mug",1,12.00,"Cheap",1,12.00,2,0
679,220,"2025-06-21","2025-06","BRW003","Merchandise","PRD022","Ceramic Mug",1,12.00,"Cheap",2,24.00,3,0
625,204,"2025-02-02","2025-02","BRW002","Merchandise","PRD022","Ceramic Mug",1,12.00,"Cheap",1,12.00,5,0
619,203,"2025-10-23","2025-10","BRW002","Merchandise","PRD022","Ceramic Mug",1,12.00,"Cheap",3,36.00,5,0
607,199,"2025-08-20","2025-08","BRW003","Merchandise","PRD022","Ceramic Mug",1,12.00,"Cheap",3,36.00,5,0
600,197,"2025-06-11","2025-06","BRW001","Merchandise","PRD022","Ceramic Mug",1,12.00,"Cheap",1,12.00,4,0
576,188,"2025-08-17","2025-08","BRW001","Merchandise","PRD022","Ceramic Mug",1,12.00,"Cheap",2,24.00,2,0
571,187,"2025-05-05","2025-05","BRW002","Merchandise","PRD022","Ceramic Mug",1,12.00,"Cheap",2,24.00,5,0
549,181,"2025-01-21","2025-01","BRW003","Merchandise","PRD022","Ceramic Mug",1,12.00,"Cheap",3,36.00,3,0
485,163,"2026-01-05","2026-01","BRW003","Merchandise","PRD022","Ceramic Mug",1,12.00,"Cheap",2,24.00,5,0
450,151,"2025-03-19","2025-03","BRW002","Merchandise","PRD022","Ceramic Mug",1,12.00,"Cheap",3,36.00,3,0
437,146,"2025-09-05","2025-09","BRW001","Merchandise","PRD022","Ceramic Mug",1,12.00,"Cheap",1,12.00,3,0
436,146,"2025-09-05","2025-09","BRW001","Merchandise","PRD022","Ceramic Mug",1,12.00,"Cheap",2,24.00,3,0
391,131,"2025-04-29","2025-04","BRW002","Merchandise","PRD022","Ceramic Mug",1,12.00,"Cheap",3,36.00,3,0
351,116,"2025-04-24","2025-04","BRW003","Merchandise","PRD022","Ceramic Mug",1,12.00,"Cheap",3,36.00,3,0
335,111,"2025-04-19","2025-04","BRW001","Merchandise","PRD022","Ceramic Mug",1,12.00,"Cheap",1,12.00,5,0
329,109,"2025-09-04","2025-09","BRW001","Merchandise","PRD022","Ceramic Mug",1,12.00,"Cheap",1,12.00,4,0
314,105,"2025-07-11","2025-07","BRW002","Merchandise","PRD022","Ceramic Mug",1,12.00,"Cheap",2,24.00,5,0
306,103,"2025-11-13","2025-11","BRW002","Merchandise","PRD022","Ceramic Mug",1,12.00,"Cheap",2,24.00,4,0
302,102,"2025-10-29","2025-10","BRW002","Merchandise","PRD022","Ceramic Mug",1,12.00,"Cheap",2,24.00,5,0
258,87,"2025-06-21","2025-06","BRW002","Merchandise","PRD022","Ceramic Mug",1,12.00,"Cheap",3,36.00,1,1
248,82,"2025-03-16","2025-03","BRW002","Merchandise","PRD022","Ceramic Mug",1,12.00,"Cheap",2,24.00,1,1
247,82,"2025-03-16","2025-03","BRW002","Merchandise","PRD022","Ceramic Mug",1,12.00,"Cheap",1,12.00,1,1
185,62,"2025-05-13","2025-05","BRW001","Merchandise","PRD022","Ceramic Mug",1,12.00,"Cheap",2,24.00,4,0
175,59,"2025-12-03","2025-12","BRW003","Merchandise","PRD022","Ceramic Mug",1,12.00,"Cheap",3,36.00,4,0
170,57,"2025-08-12","2025-08","BRW002","Merchandise","PRD022","Ceramic Mug",1,12.00,"Cheap",3,36.00,3,0
103,34,"2025-02-26","2025-02","BRW001","Merchandise","PRD022","Ceramic Mug",1,12.00,"Cheap",1,12.00,4,0
91,31,"2025-07-28","2025-07","BRW003","Merchandise","PRD022","Ceramic Mug",1,12.00,"Cheap",3,36.00,4,0
46,17,"2025-03-26","2025-03","BRW003","Merchandise","PRD022","Ceramic Mug",1,12.00,"Cheap",3,36.00,3,0
16,6,"2025-11-21","2025-11","BRW003","Merchandise","PRD022","Ceramic Mug",1,12.00,"Cheap",2,24.00,4,0
1,1,"2025-12-09","2025-12","BRW001","Merchandise","PRD022","Ceramic Mug",1,12.00,"Cheap",1,12.00,2,0
3646,1199,"2025-12-14","2025-12","BRW002","Merchandise","PRD023","Tumbler",1,22.00,"Mid",1,22.00,2,0
3612,1187,"2026-01-22","2026-01","BRW002","Merchandise","PRD023","Tumbler",1,22.00,"Mid",1,22.00,4,0
3563,1173,"2025-03-15","2025-03","BRW001","Merchandise","PRD023","Tumbler",1,22.00,"Mid",3,66.00,5,0
3546,1166,"2025-12-10","2025-12","BRW002","Merchandise","PRD023","Tumbler",1,22.00,"Mid",2,44.00,2,0
3510,1155,"2025-07-21","2025-07","BRW001","Merchandise","PRD023","Tumbler",1,22.00,"Mid",3,66.00,2,0
3497,1150,"2025-04-13","2025-04","BRW002","Merchandise","PRD023","Tumbler",1,22.00,"Mid",1,22.00,3,0
3449,1136,"2025-06-02","2025-06","BRW001","Merchandise","PRD023","Tumbler",1,22.00,"Mid",1,22.00,5,0
3444,1135,"2025-07-24","2025-07","BRW001","Merchandise","PRD023","Tumbler",1,22.00,"Mid",3,66.00,3,0
3408,1125,"2026-01-06","2026-01","BRW002","Merchandise","PRD023","Tumbler",1,22.00,"Mid",2,44.00,4,0
3400,1123,"2026-01-26","2026-01","BRW003","Merchandise","PRD023","Tumbler",1,22.00,"Mid",3,66.00,3,0
3399,1123,"2026-01-26","2026-01","BRW003","Merchandise","PRD023","Tumbler",1,22.00,"Mid",1,22.00,3,0
3383,1117,"2025-04-18","2025-04","BRW001","Merchandise","PRD023","Tumbler",1,22.00,"Mid",2,44.00,2,0
3376,1115,"2025-10-12","2025-10","BRW001","Merchandise","PRD023","Tumbler",1,22.00,"Mid",1,22.00,4,0
3365,1112,"2025-11-02","2025-11","BRW003","Merchandise","PRD023","Tumbler",1,22.00,"Mid",3,66.00,4,0
3329,1100,"2025-03-07","2025-03","BRW003","Merchandise","PRD023","Tumbler",1,22.00,"Mid",2,44.00,1,1
3303,1093,"2025-08-23","2025-08","BRW003","Merchandise","PRD023","Tumbler",1,22.00,"Mid",3,66.00,5,0
3296,1091,"2025-03-31","2025-03","BRW001","Merchandise","PRD023","Tumbler",1,22.00,"Mid",2,44.00,5,0
3285,1087,"2025-07-19","2025-07","BRW002","Merchandise","PRD023","Tumbler",1,22.00,"Mid",3,66.00,5,0
3273,1085,"2025-04-01","2025-04","BRW003","Merchandise","PRD023","Tumbler",1,22.00,"Mid",1,22.00,4,0
3256,1079,"2025-11-27","2025-11","BRW003","Merchandise","PRD023","Tumbler",1,22.00,"Mid",3,66.00,4,0
3209,1067,"2025-06-01","2025-06","BRW003","Merchandise","PRD023","Tumbler",1,22.00,"Mid",3,66.00,5,0
3144,1046,"2026-01-12","2026-01","BRW002","Merchandise","PRD023","Tumbler",1,22.00,"Mid",1,22.00,3,0
3107,1033,"2025-03-07","2025-03","BRW001","Merchandise","PRD023","Tumbler",1,22.00,"Mid",1,22.00,3,0
3046,1011,"2025-11-10","2025-11","BRW001","Merchandise","PRD023","Tumbler",1,22.00,"Mid",3,66.00,5,0
3041,1009,"2025-07-08","2025-07","BRW003","Merchandise","PRD023","Tumbler",1,22.00,"Mid",3,66.00,3,0
3040,1009,"2025-07-08","2025-07","BRW003","Merchandise","PRD023","Tumbler",1,22.00,"Mid",3,66.00,3,0
2970,983,"2025-06-09","2025-06","BRW001","Merchandise","PRD023","Tumbler",1,22.00,"Mid",1,22.00,4,0
2960,980,"2025-09-30","2025-09","BRW003","Merchandise","PRD023","Tumbler",1,22.00,"Mid",3,66.00,3,0
2948,973,"2025-01-10","2025-01","BRW001","Merchandise","PRD023","Tumbler",1,22.00,"Mid",3,66.00,3,0
2931,967,"2025-05-12","2025-05","BRW001","Merchandise","PRD023","Tumbler",1,22.00,"Mid",3,66.00,4,0
2915,964,"2025-04-30","2025-04","BRW001","Merchandise","PRD023","Tumbler",1,22.00,"Mid",2,44.00,5,0
2906,961,"2025-10-31","2025-10","BRW002","Merchandise","PRD023","Tumbler",1,22.00,"Mid",2,44.00,2,0
2891,955,"2025-08-09","2025-08","BRW003","Merchandise","PRD023","Tumbler",1,22.00,"Mid",3,66.00,5,0
2828,938,"2025-06-14","2025-06","BRW001","Merchandise","PRD023","Tumbler",1,22.00,"Mid",2,44.00,2,0
2801,928,"2025-05-16","2025-05","BRW001","Merchandise","PRD023","Tumbler",1,22.00,"Mid",1,22.00,5,0
2681,884,"2025-09-25","2025-09","BRW003","Merchandise","PRD023","Tumbler",1,22.00,"Mid",1,22.00,2,0
2679,883,"2025-08-21","2025-08","BRW003","Merchandise","PRD023","Tumbler",1,22.00,"Mid",1,22.00,2,0
2634,868,"2025-05-22","2025-05","BRW001","Merchandise","PRD023","Tumbler",1,22.00,"Mid",3,66.00,5,0
2572,849,"2025-07-08","2025-07","BRW002","Merchandise","PRD023","Tumbler",1,22.00,"Mid",3,66.00,5,0
2568,848,"2025-09-30","2025-09","BRW001","Merchandise","PRD023","Tumbler",1,22.00,"Mid",1,22.00,5,0
2555,843,"2025-12-03","2025-12","BRW001","Merchandise","PRD023","Tumbler",1,22.00,"Mid",3,66.00,3,0
2549,841,"2025-07-22","2025-07","BRW003","Merchandise","PRD023","Tumbler",1,22.00,"Mid",2,44.00,2,0
2545,839,"2025-02-01","2025-02","BRW003","Merchandise","PRD023","Tumbler",1,22.00,"Mid",2,44.00,3,0
2516,828,"2025-07-31","2025-07","BRW003","Merchandise","PRD023","Tumbler",1,22.00,"Mid",3,66.00,4,0
2475,818,"2025-06-22","2025-06","BRW001","Merchandise","PRD023","Tumbler",1,22.00,"Mid",1,22.00,3,0
2420,800,"2025-06-05","2025-06","BRW001","Merchandise","PRD023","Tumbler",1,22.00,"Mid",2,44.00,2,0
2411,795,"2025-08-21","2025-08","BRW002","Merchandise","PRD023","Tumbler",1,22.00,"Mid",2,44.00,3,0
2403,793,"2025-02-06","2025-02","BRW001","Merchandise","PRD023","Tumbler",1,22.00,"Mid",3,66.00,5,0
2376,784,"2025-08-04","2025-08","BRW003","Merchandise","PRD023","Tumbler",1,22.00,"Mid",3,66.00,2,0
2352,776,"2025-07-09","2025-07","BRW001","Merchandise","PRD023","Tumbler",1,22.00,"Mid",3,66.00,2,0
2240,739,"2025-07-27","2025-07","BRW001","Merchandise","PRD023","Tumbler",1,22.00,"Mid",1,22.00,4,0
2217,730,"2025-12-26","2025-12","BRW001","Merchandise","PRD023","Tumbler",1,22.00,"Mid",2,44.00,2,0
2211,729,"2025-01-30","2025-01","BRW003","Merchandise","PRD023","Tumbler",1,22.00,"Mid",3,66.00,5,0
2203,725,"2025-08-16","2025-08","BRW001","Merchandise","PRD023","Tumbler",1,22.00,"Mid",2,44.00,2,0
2181,718,"2025-07-16","2025-07","BRW001","Merchandise","PRD023","Tumbler",1,22.00,"Mid",1,22.00,2,0
2123,697,"2025-08-21","2025-08","BRW003","Merchandise","PRD023","Tumbler",1,22.00,"Mid",1,22.00,4,0
2117,696,"2025-09-09","2025-09","BRW003","Merchandise","PRD023","Tumbler",1,22.00,"Mid",2,44.00,5,0
2074,680,"2025-11-26","2025-11","BRW003","Merchandise","PRD023","Tumbler",1,22.00,"Mid",1,22.00,4,0
2059,675,"2025-11-14","2025-11","BRW002","Merchandise","PRD023","Tumbler",1,22.00,"Mid",3,66.00,5,0
2047,671,"2025-08-18","2025-08","BRW003","Merchandise","PRD023","Tumbler",1,22.00,"Mid",1,22.00,5,0
2026,667,"2025-10-24","2025-10","BRW002","Merchandise","PRD023","Tumbler",1,22.00,"Mid",2,44.00,5,0
2023,666,"2025-01-17","2025-01","BRW002","Merchandise","PRD023","Tumbler",1,22.00,"Mid",1,22.00,4,0
1912,630,"2026-01-16","2026-01","BRW002","Merchandise","PRD023","Tumbler",1,22.00,"Mid",3,66.00,4,0
1903,626,"2025-03-07","2025-03","BRW002","Merchandise","PRD023","Tumbler",1,22.00,"Mid",3,66.00,1,1
1894,622,"2025-12-17","2025-12","BRW002","Merchandise","PRD023","Tumbler",1,22.00,"Mid",3,66.00,2,0
1881,617,"2025-04-26","2025-04","BRW003","Merchandise","PRD023","Tumbler",1,22.00,"Mid",3,66.00,3,0
1871,614,"2025-03-09","2025-03","BRW001","Merchandise","PRD023","Tumbler",1,22.00,"Mid",1,22.00,4,0
1869,614,"2025-03-09","2025-03","BRW001","Merchandise","PRD023","Tumbler",1,22.00,"Mid",2,44.00,4,0
1837,603,"2025-04-24","2025-04","BRW002","Merchandise","PRD023","Tumbler",1,22.00,"Mid",1,22.00,2,0
1834,601,"2025-07-11","2025-07","BRW001","Merchandise","PRD023","Tumbler",1,22.00,"Mid",1,22.00,3,0
1824,598,"2025-07-14","2025-07","BRW002","Merchandise","PRD023","Tumbler",1,22.00,"Mid",3,66.00,2,0
1797,591,"2025-06-22","2025-06","BRW002","Merchandise","PRD023","Tumbler",1,22.00,"Mid",1,22.00,2,0
1783,587,"2025-04-24","2025-04","BRW002","Merchandise","PRD023","Tumbler",1,22.00,"Mid",2,44.00,3,0
1746,574,"2025-08-26","2025-08","BRW001","Merchandise","PRD023","Tumbler",1,22.00,"Mid",3,66.00,5,0
1712,566,"2025-06-04","2025-06","BRW003","Merchandise","PRD023","Tumbler",1,22.00,"Mid",1,22.00,4,0
1653,545,"2026-01-17","2026-01","BRW002","Merchandise","PRD023","Tumbler",1,22.00,"Mid",3,66.00,4,0
1652,545,"2026-01-17","2026-01","BRW002","Merchandise","PRD023","Tumbler",1,22.00,"Mid",3,66.00,4,0
1643,542,"2025-03-08","2025-03","BRW001","Merchandise","PRD023","Tumbler",1,22.00,"Mid",3,66.00,4,0
1626,537,"2025-11-12","2025-11","BRW001","Merchandise","PRD023","Tumbler",1,22.00,"Mid",2,44.00,3,0
1517,501,"2025-06-08","2025-06","BRW002","Merchandise","PRD023","Tumbler",1,22.00,"Mid",1,22.00,3,0
1514,501,"2025-06-08","2025-06","BRW002","Merchandise","PRD023","Tumbler",1,22.00,"Mid",1,22.00,3,0
1495,492,"2025-07-31","2025-07","BRW003","Merchandise","PRD023","Tumbler",1,22.00,"Mid",3,66.00,3,0
1438,475,"2025-10-30","2025-10","BRW001","Merchandise","PRD023","Tumbler",1,22.00,"Mid",3,66.00,4,0
1415,467,"2025-07-24","2025-07","BRW003","Merchandise","PRD023","Tumbler",1,22.00,"Mid",2,44.00,4,0
1396,461,"2025-06-29","2025-06","BRW002","Merchandise","PRD023","Tumbler",1,22.00,"Mid",1,22.00,4,0
1368,452,"2025-12-14","2025-12","BRW001","Merchandise","PRD023","Tumbler",1,22.00,"Mid",3,66.00,2,0
1325,431,"2025-02-26","2025-02","BRW001","Merchandise","PRD023","Tumbler",1,22.00,"Mid",1,22.00,4,0
1316,429,"2026-01-25","2026-01","BRW001","Merchandise","PRD023","Tumbler",1,22.00,"Mid",3,66.00,4,0
1293,420,"2025-02-18","2025-02","BRW001","Merchandise","PRD023","Tumbler",1,22.00,"Mid",3,66.00,5,0
1246,401,"2026-01-27","2026-01","BRW001","Merchandise","PRD023","Tumbler",1,22.00,"Mid",3,66.00,5,0
1219,393,"2025-08-28","2025-08","BRW002","Merchandise","PRD023","Tumbler",1,22.00,"Mid",1,22.00,1,1
1206,390,"2025-04-26","2025-04","BRW003","Merchandise","PRD023","Tumbler",1,22.00,"Mid",3,66.00,4,0
1202,389,"2025-04-29","2025-04","BRW003","Merchandise","PRD023","Tumbler",1,22.00,"Mid",1,22.00,4,0
1173,380,"2025-07-28","2025-07","BRW001","Merchandise","PRD023","Tumbler",1,22.00,"Mid",2,44.00,2,0
1155,374,"2025-08-10","2025-08","BRW002","Merchandise","PRD023","Tumbler",1,22.00,"Mid",1,22.00,3,0
1147,371,"2025-01-26","2025-01","BRW002","Merchandise","PRD023","Tumbler",1,22.00,"Mid",3,66.00,4,0
1121,365,"2025-11-24","2025-11","BRW003","Merchandise","PRD023","Tumbler",1,22.00,"Mid",3,66.00,4,0
1095,356,"2025-01-13","2025-01","BRW002","Merchandise","PRD023","Tumbler",1,22.00,"Mid",2,44.00,4,0
1083,350,"2025-02-24","2025-02","BRW002","Merchandise","PRD023","Tumbler",1,22.00,"Mid",1,22.00,5,0
1069,344,"2026-01-10","2026-01","BRW001","Merchandise","PRD023","Tumbler",1,22.00,"Mid",3,66.00,3,0
1044,335,"2025-08-09","2025-08","BRW001","Merchandise","PRD023","Tumbler",1,22.00,"Mid",1,22.00,2,0
1036,332,"2025-08-28","2025-08","BRW002","Merchandise","PRD023","Tumbler",1,22.00,"Mid",2,44.00,3,0
1033,332,"2025-08-28","2025-08","BRW002","Merchandise","PRD023","Tumbler",1,22.00,"Mid",2,44.00,3,0
1006,323,"2025-09-21","2025-09","BRW003","Merchandise","PRD023","Tumbler",1,22.00,"Mid",2,44.00,5,0
996,321,"2025-10-20","2025-10","BRW002","Merchandise","PRD023","Tumbler",1,22.00,"Mid",2,44.00,4,0
946,305,"2025-12-02","2025-12","BRW002","Merchandise","PRD023","Tumbler",1,22.00,"Mid",2,44.00,4,0
883,284,"2025-11-09","2025-11","BRW001","Merchandise","PRD023","Tumbler",1,22.00,"Mid",2,44.00,3,0
881,284,"2025-11-09","2025-11","BRW001","Merchandise","PRD023","Tumbler",1,22.00,"Mid",3,66.00,3,0
866,280,"2025-08-13","2025-08","BRW001","Merchandise","PRD023","Tumbler",1,22.00,"Mid",3,66.00,3,0
823,267,"2025-12-02","2025-12","BRW003","Merchandise","PRD023","Tumbler",1,22.00,"Mid",1,22.00,5,0
816,265,"2026-01-18","2026-01","BRW003","Merchandise","PRD023","Tumbler",1,22.00,"Mid",1,22.00,3,0
692,225,"2025-06-27","2025-06","BRW001","Merchandise","PRD023","Tumbler",1,22.00,"Mid",1,22.00,4,0
675,218,"2025-02-10","2025-02","BRW002","Merchandise","PRD023","Tumbler",1,22.00,"Mid",2,44.00,4,0
546,180,"2025-10-03","2025-10","BRW002","Merchandise","PRD023","Tumbler",1,22.00,"Mid",2,44.00,4,0
523,172,"2026-01-27","2026-01","BRW002","Merchandise","PRD023","Tumbler",1,22.00,"Mid",3,66.00,3,0
521,172,"2026-01-27","2026-01","BRW002","Merchandise","PRD023","Tumbler",1,22.00,"Mid",2,44.00,3,0
491,164,"2025-04-23","2025-04","BRW003","Merchandise","PRD023","Tumbler",1,22.00,"Mid",2,44.00,4,0
454,152,"2025-06-18","2025-06","BRW003","Merchandise","PRD023","Tumbler",1,22.00,"Mid",3,66.00,3,0
379,127,"2026-01-24","2026-01","BRW002","Merchandise","PRD023","Tumbler",1,22.00,"Mid",1,22.00,3,0
313,104,"2025-06-22","2025-06","BRW002","Merchandise","PRD023","Tumbler",1,22.00,"Mid",2,44.00,4,0
262,89,"2026-01-05","2026-01","BRW001","Merchandise","PRD023","Tumbler",1,22.00,"Mid",2,44.00,1,1
237,78,"2025-07-05","2025-07","BRW002","Merchandise","PRD023","Tumbler",1,22.00,"Mid",3,66.00,5,0
225,75,"2025-07-17","2025-07","BRW003","Merchandise","PRD023","Tumbler",1,22.00,"Mid",1,22.00,4,0
119,40,"2025-04-10","2025-04","BRW001","Merchandise","PRD023","Tumbler",1,22.00,"Mid",2,44.00,1,1
107,35,"2025-08-02","2025-08","BRW003","Merchandise","PRD023","Tumbler",1,22.00,"Mid",1,22.00,3,0
88,29,"2025-07-18","2025-07","BRW001","Merchandise","PRD023","Tumbler",1,22.00,"Mid",2,44.00,2,0
75,25,"2025-06-06","2025-06","BRW002","Merchandise","PRD023","Tumbler",1,22.00,"Mid",2,44.00,4,0
53,19,"2025-06-19","2025-06","BRW002","Merchandise","PRD023","Tumbler",1,22.00,"Mid",3,66.00,1,1
3637,1197,"2025-03-01","2025-03","BRW003","Merchandise","PRD024","Pour-Over Kit",1,29.00,"Expensive",1,29.00,4,0
3577,1176,"2025-04-27","2025-04","BRW003","Merchandise","PRD024","Pour-Over Kit",1,29.00,"Expensive",1,29.00,4,0
3535,1161,"2025-02-16","2025-02","BRW001","Merchandise","PRD024","Pour-Over Kit",1,29.00,"Expensive",3,87.00,4,0
3522,1158,"2025-04-24","2025-04","BRW001","Merchandise","PRD024","Pour-Over Kit",1,29.00,"Expensive",1,29.00,4,0
3453,1137,"2026-01-07","2026-01","BRW002","Merchandise","PRD024","Pour-Over Kit",1,29.00,"Expensive",2,58.00,4,0
3446,1136,"2025-06-02","2025-06","BRW001","Merchandise","PRD024","Pour-Over Kit",1,29.00,"Expensive",3,87.00,5,0
3426,1129,"2025-09-26","2025-09","BRW002","Merchandise","PRD024","Pour-Over Kit",1,29.00,"Expensive",3,87.00,5,0
3414,1126,"2025-04-08","2025-04","BRW001","Merchandise","PRD024","Pour-Over Kit",1,29.00,"Expensive",2,58.00,4,0
3382,1117,"2025-04-18","2025-04","BRW001","Merchandise","PRD024","Pour-Over Kit",1,29.00,"Expensive",2,58.00,2,0
3375,1115,"2025-10-12","2025-10","BRW001","Merchandise","PRD024","Pour-Over Kit",1,29.00,"Expensive",1,29.00,4,0
3344,1106,"2025-11-13","2025-11","BRW003","Merchandise","PRD024","Pour-Over Kit",1,29.00,"Expensive",2,58.00,1,1
3320,1098,"2025-11-14","2025-11","BRW002","Merchandise","PRD024","Pour-Over Kit",1,29.00,"Expensive",1,29.00,3,0
3275,1085,"2025-04-01","2025-04","BRW003","Merchandise","PRD024","Pour-Over Kit",1,29.00,"Expensive",2,58.00,4,0
3271,1083,"2025-05-08","2025-05","BRW003","Merchandise","PRD024","Pour-Over Kit",1,29.00,"Expensive",2,58.00,3,0
3176,1057,"2025-09-19","2025-09","BRW001","Merchandise","PRD024","Pour-Over Kit",1,29.00,"Expensive",3,87.00,4,0
3022,1002,"2026-01-10","2026-01","BRW001","Merchandise","PRD024","Pour-Over Kit",1,29.00,"Expensive",2,58.00,5,0
2996,992,"2025-12-31","2025-12","BRW002","Merchandise","PRD024","Pour-Over Kit",1,29.00,"Expensive",1,29.00,4,0
2951,975,"2025-08-03","2025-08","BRW002","Merchandise","PRD024","Pour-Over Kit",1,29.00,"Expensive",1,29.00,2,0
2940,971,"2025-01-09","2025-01","BRW002","Merchandise","PRD024","Pour-Over Kit",1,29.00,"Expensive",2,58.00,4,0
2857,947,"2025-03-21","2025-03","BRW001","Merchandise","PRD024","Pour-Over Kit",1,29.00,"Expensive",1,29.00,4,0
2848,944,"2025-04-13","2025-04","BRW002","Merchandise","PRD024","Pour-Over Kit",1,29.00,"Expensive",3,87.00,2,0
2781,919,"2025-11-09","2025-11","BRW002","Merchandise","PRD024","Pour-Over Kit",1,29.00,"Expensive",1,29.00,3,0
2740,905,"2025-04-10","2025-04","BRW001","Merchandise","PRD024","Pour-Over Kit",1,29.00,"Expensive",2,58.00,4,0
2728,900,"2025-04-02","2025-04","BRW003","Merchandise","PRD024","Pour-Over Kit",1,29.00,"Expensive",2,58.00,3,0
2686,885,"2026-01-02","2026-01","BRW001","Merchandise","PRD024","Pour-Over Kit",1,29.00,"Expensive",2,58.00,5,0
2626,866,"2025-04-10","2025-04","BRW002","Merchandise","PRD024","Pour-Over Kit",1,29.00,"Expensive",3,87.00,2,0
2573,849,"2025-07-08","2025-07","BRW002","Merchandise","PRD024","Pour-Over Kit",1,29.00,"Expensive",1,29.00,5,0
2569,848,"2025-09-30","2025-09","BRW001","Merchandise","PRD024","Pour-Over Kit",1,29.00,"Expensive",1,29.00,5,0
2512,827,"2025-06-02","2025-06","BRW002","Merchandise","PRD024","Pour-Over Kit",1,29.00,"Expensive",1,29.00,2,0
2496,823,"2026-01-28","2026-01","BRW002","Merchandise","PRD024","Pour-Over Kit",1,29.00,"Expensive",1,29.00,4,0
2487,821,"2025-12-02","2025-12","BRW003","Merchandise","PRD024","Pour-Over Kit",1,29.00,"Expensive",3,87.00,3,0
2484,820,"2025-05-20","2025-05","BRW002","Merchandise","PRD024","Pour-Over Kit",1,29.00,"Expensive",2,58.00,4,0
2474,818,"2025-06-22","2025-06","BRW001","Merchandise","PRD024","Pour-Over Kit",1,29.00,"Expensive",3,87.00,3,0
2449,808,"2025-02-15","2025-02","BRW003","Merchandise","PRD024","Pour-Over Kit",1,29.00,"Expensive",2,58.00,5,0
2426,802,"2025-07-17","2025-07","BRW001","Merchandise","PRD024","Pour-Over Kit",1,29.00,"Expensive",2,58.00,5,0
2414,797,"2025-01-07","2025-01","BRW001","Merchandise","PRD024","Pour-Over Kit",1,29.00,"Expensive",2,58.00,3,0
2398,792,"2025-10-29","2025-10","BRW001","Merchandise","PRD024","Pour-Over Kit",1,29.00,"Expensive",3,87.00,3,0
2384,787,"2025-04-21","2025-04","BRW003","Merchandise","PRD024","Pour-Over Kit",1,29.00,"Expensive",2,58.00,3,0
2354,777,"2025-11-19","2025-11","BRW002","Merchandise","PRD024","Pour-Over Kit",1,29.00,"Expensive",2,58.00,1,1
2353,776,"2025-07-09","2025-07","BRW001","Merchandise","PRD024","Pour-Over Kit",1,29.00,"Expensive",1,29.00,2,0
2335,770,"2025-12-14","2025-12","BRW002","Merchandise","PRD024","Pour-Over Kit",1,29.00,"Expensive",3,87.00,2,0
2304,760,"2026-01-15","2026-01","BRW003","Merchandise","PRD024","Pour-Over Kit",1,29.00,"Expensive",3,87.00,4,0
2293,757,"2025-03-25","2025-03","BRW003","Merchandise","PRD024","Pour-Over Kit",1,29.00,"Expensive",3,87.00,3,0
2290,756,"2025-09-12","2025-09","BRW001","Merchandise","PRD024","Pour-Over Kit",1,29.00,"Expensive",3,87.00,4,0
2286,754,"2025-03-08","2025-03","BRW003","Merchandise","PRD024","Pour-Over Kit",1,29.00,"Expensive",1,29.00,4,0
2270,751,"2025-03-29","2025-03","BRW003","Merchandise","PRD024","Pour-Over Kit",1,29.00,"Expensive",2,58.00,3,0
2226,735,"2025-12-22","2025-12","BRW003","Merchandise","PRD024","Pour-Over Kit",1,29.00,"Expensive",3,87.00,4,0
2190,722,"2025-09-13","2025-09","BRW003","Merchandise","PRD024","Pour-Over Kit",1,29.00,"Expensive",2,58.00,4,0
2154,707,"2025-04-23","2025-04","BRW003","Merchandise","PRD024","Pour-Over Kit",1,29.00,"Expensive",3,87.00,4,0
2112,694,"2025-06-04","2025-06","BRW001","Merchandise","PRD024","Pour-Over Kit",1,29.00,"Expensive",2,58.00,2,0
2090,686,"2025-06-26","2025-06","BRW002","Merchandise","PRD024","Pour-Over Kit",1,29.00,"Expensive",2,58.00,3,0
2084,684,"2025-12-15","2025-12","BRW003","Merchandise","PRD024","Pour-Over Kit",1,29.00,"Expensive",3,87.00,3,0
2073,679,"2025-12-02","2025-12","BRW002","Merchandise","PRD024","Pour-Over Kit",1,29.00,"Expensive",2,58.00,4,0
2020,666,"2025-01-17","2025-01","BRW002","Merchandise","PRD024","Pour-Over Kit",1,29.00,"Expensive",2,58.00,4,0
2007,659,"2025-11-18","2025-11","BRW003","Merchandise","PRD024","Pour-Over Kit",1,29.00,"Expensive",3,87.00,4,0
1984,651,"2025-11-11","2025-11","BRW002","Merchandise","PRD024","Pour-Over Kit",1,29.00,"Expensive",1,29.00,3,0
1885,618,"2025-02-13","2025-02","BRW001","Merchandise","PRD024","Pour-Over Kit",1,29.00,"Expensive",1,29.00,1,1
1870,614,"2025-03-09","2025-03","BRW001","Merchandise","PRD024","Pour-Over Kit",1,29.00,"Expensive",3,87.00,4,0
1860,612,"2025-05-26","2025-05","BRW001","Merchandise","PRD024","Pour-Over Kit",1,29.00,"Expensive",2,58.00,4,0
1830,600,"2025-02-05","2025-02","BRW003","Merchandise","PRD024","Pour-Over Kit",1,29.00,"Expensive",1,29.00,4,0
1764,580,"2025-10-12","2025-10","BRW001","Merchandise","PRD024","Pour-Over Kit",1,29.00,"Expensive",3,87.00,3,0
1759,578,"2025-08-26","2025-08","BRW002","Merchandise","PRD024","Pour-Over Kit",1,29.00,"Expensive",1,29.00,2,0
1749,575,"2026-01-15","2026-01","BRW002","Merchandise","PRD024","Pour-Over Kit",1,29.00,"Expensive",3,87.00,2,0
1726,569,"2025-01-06","2025-01","BRW003","Merchandise","PRD024","Pour-Over Kit",1,29.00,"Expensive",2,58.00,4,0
1682,554,"2025-02-28","2025-02","BRW001","Merchandise","PRD024","Pour-Over Kit",1,29.00,"Expensive",2,58.00,2,0
1668,549,"2025-10-17","2025-10","BRW002","Merchandise","PRD024","Pour-Over Kit",1,29.00,"Expensive",1,29.00,3,0
1617,535,"2025-08-14","2025-08","BRW001","Merchandise","PRD024","Pour-Over Kit",1,29.00,"Expensive",2,58.00,3,0
1601,529,"2025-12-29","2025-12","BRW001","Merchandise","PRD024","Pour-Over Kit",1,29.00,"Expensive",1,29.00,2,0
1504,495,"2025-04-13","2025-04","BRW002","Merchandise","PRD024","Pour-Over Kit",1,29.00,"Expensive",3,87.00,2,0
1493,491,"2025-03-08","2025-03","BRW003","Merchandise","PRD024","Pour-Over Kit",1,29.00,"Expensive",1,29.00,1,1
1412,467,"2025-07-24","2025-07","BRW003","Merchandise","PRD024","Pour-Over Kit",1,29.00,"Expensive",3,87.00,4,0
1384,459,"2025-05-11","2025-05","BRW003","Merchandise","PRD024","Pour-Over Kit",1,29.00,"Expensive",2,58.00,4,0
1366,451,"2025-12-12","2025-12","BRW002","Merchandise","PRD024","Pour-Over Kit",1,29.00,"Expensive",1,29.00,1,1
1348,443,"2025-10-02","2025-10","BRW001","Merchandise","PRD024","Pour-Over Kit",1,29.00,"Expensive",2,58.00,1,1
1309,426,"2025-04-22","2025-04","BRW002","Merchandise","PRD024","Pour-Over Kit",1,29.00,"Expensive",2,58.00,3,0
1301,423,"2025-07-21","2025-07","BRW003","Merchandise","PRD024","Pour-Over Kit",1,29.00,"Expensive",1,29.00,4,0
1284,415,"2025-05-22","2025-05","BRW002","Merchandise","PRD024","Pour-Over Kit",1,29.00,"Expensive",1,29.00,1,1
1258,407,"2025-04-11","2025-04","BRW002","Merchandise","PRD024","Pour-Over Kit",1,29.00,"Expensive",2,58.00,2,0
1257,406,"2025-03-31","2025-03","BRW001","Merchandise","PRD024","Pour-Over Kit",1,29.00,"Expensive",2,58.00,2,0
1227,395,"2025-08-30","2025-08","BRW002","Merchandise","PRD024","Pour-Over Kit",1,29.00,"Expensive",2,58.00,5,0
1092,355,"2025-02-18","2025-02","BRW001","Merchandise","PRD024","Pour-Over Kit",1,29.00,"Expensive",1,29.00,2,0
1053,338,"2025-08-15","2025-08","BRW003","Merchandise","PRD024","Pour-Over Kit",1,29.00,"Expensive",1,29.00,3,0
968,311,"2025-01-30","2025-01","BRW002","Merchandise","PRD024","Pour-Over Kit",1,29.00,"Expensive",2,58.00,5,0
944,304,"2025-03-02","2025-03","BRW002","Merchandise","PRD024","Pour-Over Kit",1,29.00,"Expensive",3,87.00,2,0
891,287,"2025-05-07","2025-05","BRW001","Merchandise","PRD024","Pour-Over Kit",1,29.00,"Expensive",1,29.00,3,0
862,279,"2025-08-30","2025-08","BRW002","Merchandise","PRD024","Pour-Over Kit",1,29.00,"Expensive",2,58.00,2,0
849,275,"2025-03-17","2025-03","BRW003","Merchandise","PRD024","Pour-Over Kit",1,29.00,"Expensive",2,58.00,4,0
820,267,"2025-12-02","2025-12","BRW003","Merchandise","PRD024","Pour-Over Kit",1,29.00,"Expensive",1,29.00,5,0
782,253,"2025-10-30","2025-10","BRW003","Merchandise","PRD024","Pour-Over Kit",1,29.00,"Expensive",3,87.00,3,0
742,240,"2025-08-18","2025-08","BRW003","Merchandise","PRD024","Pour-Over Kit",1,29.00,"Expensive",3,87.00,3,0
665,215,"2025-06-04","2025-06","BRW001","Merchandise","PRD024","Pour-Over Kit",1,29.00,"Expensive",3,87.00,3,0
662,215,"2025-06-04","2025-06","BRW001","Merchandise","PRD024","Pour-Over Kit",1,29.00,"Expensive",2,58.00,3,0
578,189,"2025-04-10","2025-04","BRW002","Merchandise","PRD024","Pour-Over Kit",1,29.00,"Expensive",3,87.00,4,0
513,170,"2025-07-18","2025-07","BRW001","Merchandise","PRD024","Pour-Over Kit",1,29.00,"Expensive",3,87.00,4,0
503,167,"2025-04-28","2025-04","BRW001","Merchandise","PRD024","Pour-Over Kit",1,29.00,"Expensive",1,29.00,5,0
458,153,"2025-12-18","2025-12","BRW001","Merchandise","PRD024","Pour-Over Kit",1,29.00,"Expensive",2,58.00,5,0
433,144,"2025-08-04","2025-08","BRW003","Merchandise","PRD024","Pour-Over Kit",1,29.00,"Expensive",3,87.00,4,0
419,139,"2025-04-27","2025-04","BRW001","Merchandise","PRD024","Pour-Over Kit",1,29.00,"Expensive",2,58.00,3,0
403,135,"2025-04-29","2025-04","BRW003","Merchandise","PRD024","Pour-Over Kit",1,29.00,"Expensive",3,87.00,4,0
376,125,"2025-06-21","2025-06","BRW002","Merchandise","PRD024","Pour-Over Kit",1,29.00,"Expensive",2,58.00,2,0
323,107,"2025-09-12","2025-09","BRW001","Merchandise","PRD024","Pour-Over Kit",1,29.00,"Expensive",3,87.00,2,0
274,94,"2025-12-28","2025-12","BRW002","Merchandise","PRD024","Pour-Over Kit",1,29.00,"Expensive",1,29.00,3,0
264,90,"2026-01-13","2026-01","BRW003","Merchandise","PRD024","Pour-Over Kit",1,29.00,"Expensive",1,29.00,4,0
261,88,"2026-01-21","2026-01","BRW003","Merchandise","PRD024","Pour-Over Kit",1,29.00,"Expensive",2,58.00,3,0
216,73,"2025-06-16","2025-06","BRW001","Merchandise","PRD024","Pour-Over Kit",1,29.00,"Expensive",1,29.00,4,0
183,62,"2025-05-13","2025-05","BRW001","Merchandise","PRD024","Pour-Over Kit",1,29.00,"Expensive",1,29.00,4,0
163,55,"2025-02-08","2025-02","BRW001","Merchandise","PRD024","Pour-Over Kit",1,29.00,"Expensive",3,87.00,2,0
77,25,"2025-06-06","2025-06","BRW002","Merchandise","PRD024","Pour-Over Kit",1,29.00,"Expensive",2,58.00,4,0
56,20,"2025-08-12","2025-08","BRW002","Merchandise","PRD024","Pour-Over Kit",1,29.00,"Expensive",1,29.00,3,0
3626,1193,"2025-02-13","2025-02","BRW003","Merchandise","PRD025","French Press",1,35.00,"Expensive",2,70.00,2,0
3622,1191,"2025-08-26","2025-08","BRW001","Merchandise","PRD025","French Press",1,35.00,"Expensive",1,35.00,2,0
3598,1183,"2026-01-18","2026-01","BRW003","Merchandise","PRD025","French Press",1,35.00,"Expensive",1,35.00,5,0
3516,1157,"2025-04-13","2025-04","BRW001","Merchandise","PRD025","French Press",1,35.00,"Expensive",3,105.00,3,0
3513,1156,"2025-01-19","2025-01","BRW003","Merchandise","PRD025","French Press",1,35.00,"Expensive",1,35.00,4,0
3509,1154,"2026-01-29","2026-01","BRW001","Merchandise","PRD025","French Press",1,35.00,"Expensive",3,105.00,2,0
3469,1142,"2025-08-28","2025-08","BRW001","Merchandise","PRD025","French Press",1,35.00,"Expensive",2,70.00,2,0
3452,1137,"2026-01-07","2026-01","BRW002","Merchandise","PRD025","French Press",1,35.00,"Expensive",2,70.00,4,0
3417,1127,"2026-01-12","2026-01","BRW002","Merchandise","PRD025","French Press",1,35.00,"Expensive",1,35.00,3,0
3387,1119,"2025-03-29","2025-03","BRW003","Merchandise","PRD025","French Press",1,35.00,"Expensive",3,105.00,5,0
3384,1118,"2025-08-03","2025-08","BRW003","Merchandise","PRD025","French Press",1,35.00,"Expensive",2,70.00,1,1
3318,1097,"2026-01-08","2026-01","BRW002","Merchandise","PRD025","French Press",1,35.00,"Expensive",1,35.00,4,0
3304,1093,"2025-08-23","2025-08","BRW003","Merchandise","PRD025","French Press",1,35.00,"Expensive",2,70.00,5,0
3289,1089,"2025-02-12","2025-02","BRW001","Merchandise","PRD025","French Press",1,35.00,"Expensive",3,105.00,2,0
3274,1085,"2025-04-01","2025-04","BRW003","Merchandise","PRD025","French Press",1,35.00,"Expensive",3,105.00,4,0
3239,1075,"2025-10-26","2025-10","BRW001","Merchandise","PRD025","French Press",1,35.00,"Expensive",2,70.00,4,0
3227,1071,"2025-07-09","2025-07","BRW001","Merchandise","PRD025","French Press",1,35.00,"Expensive",2,70.00,5,0
3221,1070,"2025-01-24","2025-01","BRW002","Merchandise","PRD025","French Press",1,35.00,"Expensive",2,70.00,5,0
3219,1069,"2025-10-01","2025-10","BRW001","Merchandise","PRD025","French Press",1,35.00,"Expensive",2,70.00,3,0
3179,1058,"2025-11-01","2025-11","BRW003","Merchandise","PRD025","French Press",1,35.00,"Expensive",2,70.00,4,0
3178,1058,"2025-11-01","2025-11","BRW003","Merchandise","PRD025","French Press",1,35.00,"Expensive",3,105.00,4,0
3150,1049,"2025-11-07","2025-11","BRW003","Merchandise","PRD025","French Press",1,35.00,"Expensive",3,105.00,2,0
3141,1045,"2025-05-15","2025-05","BRW003","Merchandise","PRD025","French Press",1,35.00,"Expensive",3,105.00,4,0
3119,1038,"2025-12-10","2025-12","BRW001","Merchandise","PRD025","French Press",1,35.00,"Expensive",1,35.00,5,0
3112,1035,"2025-09-15","2025-09","BRW001","Merchandise","PRD025","French Press",1,35.00,"Expensive",2,70.00,2,0
3069,1018,"2025-10-05","2025-10","BRW001","Merchandise","PRD025","French Press",1,35.00,"Expensive",2,70.00,3,0
3062,1015,"2025-06-30","2025-06","BRW001","Merchandise","PRD025","French Press",1,35.00,"Expensive",1,35.00,3,0
3054,1012,"2025-12-18","2025-12","BRW003","Merchandise","PRD025","French Press",1,35.00,"Expensive",1,35.00,4,0
3048,1011,"2025-11-10","2025-11","BRW001","Merchandise","PRD025","French Press",1,35.00,"Expensive",3,105.00,5,0
2997,992,"2025-12-31","2025-12","BRW002","Merchandise","PRD025","French Press",1,35.00,"Expensive",2,70.00,4,0
2971,984,"2025-08-23","2025-08","BRW002","Merchandise","PRD025","French Press",1,35.00,"Expensive",2,70.00,2,0
2969,983,"2025-06-09","2025-06","BRW001","Merchandise","PRD025","French Press",1,35.00,"Expensive",1,35.00,4,0
2923,966,"2025-01-20","2025-01","BRW001","Merchandise","PRD025","French Press",1,35.00,"Expensive",2,70.00,5,0
2840,942,"2025-11-21","2025-11","BRW001","Merchandise","PRD025","French Press",1,35.00,"Expensive",2,70.00,4,0
2829,939,"2025-07-22","2025-07","BRW001","Merchandise","PRD025","French Press",1,35.00,"Expensive",2,70.00,4,0
2793,926,"2025-05-03","2025-05","BRW001","Merchandise","PRD025","French Press",1,35.00,"Expensive",1,35.00,1,1
2783,921,"2025-07-14","2025-07","BRW003","Merchandise","PRD025","French Press",1,35.00,"Expensive",1,35.00,1,1
2719,897,"2025-02-10","2025-02","BRW003","Merchandise","PRD025","French Press",1,35.00,"Expensive",3,105.00,2,0
2711,895,"2025-03-23","2025-03","BRW002","Merchandise","PRD025","French Press",1,35.00,"Expensive",1,35.00,3,0
2630,867,"2025-07-04","2025-07","BRW001","Merchandise","PRD025","French Press",1,35.00,"Expensive",1,35.00,4,0
2601,858,"2026-01-12","2026-01","BRW002","Merchandise","PRD025","French Press",1,35.00,"Expensive",2,70.00,4,0
2598,857,"2025-02-05","2025-02","BRW002","Merchandise","PRD025","French Press",1,35.00,"Expensive",3,105.00,5,0
2577,850,"2025-01-31","2025-01","BRW003","Merchandise","PRD025","French Press",1,35.00,"Expensive",1,35.00,5,0
2529,835,"2025-12-22","2025-12","BRW002","Merchandise","PRD025","French Press",1,35.00,"Expensive",1,35.00,3,0
2464,814,"2025-07-22","2025-07","BRW003","Merchandise","PRD025","French Press",1,35.00,"Expensive",1,35.00,4,0
2451,809,"2025-05-19","2025-05","BRW001","Merchandise","PRD025","French Press",1,35.00,"Expensive",3,105.00,3,0
2429,802,"2025-07-17","2025-07","BRW001","Merchandise","PRD025","French Press",1,35.00,"Expensive",2,70.00,5,0
2389,788,"2025-03-24","2025-03","BRW001","Merchandise","PRD025","French Press",1,35.00,"Expensive",1,35.00,5,0
2331,768,"2025-08-13","2025-08","BRW003","Merchandise","PRD025","French Press",1,35.00,"Expensive",3,105.00,2,0
2320,765,"2025-09-16","2025-09","BRW002","Merchandise","PRD025","French Press",1,35.00,"Expensive",2,70.00,5,0
2298,758,"2025-10-03","2025-10","BRW002","Merchandise","PRD025","French Press",1,35.00,"Expensive",1,35.00,4,0
2242,740,"2025-08-01","2025-08","BRW001","Merchandise","PRD025","French Press",1,35.00,"Expensive",2,70.00,3,0
2238,739,"2025-07-27","2025-07","BRW001","Merchandise","PRD025","French Press",1,35.00,"Expensive",2,70.00,4,0
2233,737,"2025-03-11","2025-03","BRW002","Merchandise","PRD025","French Press",1,35.00,"Expensive",2,70.00,3,0
2169,713,"2026-01-22","2026-01","BRW001","Merchandise","PRD025","French Press",1,35.00,"Expensive",3,105.00,5,0
2145,704,"2025-04-19","2025-04","BRW003","Merchandise","PRD025","French Press",1,35.00,"Expensive",3,105.00,2,0
2105,692,"2025-08-14","2025-08","BRW003","Merchandise","PRD025","French Press",1,35.00,"Expensive",3,105.00,3,0
2079,681,"2025-11-25","2025-11","BRW003","Merchandise","PRD025","French Press",1,35.00,"Expensive",3,105.00,2,0
2046,671,"2025-08-18","2025-08","BRW003","Merchandise","PRD025","French Press",1,35.00,"Expensive",3,105.00,5,0
2013,662,"2025-05-22","2025-05","BRW001","Merchandise","PRD025","French Press",1,35.00,"Expensive",3,105.00,4,0
1991,653,"2025-08-27","2025-08","BRW002","Merchandise","PRD025","French Press",1,35.00,"Expensive",2,70.00,3,0
1983,651,"2025-11-11","2025-11","BRW002","Merchandise","PRD025","French Press",1,35.00,"Expensive",2,70.00,3,0
1877,616,"2025-09-11","2025-09","BRW001","Merchandise","PRD025","French Press",1,35.00,"Expensive",3,105.00,5,0
1872,615,"2025-12-15","2025-12","BRW003","Merchandise","PRD025","French Press",1,35.00,"Expensive",3,105.00,4,0
1858,611,"2025-03-25","2025-03","BRW002","Merchandise","PRD025","French Press",1,35.00,"Expensive",2,70.00,3,0
1841,605,"2025-03-23","2025-03","BRW002","Merchandise","PRD025","French Press",1,35.00,"Expensive",3,105.00,2,0
1786,588,"2025-08-07","2025-08","BRW003","Merchandise","PRD025","French Press",1,35.00,"Expensive",2,70.00,2,0
1778,584,"2025-05-17","2025-05","BRW003","Merchandise","PRD025","French Press",1,35.00,"Expensive",1,35.00,3,0
1717,567,"2025-11-21","2025-11","BRW001","Merchandise","PRD025","French Press",1,35.00,"Expensive",3,105.00,5,0
1701,562,"2025-08-06","2025-08","BRW002","Merchandise","PRD025","French Press",1,35.00,"Expensive",2,70.00,5,0
1683,555,"2025-04-13","2025-04","BRW002","Merchandise","PRD025","French Press",1,35.00,"Expensive",1,35.00,2,0
1681,554,"2025-02-28","2025-02","BRW001","Merchandise","PRD025","French Press",1,35.00,"Expensive",3,105.00,2,0
1593,526,"2025-09-24","2025-09","BRW003","Merchandise","PRD025","French Press",1,35.00,"Expensive",1,35.00,4,0
1591,526,"2025-09-24","2025-09","BRW003","Merchandise","PRD025","French Press",1,35.00,"Expensive",2,70.00,4,0
1565,519,"2025-11-13","2025-11","BRW003","Merchandise","PRD025","French Press",1,35.00,"Expensive",2,70.00,5,0
1555,516,"2025-04-24","2025-04","BRW001","Merchandise","PRD025","French Press",1,35.00,"Expensive",2,70.00,5,0
1543,512,"2025-02-28","2025-02","BRW003","Merchandise","PRD025","French Press",1,35.00,"Expensive",1,35.00,3,0
1528,505,"2025-02-22","2025-02","BRW002","Merchandise","PRD025","French Press",1,35.00,"Expensive",3,105.00,1,1
1487,489,"2025-12-13","2025-12","BRW001","Merchandise","PRD025","French Press",1,35.00,"Expensive",1,35.00,4,0
1426,471,"2025-10-07","2025-10","BRW001","Merchandise","PRD025","French Press",1,35.00,"Expensive",1,35.00,5,0
1411,466,"2025-05-30","2025-05","BRW001","Merchandise","PRD025","French Press",1,35.00,"Expensive",3,105.00,2,0
1355,447,"2025-10-24","2025-10","BRW003","Merchandise","PRD025","French Press",1,35.00,"Expensive",3,105.00,3,0
1351,445,"2025-09-22","2025-09","BRW003","Merchandise","PRD025","French Press",1,35.00,"Expensive",2,70.00,3,0
1344,440,"2025-06-24","2025-06","BRW001","Merchandise","PRD025","French Press",1,35.00,"Expensive",2,70.00,2,0
1267,410,"2025-08-03","2025-08","BRW001","Merchandise","PRD025","French Press",1,35.00,"Expensive",2,70.00,5,0
1244,401,"2026-01-27","2026-01","BRW001","Merchandise","PRD025","French Press",1,35.00,"Expensive",3,105.00,5,0
1233,397,"2025-02-08","2025-02","BRW003","Merchandise","PRD025","French Press",1,35.00,"Expensive",2,70.00,3,0
1211,391,"2025-08-22","2025-08","BRW003","Merchandise","PRD025","French Press",1,35.00,"Expensive",2,70.00,5,0
1179,382,"2025-03-08","2025-03","BRW003","Merchandise","PRD025","French Press",1,35.00,"Expensive",1,35.00,5,0
1143,371,"2025-01-26","2025-01","BRW002","Merchandise","PRD025","French Press",1,35.00,"Expensive",3,105.00,4,0
1098,357,"2025-09-12","2025-09","BRW002","Merchandise","PRD025","French Press",1,35.00,"Expensive",1,35.00,4,0
1017,326,"2025-02-06","2025-02","BRW001","Merchandise","PRD025","French Press",1,35.00,"Expensive",3,105.00,4,0
1010,324,"2025-02-15","2025-02","BRW002","Merchandise","PRD025","French Press",1,35.00,"Expensive",3,105.00,4,0
998,322,"2025-11-10","2025-11","BRW002","Merchandise","PRD025","French Press",1,35.00,"Expensive",1,35.00,5,0
941,303,"2025-08-27","2025-08","BRW003","Merchandise","PRD025","French Press",1,35.00,"Expensive",3,105.00,5,0
923,298,"2025-06-18","2025-06","BRW003","Merchandise","PRD025","French Press",1,35.00,"Expensive",1,35.00,3,0
884,285,"2025-11-18","2025-11","BRW001","Merchandise","PRD025","French Press",1,35.00,"Expensive",3,105.00,2,0
854,276,"2026-01-03","2026-01","BRW002","Merchandise","PRD025","French Press",1,35.00,"Expensive",3,105.00,4,0
836,272,"2025-06-08","2025-06","BRW003","Merchandise","PRD025","French Press",1,35.00,"Expensive",3,105.00,5,0
799,260,"2025-01-03","2025-01","BRW002","Merchandise","PRD025","French Press",1,35.00,"Expensive",1,35.00,5,0
791,257,"2025-07-12","2025-07","BRW001","Merchandise","PRD025","French Press",1,35.00,"Expensive",1,35.00,3,0
769,249,"2025-06-21","2025-06","BRW002","Merchandise","PRD025","French Press",1,35.00,"Expensive",3,105.00,4,0
718,232,"2025-12-29","2025-12","BRW001","Merchandise","PRD025","French Press",1,35.00,"Expensive",2,70.00,5,0
645,210,"2025-07-07","2025-07","BRW003","Merchandise","PRD025","French Press",1,35.00,"Expensive",2,70.00,4,0
629,205,"2025-08-25","2025-08","BRW003","Merchandise","PRD025","French Press",1,35.00,"Expensive",2,70.00,5,0
611,200,"2025-11-29","2025-11","BRW002","Merchandise","PRD025","French Press",1,35.00,"Expensive",2,70.00,3,0
570,186,"2025-11-13","2025-11","BRW003","Merchandise","PRD025","French Press",1,35.00,"Expensive",3,105.00,5,0
560,184,"2025-12-05","2025-12","BRW003","Merchandise","PRD025","French Press",1,35.00,"Expensive",3,105.00,1,1
553,182,"2025-06-02","2025-06","BRW002","Merchandise","PRD025","French Press",1,35.00,"Expensive",3,105.00,3,0
543,179,"2025-12-15","2025-12","BRW003","Merchandise","PRD025","French Press",1,35.00,"Expensive",3,105.00,3,0
540,178,"2025-04-18","2025-04","BRW002","Merchandise","PRD025","French Press",1,35.00,"Expensive",2,70.00,4,0
524,172,"2026-01-27","2026-01","BRW002","Merchandise","PRD025","French Press",1,35.00,"Expensive",3,105.00,3,0
520,172,"2026-01-27","2026-01","BRW002","Merchandise","PRD025","French Press",1,35.00,"Expensive",1,35.00,3,0
476,161,"2025-03-07","2025-03","BRW001","Merchandise","PRD025","French Press",1,35.00,"Expensive",3,105.00,5,0
446,149,"2025-02-28","2025-02","BRW001","Merchandise","PRD025","French Press",1,35.00,"Expensive",3,105.00,3,0
421,140,"2025-04-28","2025-04","BRW001","Merchandise","PRD025","French Press",1,35.00,"Expensive",2,70.00,4,0
396,132,"2025-09-18","2025-09","BRW002","Merchandise","PRD025","French Press",1,35.00,"Expensive",3,105.00,3,0
394,132,"2025-09-18","2025-09","BRW002","Merchandise","PRD025","French Press",1,35.00,"Expensive",2,70.00,3,0
392,132,"2025-09-18","2025-09","BRW002","Merchandise","PRD025","French Press",1,35.00,"Expensive",1,35.00,3,0
369,123,"2025-01-09","2025-01","BRW003","Merchandise","PRD025","French Press",1,35.00,"Expensive",3,105.00,2,0
259,88,"2026-01-21","2026-01","BRW003","Merchandise","PRD025","French Press",1,35.00,"Expensive",2,70.00,3,0
230,77,"2026-01-08","2026-01","BRW003","Merchandise","PRD025","French Press",1,35.00,"Expensive",2,70.00,5,0
199,67,"2025-01-25","2025-01","BRW002","Merchandise","PRD025","French Press",1,35.00,"Expensive",1,35.00,4,0
194,65,"2025-03-25","2025-03","BRW003","Merchandise","PRD025","French Press",1,35.00,"Expensive",1,35.00,4,0
157,52,"2025-04-13","2025-04","BRW001","Merchandise","PRD025","French Press",1,35.00,"Expensive",2,70.00,5,0
114,38,"2025-08-11","2025-08","BRW003","Merchandise","PRD025","French Press",1,35.00,"Expensive",2,70.00,2,0
62,22,"2025-08-27","2025-08","BRW002","Merchandise","PRD025","French Press",1,35.00,"Expensive",1,35.00,4,0
50,18,"2026-01-17","2026-01","BRW002","Merchandise","PRD025","French Press",1,35.00,"Expensive",1,35.00,4,0
7,3,"2025-08-15","2025-08","BRW003","Merchandise","PRD025","French Press",1,35.00,"Expensive",2,70.00,5,0
3611,1187,"2026-01-22","2026-01","BRW002","Merchandise","PRD026","Tote Bag",1,15.00,"Mid",1,15.00,4,0
3602,1184,"2025-08-02","2025-08","BRW002","Merchandise","PRD026","Tote Bag",1,15.00,"Mid",2,30.00,4,0
3573,1175,"2025-02-02","2025-02","BRW002","Merchandise","PRD026","Tote Bag",1,15.00,"Mid",2,30.00,4,0
3562,1172,"2025-08-26","2025-08","BRW002","Merchandise","PRD026","Tote Bag",1,15.00,"Mid",3,45.00,2,0
3558,1170,"2025-01-17","2025-01","BRW002","Merchandise","PRD026","Tote Bag",1,15.00,"Mid",2,30.00,3,0
3531,1160,"2026-01-20","2026-01","BRW003","Merchandise","PRD026","Tote Bag",1,15.00,"Mid",3,45.00,4,0
3527,1159,"2025-10-11","2025-10","BRW002","Merchandise","PRD026","Tote Bag",1,15.00,"Mid",3,45.00,4,0
3526,1159,"2025-10-11","2025-10","BRW002","Merchandise","PRD026","Tote Bag",1,15.00,"Mid",1,15.00,4,0
3512,1156,"2025-01-19","2025-01","BRW003","Merchandise","PRD026","Tote Bag",1,15.00,"Mid",2,30.00,4,0
3501,1152,"2025-04-21","2025-04","BRW003","Merchandise","PRD026","Tote Bag",1,15.00,"Mid",1,15.00,5,0
3450,1137,"2026-01-07","2026-01","BRW002","Merchandise","PRD026","Tote Bag",1,15.00,"Mid",1,15.00,4,0
3412,1126,"2025-04-08","2025-04","BRW001","Merchandise","PRD026","Tote Bag",1,15.00,"Mid",1,15.00,4,0
3391,1120,"2025-09-08","2025-09","BRW002","Merchandise","PRD026","Tote Bag",1,15.00,"Mid",2,30.00,2,0
3362,1112,"2025-11-02","2025-11","BRW003","Merchandise","PRD026","Tote Bag",1,15.00,"Mid",1,15.00,4,0
3351,1109,"2025-04-11","2025-04","BRW002","Merchandise","PRD026","Tote Bag",1,15.00,"Mid",1,15.00,4,0
3332,1101,"2025-10-19","2025-10","BRW003","Merchandise","PRD026","Tote Bag",1,15.00,"Mid",2,30.00,4,0
3323,1098,"2025-11-14","2025-11","BRW002","Merchandise","PRD026","Tote Bag",1,15.00,"Mid",3,45.00,3,0
3322,1098,"2025-11-14","2025-11","BRW002","Merchandise","PRD026","Tote Bag",1,15.00,"Mid",3,45.00,3,0
3299,1092,"2025-04-07","2025-04","BRW001","Merchandise","PRD026","Tote Bag",1,15.00,"Mid",2,30.00,3,0
3295,1091,"2025-03-31","2025-03","BRW001","Merchandise","PRD026","Tote Bag",1,15.00,"Mid",2,30.00,5,0
3290,1089,"2025-02-12","2025-02","BRW001","Merchandise","PRD026","Tote Bag",1,15.00,"Mid",2,30.00,2,0
3193,1062,"2025-09-07","2025-09","BRW001","Merchandise","PRD026","Tote Bag",1,15.00,"Mid",2,30.00,4,0
3163,1053,"2025-01-25","2025-01","BRW001","Merchandise","PRD026","Tote Bag",1,15.00,"Mid",2,30.00,4,0
3140,1045,"2025-05-15","2025-05","BRW003","Merchandise","PRD026","Tote Bag",1,15.00,"Mid",1,15.00,4,0
3130,1042,"2025-07-19","2025-07","BRW001","Merchandise","PRD026","Tote Bag",1,15.00,"Mid",3,45.00,4,0
3127,1041,"2025-08-26","2025-08","BRW001","Merchandise","PRD026","Tote Bag",1,15.00,"Mid",3,45.00,1,1
3106,1033,"2025-03-07","2025-03","BRW001","Merchandise","PRD026","Tote Bag",1,15.00,"Mid",1,15.00,3,0
3105,1033,"2025-03-07","2025-03","BRW001","Merchandise","PRD026","Tote Bag",1,15.00,"Mid",2,30.00,3,0
3070,1019,"2026-01-10","2026-01","BRW001","Merchandise","PRD026","Tote Bag",1,15.00,"Mid",1,15.00,4,0
3005,995,"2025-07-29","2025-07","BRW001","Merchandise","PRD026","Tote Bag",1,15.00,"Mid",2,30.00,3,0
2981,987,"2025-11-12","2025-11","BRW003","Merchandise","PRD026","Tote Bag",1,15.00,"Mid",2,30.00,2,0
2980,986,"2026-01-17","2026-01","BRW003","Merchandise","PRD026","Tote Bag",1,15.00,"Mid",2,30.00,3,0
2962,981,"2025-06-18","2025-06","BRW001","Merchandise","PRD026","Tote Bag",1,15.00,"Mid",3,45.00,2,0
2896,957,"2025-02-16","2025-02","BRW001","Merchandise","PRD026","Tote Bag",1,15.00,"Mid",2,30.00,1,1
2881,953,"2025-02-15","2025-02","BRW003","Merchandise","PRD026","Tote Bag",1,15.00,"Mid",2,30.00,4,0
2867,950,"2025-06-21","2025-06","BRW002","Merchandise","PRD026","Tote Bag",1,15.00,"Mid",1,15.00,3,0
2844,943,"2025-12-27","2025-12","BRW002","Merchandise","PRD026","Tote Bag",1,15.00,"Mid",3,45.00,4,0
2820,935,"2025-06-12","2025-06","BRW003","Merchandise","PRD026","Tote Bag",1,15.00,"Mid",1,15.00,4,0
2810,932,"2025-07-02","2025-07","BRW001","Merchandise","PRD026","Tote Bag",1,15.00,"Mid",1,15.00,4,0
2769,916,"2025-08-10","2025-08","BRW002","Merchandise","PRD026","Tote Bag",1,15.00,"Mid",2,30.00,5,0
2764,914,"2025-03-14","2025-03","BRW001","Merchandise","PRD026","Tote Bag",1,15.00,"Mid",3,45.00,4,0
2725,898,"2025-07-10","2025-07","BRW003","Merchandise","PRD026","Tote Bag",1,15.00,"Mid",1,15.00,5,0
2709,894,"2025-07-10","2025-07","BRW002","Merchandise","PRD026","Tote Bag",1,15.00,"Mid",2,30.00,3,0
2608,859,"2025-01-12","2025-01","BRW001","Merchandise","PRD026","Tote Bag",1,15.00,"Mid",2,30.00,5,0
2581,850,"2025-01-31","2025-01","BRW003","Merchandise","PRD026","Tote Bag",1,15.00,"Mid",2,30.00,5,0
2570,848,"2025-09-30","2025-09","BRW001","Merchandise","PRD026","Tote Bag",1,15.00,"Mid",2,30.00,5,0
2560,845,"2025-09-08","2025-09","BRW001","Merchandise","PRD026","Tote Bag",1,15.00,"Mid",3,45.00,5,0
2547,840,"2025-05-22","2025-05","BRW002","Merchandise","PRD026","Tote Bag",1,15.00,"Mid",1,15.00,2,0
2530,835,"2025-12-22","2025-12","BRW002","Merchandise","PRD026","Tote Bag",1,15.00,"Mid",1,15.00,3,0
2497,823,"2026-01-28","2026-01","BRW002","Merchandise","PRD026","Tote Bag",1,15.00,"Mid",1,15.00,4,0
2466,814,"2025-07-22","2025-07","BRW003","Merchandise","PRD026","Tote Bag",1,15.00,"Mid",3,45.00,4,0
2460,813,"2025-06-13","2025-06","BRW002","Merchandise","PRD026","Tote Bag",1,15.00,"Mid",2,30.00,4,0
2448,808,"2025-02-15","2025-02","BRW003","Merchandise","PRD026","Tote Bag",1,15.00,"Mid",3,45.00,5,0
2433,804,"2025-08-30","2025-08","BRW001","Merchandise","PRD026","Tote Bag",1,15.00,"Mid",1,15.00,2,0
2427,802,"2025-07-17","2025-07","BRW001","Merchandise","PRD026","Tote Bag",1,15.00,"Mid",2,30.00,5,0
2412,795,"2025-08-21","2025-08","BRW002","Merchandise","PRD026","Tote Bag",1,15.00,"Mid",3,45.00,3,0
2400,792,"2025-10-29","2025-10","BRW001","Merchandise","PRD026","Tote Bag",1,15.00,"Mid",1,15.00,3,0
2399,792,"2025-10-29","2025-10","BRW001","Merchandise","PRD026","Tote Bag",1,15.00,"Mid",1,15.00,3,0
2306,761,"2025-08-02","2025-08","BRW002","Merchandise","PRD026","Tote Bag",1,15.00,"Mid",1,15.00,4,0
2280,753,"2025-07-18","2025-07","BRW003","Merchandise","PRD026","Tote Bag",1,15.00,"Mid",3,45.00,4,0
2175,715,"2025-07-07","2025-07","BRW001","Merchandise","PRD026","Tote Bag",1,15.00,"Mid",3,45.00,3,0
2157,708,"2025-01-22","2025-01","BRW001","Merchandise","PRD026","Tote Bag",1,15.00,"Mid",3,45.00,3,0
2155,707,"2025-04-23","2025-04","BRW003","Merchandise","PRD026","Tote Bag",1,15.00,"Mid",2,30.00,4,0
2066,677,"2025-10-16","2025-10","BRW002","Merchandise","PRD026","Tote Bag",1,15.00,"Mid",1,15.00,3,0
2011,661,"2025-05-23","2025-05","BRW003","Merchandise","PRD026","Tote Bag",1,15.00,"Mid",2,30.00,1,1
1996,654,"2025-03-17","2025-03","BRW002","Merchandise","PRD026","Tote Bag",1,15.00,"Mid",2,30.00,4,0
1916,632,"2025-03-04","2025-03","BRW002","Merchandise","PRD026","Tote Bag",1,15.00,"Mid",3,45.00,4,0
1906,629,"2025-08-30","2025-08","BRW002","Merchandise","PRD026","Tote Bag",1,15.00,"Mid",1,15.00,2,0
1892,621,"2025-05-06","2025-05","BRW001","Merchandise","PRD026","Tote Bag",1,15.00,"Mid",2,30.00,4,0
1890,621,"2025-05-06","2025-05","BRW001","Merchandise","PRD026","Tote Bag",1,15.00,"Mid",1,15.00,4,0
1862,612,"2025-05-26","2025-05","BRW001","Merchandise","PRD026","Tote Bag",1,15.00,"Mid",3,45.00,4,0
1816,595,"2025-05-11","2025-05","BRW001","Merchandise","PRD026","Tote Bag",1,15.00,"Mid",1,15.00,5,0
1809,594,"2025-12-21","2025-12","BRW002","Merchandise","PRD026","Tote Bag",1,15.00,"Mid",3,45.00,4,0
1777,584,"2025-05-17","2025-05","BRW003","Merchandise","PRD026","Tote Bag",1,15.00,"Mid",2,30.00,3,0
1753,576,"2026-01-21","2026-01","BRW003","Merchandise","PRD026","Tote Bag",1,15.00,"Mid",1,15.00,4,0
1673,550,"2025-05-05","2025-05","BRW001","Merchandise","PRD026","Tote Bag",1,15.00,"Mid",1,15.00,4,0
1657,546,"2026-01-08","2026-01","BRW003","Merchandise","PRD026","Tote Bag",1,15.00,"Mid",2,30.00,5,0
1616,534,"2025-12-20","2025-12","BRW003","Merchandise","PRD026","Tote Bag",1,15.00,"Mid",1,15.00,3,0
1575,521,"2025-02-23","2025-02","BRW002","Merchandise","PRD026","Tote Bag",1,15.00,"Mid",1,15.00,2,0
1486,489,"2025-12-13","2025-12","BRW001","Merchandise","PRD026","Tote Bag",1,15.00,"Mid",1,15.00,4,0
1464,482,"2025-12-03","2025-12","BRW002","Merchandise","PRD026","Tote Bag",1,15.00,"Mid",2,30.00,5,0
1423,469,"2025-03-13","2025-03","BRW002","Merchandise","PRD026","Tote Bag",1,15.00,"Mid",3,45.00,4,0
1404,464,"2025-08-06","2025-08","BRW001","Merchandise","PRD026","Tote Bag",1,15.00,"Mid",1,15.00,2,0
1400,462,"2025-01-05","2025-01","BRW003","Merchandise","PRD026","Tote Bag",1,15.00,"Mid",3,45.00,5,0
1329,434,"2025-09-18","2025-09","BRW002","Merchandise","PRD026","Tote Bag",1,15.00,"Mid",1,15.00,4,0
1318,429,"2026-01-25","2026-01","BRW001","Merchandise","PRD026","Tote Bag",1,15.00,"Mid",2,30.00,4,0
1286,416,"2025-09-09","2025-09","BRW003","Merchandise","PRD026","Tote Bag",1,15.00,"Mid",2,30.00,2,0
1278,413,"2025-09-07","2025-09","BRW002","Merchandise","PRD026","Tote Bag",1,15.00,"Mid",3,45.00,3,0
1229,396,"2025-05-19","2025-05","BRW003","Merchandise","PRD026","Tote Bag",1,15.00,"Mid",3,45.00,3,0
1154,374,"2025-08-10","2025-08","BRW002","Merchandise","PRD026","Tote Bag",1,15.00,"Mid",1,15.00,3,0
1041,334,"2025-09-04","2025-09","BRW003","Merchandise","PRD026","Tote Bag",1,15.00,"Mid",2,30.00,2,0
1018,326,"2025-02-06","2025-02","BRW001","Merchandise","PRD026","Tote Bag",1,15.00,"Mid",2,30.00,4,0
1002,323,"2025-09-21","2025-09","BRW003","Merchandise","PRD026","Tote Bag",1,15.00,"Mid",2,30.00,5,0
993,321,"2025-10-20","2025-10","BRW002","Merchandise","PRD026","Tote Bag",1,15.00,"Mid",2,30.00,4,0
958,307,"2025-05-14","2025-05","BRW001","Merchandise","PRD026","Tote Bag",1,15.00,"Mid",3,45.00,5,0
848,275,"2025-03-17","2025-03","BRW003","Merchandise","PRD026","Tote Bag",1,15.00,"Mid",3,45.00,4,0
840,273,"2025-03-23","2025-03","BRW002","Merchandise","PRD026","Tote Bag",1,15.00,"Mid",3,45.00,3,0
793,258,"2025-02-20","2025-02","BRW001","Merchandise","PRD026","Tote Bag",1,15.00,"Mid",1,15.00,2,0
721,233,"2025-04-05","2025-04","BRW001","Merchandise","PRD026","Tote Bag",1,15.00,"Mid",1,15.00,5,0
642,209,"2026-01-09","2026-01","BRW001","Merchandise","PRD026","Tote Bag",1,15.00,"Mid",2,30.00,4,0
616,201,"2025-07-14","2025-07","BRW002","Merchandise","PRD026","Tote Bag",1,15.00,"Mid",1,15.00,4,0
608,199,"2025-08-20","2025-08","BRW003","Merchandise","PRD026","Tote Bag",1,15.00,"Mid",2,30.00,5,0
594,194,"2025-07-15","2025-07","BRW003","Merchandise","PRD026","Tote Bag",1,15.00,"Mid",1,15.00,3,0
548,180,"2025-10-03","2025-10","BRW002","Merchandise","PRD026","Tote Bag",1,15.00,"Mid",1,15.00,4,0
510,169,"2025-09-28","2025-09","BRW003","Merchandise","PRD026","Tote Bag",1,15.00,"Mid",1,15.00,2,0
509,169,"2025-09-28","2025-09","BRW003","Merchandise","PRD026","Tote Bag",1,15.00,"Mid",3,45.00,2,0
496,166,"2025-01-11","2025-01","BRW001","Merchandise","PRD026","Tote Bag",1,15.00,"Mid",1,15.00,5,0
439,147,"2025-12-20","2025-12","BRW003","Merchandise","PRD026","Tote Bag",1,15.00,"Mid",1,15.00,3,0
435,146,"2025-09-05","2025-09","BRW001","Merchandise","PRD026","Tote Bag",1,15.00,"Mid",3,45.00,3,0
411,137,"2026-01-19","2026-01","BRW001","Merchandise","PRD026","Tote Bag",1,15.00,"Mid",3,45.00,4,0
395,132,"2025-09-18","2025-09","BRW002","Merchandise","PRD026","Tote Bag",1,15.00,"Mid",3,45.00,3,0
373,124,"2025-09-23","2025-09","BRW001","Merchandise","PRD026","Tote Bag",1,15.00,"Mid",1,15.00,4,0
338,111,"2025-04-19","2025-04","BRW001","Merchandise","PRD026","Tote Bag",1,15.00,"Mid",3,45.00,5,0
315,105,"2025-07-11","2025-07","BRW002","Merchandise","PRD026","Tote Bag",1,15.00,"Mid",3,45.00,5,0
223,74,"2025-09-15","2025-09","BRW003","Merchandise","PRD026","Tote Bag",1,15.00,"Mid",2,30.00,4,0
221,74,"2025-09-15","2025-09","BRW003","Merchandise","PRD026","Tote Bag",1,15.00,"Mid",2,30.00,4,0
162,54,"2025-02-20","2025-02","BRW001","Merchandise","PRD026","Tote Bag",1,15.00,"Mid",3,45.00,1,1
135,46,"2025-12-05","2025-12","BRW003","Merchandise","PRD026","Tote Bag",1,15.00,"Mid",3,45.00,5,0
129,45,"2025-04-07","2025-04","BRW003","Merchandise","PRD026","Tote Bag",1,15.00,"Mid",3,45.00,5,0
57,21,"2025-04-10","2025-04","BRW003","Merchandise","PRD026","Tote Bag",1,15.00,"Mid",2,30.00,3,0
4,3,"2025-08-15","2025-08","BRW003","Merchandise","PRD026","Tote Bag",1,15.00,"Mid",1,15.00,5,0
3556,1169,"2025-09-23","2025-09","BRW001","Merchandise","PRD027","Travel Cup",1,18.50,"Mid",2,37.00,4,0
3517,1157,"2025-04-13","2025-04","BRW001","Merchandise","PRD027","Travel Cup",1,18.50,"Mid",2,37.00,3,0
3468,1141,"2025-10-11","2025-10","BRW003","Merchandise","PRD027","Travel Cup",1,18.50,"Mid",1,18.50,5,0
3445,1136,"2025-06-02","2025-06","BRW001","Merchandise","PRD027","Travel Cup",1,18.50,"Mid",1,18.50,5,0
3431,1132,"2025-06-09","2025-06","BRW001","Merchandise","PRD027","Travel Cup",1,18.50,"Mid",2,37.00,4,0
3356,1110,"2026-01-02","2026-01","BRW003","Merchandise","PRD027","Travel Cup",1,18.50,"Mid",1,18.50,4,0
3264,1082,"2025-01-12","2025-01","BRW001","Merchandise","PRD027","Travel Cup",1,18.50,"Mid",3,55.50,5,0
3248,1077,"2025-02-24","2025-02","BRW001","Merchandise","PRD027","Travel Cup",1,18.50,"Mid",2,37.00,3,0
3247,1077,"2025-02-24","2025-02","BRW001","Merchandise","PRD027","Travel Cup",1,18.50,"Mid",2,37.00,3,0
3245,1076,"2025-01-12","2025-01","BRW003","Merchandise","PRD027","Travel Cup",1,18.50,"Mid",1,18.50,5,0
3192,1061,"2025-01-08","2025-01","BRW003","Merchandise","PRD027","Travel Cup",1,18.50,"Mid",2,37.00,1,1
3126,1040,"2025-06-20","2025-06","BRW001","Merchandise","PRD027","Travel Cup",1,18.50,"Mid",1,18.50,3,0
3123,1040,"2025-06-20","2025-06","BRW001","Merchandise","PRD027","Travel Cup",1,18.50,"Mid",1,18.50,3,0
3109,1034,"2026-01-22","2026-01","BRW001","Merchandise","PRD027","Travel Cup",1,18.50,"Mid",1,18.50,3,0
3047,1011,"2025-11-10","2025-11","BRW001","Merchandise","PRD027","Travel Cup",1,18.50,"Mid",2,37.00,5,0
3035,1008,"2025-03-16","2025-03","BRW001","Merchandise","PRD027","Travel Cup",1,18.50,"Mid",3,55.50,3,0
3025,1004,"2025-03-16","2025-03","BRW003","Merchandise","PRD027","Travel Cup",1,18.50,"Mid",3,55.50,4,0
2965,982,"2025-05-05","2025-05","BRW002","Merchandise","PRD027","Travel Cup",1,18.50,"Mid",2,37.00,3,0
2934,969,"2025-10-14","2025-10","BRW001","Merchandise","PRD027","Travel Cup",1,18.50,"Mid",3,55.50,2,0
2932,967,"2025-05-12","2025-05","BRW001","Merchandise","PRD027","Travel Cup",1,18.50,"Mid",2,37.00,4,0
2926,966,"2025-01-20","2025-01","BRW001","Merchandise","PRD027","Travel Cup",1,18.50,"Mid",1,18.50,5,0
2908,962,"2025-10-24","2025-10","BRW001","Merchandise","PRD027","Travel Cup",1,18.50,"Mid",1,18.50,4,0
2880,953,"2025-02-15","2025-02","BRW003","Merchandise","PRD027","Travel Cup",1,18.50,"Mid",1,18.50,4,0
2879,952,"2025-09-18","2025-09","BRW002","Merchandise","PRD027","Travel Cup",1,18.50,"Mid",3,55.50,5,0
2841,942,"2025-11-21","2025-11","BRW001","Merchandise","PRD027","Travel Cup",1,18.50,"Mid",2,37.00,4,0
2835,940,"2025-11-05","2025-11","BRW003","Merchandise","PRD027","Travel Cup",1,18.50,"Mid",3,55.50,4,0
2821,935,"2025-06-12","2025-06","BRW003","Merchandise","PRD027","Travel Cup",1,18.50,"Mid",2,37.00,4,0
2819,935,"2025-06-12","2025-06","BRW003","Merchandise","PRD027","Travel Cup",1,18.50,"Mid",3,55.50,4,0
2796,927,"2025-12-15","2025-12","BRW003","Merchandise","PRD027","Travel Cup",1,18.50,"Mid",2,37.00,3,0
2760,913,"2025-05-10","2025-05","BRW003","Merchandise","PRD027","Travel Cup",1,18.50,"Mid",2,37.00,4,0
2752,910,"2025-01-27","2025-01","BRW001","Merchandise","PRD027","Travel Cup",1,18.50,"Mid",2,37.00,2,0
2727,900,"2025-04-02","2025-04","BRW003","Merchandise","PRD027","Travel Cup",1,18.50,"Mid",3,55.50,3,0
2689,886,"2025-11-23","2025-11","BRW003","Merchandise","PRD027","Travel Cup",1,18.50,"Mid",1,18.50,1,1
2654,873,"2025-07-14","2025-07","BRW003","Merchandise","PRD027","Travel Cup",1,18.50,"Mid",3,55.50,3,0
2637,869,"2025-05-28","2025-05","BRW001","Merchandise","PRD027","Travel Cup",1,18.50,"Mid",3,55.50,4,0
2633,868,"2025-05-22","2025-05","BRW001","Merchandise","PRD027","Travel Cup",1,18.50,"Mid",2,37.00,5,0
2622,865,"2025-04-05","2025-04","BRW002","Merchandise","PRD027","Travel Cup",1,18.50,"Mid",2,37.00,4,0
2614,861,"2025-01-25","2025-01","BRW002","Merchandise","PRD027","Travel Cup",1,18.50,"Mid",3,55.50,2,0
2605,859,"2025-01-12","2025-01","BRW001","Merchandise","PRD027","Travel Cup",1,18.50,"Mid",3,55.50,5,0
2565,847,"2025-07-21","2025-07","BRW002","Merchandise","PRD027","Travel Cup",1,18.50,"Mid",2,37.00,2,0
2557,844,"2026-01-28","2026-01","BRW003","Merchandise","PRD027","Travel Cup",1,18.50,"Mid",3,55.50,2,0
2506,825,"2025-06-10","2025-06","BRW003","Merchandise","PRD027","Travel Cup",1,18.50,"Mid",3,55.50,4,0
2471,816,"2025-02-02","2025-02","BRW002","Merchandise","PRD027","Travel Cup",1,18.50,"Mid",1,18.50,3,0
2457,812,"2025-06-13","2025-06","BRW001","Merchandise","PRD027","Travel Cup",1,18.50,"Mid",2,37.00,1,1
2440,806,"2025-05-16","2025-05","BRW001","Merchandise","PRD027","Travel Cup",1,18.50,"Mid",3,55.50,5,0
2418,799,"2025-11-04","2025-11","BRW001","Merchandise","PRD027","Travel Cup",1,18.50,"Mid",1,18.50,2,0
2379,785,"2025-02-23","2025-02","BRW002","Merchandise","PRD027","Travel Cup",1,18.50,"Mid",3,55.50,3,0
2357,778,"2025-11-23","2025-11","BRW002","Merchandise","PRD027","Travel Cup",1,18.50,"Mid",2,37.00,4,0
2346,774,"2025-05-26","2025-05","BRW003","Merchandise","PRD027","Travel Cup",1,18.50,"Mid",2,37.00,3,0
2343,772,"2025-10-01","2025-10","BRW001","Merchandise","PRD027","Travel Cup",1,18.50,"Mid",1,18.50,3,0
2338,771,"2025-11-23","2025-11","BRW002","Merchandise","PRD027","Travel Cup",1,18.50,"Mid",1,18.50,4,0
2305,761,"2025-08-02","2025-08","BRW002","Merchandise","PRD027","Travel Cup",1,18.50,"Mid",1,18.50,4,0
2294,757,"2025-03-25","2025-03","BRW003","Merchandise","PRD027","Travel Cup",1,18.50,"Mid",2,37.00,3,0
2249,744,"2025-07-17","2025-07","BRW001","Merchandise","PRD027","Travel Cup",1,18.50,"Mid",1,18.50,4,0
2221,732,"2025-03-18","2025-03","BRW001","Merchandise","PRD027","Travel Cup",1,18.50,"Mid",1,18.50,2,0
2202,725,"2025-08-16","2025-08","BRW001","Merchandise","PRD027","Travel Cup",1,18.50,"Mid",2,37.00,2,0
2146,704,"2025-04-19","2025-04","BRW003","Merchandise","PRD027","Travel Cup",1,18.50,"Mid",3,55.50,2,0
2142,703,"2025-06-09","2025-06","BRW003","Merchandise","PRD027","Travel Cup",1,18.50,"Mid",1,18.50,4,0
2128,699,"2025-05-14","2025-05","BRW001","Merchandise","PRD027","Travel Cup",1,18.50,"Mid",3,55.50,4,0
2098,689,"2025-03-28","2025-03","BRW002","Merchandise","PRD027","Travel Cup",1,18.50,"Mid",1,18.50,2,0
2081,682,"2026-01-14","2026-01","BRW001","Merchandise","PRD027","Travel Cup",1,18.50,"Mid",2,37.00,2,0
2072,679,"2025-12-02","2025-12","BRW002","Merchandise","PRD027","Travel Cup",1,18.50,"Mid",2,37.00,4,0
2071,679,"2025-12-02","2025-12","BRW002","Merchandise","PRD027","Travel Cup",1,18.50,"Mid",1,18.50,4,0
2062,676,"2025-04-05","2025-04","BRW002","Merchandise","PRD027","Travel Cup",1,18.50,"Mid",1,18.50,2,0
2000,656,"2025-10-05","2025-10","BRW003","Merchandise","PRD027","Travel Cup",1,18.50,"Mid",3,55.50,2,0
1945,639,"2025-12-11","2025-12","BRW002","Merchandise","PRD027","Travel Cup",1,18.50,"Mid",3,55.50,3,0
1944,639,"2025-12-11","2025-12","BRW002","Merchandise","PRD027","Travel Cup",1,18.50,"Mid",1,18.50,3,0
1930,635,"2025-01-05","2025-01","BRW003","Merchandise","PRD027","Travel Cup",1,18.50,"Mid",2,37.00,2,0
1902,625,"2025-02-07","2025-02","BRW002","Merchandise","PRD027","Travel Cup",1,18.50,"Mid",1,18.50,1,1
1883,617,"2025-04-26","2025-04","BRW003","Merchandise","PRD027","Travel Cup",1,18.50,"Mid",2,37.00,3,0
1882,617,"2025-04-26","2025-04","BRW003","Merchandise","PRD027","Travel Cup",1,18.50,"Mid",1,18.50,3,0
1880,616,"2025-09-11","2025-09","BRW001","Merchandise","PRD027","Travel Cup",1,18.50,"Mid",1,18.50,5,0
1850,608,"2025-12-04","2025-12","BRW003","Merchandise","PRD027","Travel Cup",1,18.50,"Mid",1,18.50,4,0
1792,590,"2025-07-11","2025-07","BRW003","Merchandise","PRD027","Travel Cup",1,18.50,"Mid",2,37.00,4,0
1781,585,"2026-01-02","2026-01","BRW001","Merchandise","PRD027","Travel Cup",1,18.50,"Mid",3,55.50,3,0
1768,581,"2026-01-03","2026-01","BRW003","Merchandise","PRD027","Travel Cup",1,18.50,"Mid",3,55.50,5,0
1751,576,"2026-01-21","2026-01","BRW003","Merchandise","PRD027","Travel Cup",1,18.50,"Mid",3,55.50,4,0
1742,573,"2025-12-03","2025-12","BRW001","Merchandise","PRD027","Travel Cup",1,18.50,"Mid",2,37.00,5,0
1699,562,"2025-08-06","2025-08","BRW002","Merchandise","PRD027","Travel Cup",1,18.50,"Mid",1,18.50,5,0
1696,561,"2026-01-23","2026-01","BRW001","Merchandise","PRD027","Travel Cup",1,18.50,"Mid",3,55.50,4,0
1658,546,"2026-01-08","2026-01","BRW003","Merchandise","PRD027","Travel Cup",1,18.50,"Mid",2,37.00,5,0
1505,496,"2025-02-20","2025-02","BRW003","Merchandise","PRD027","Travel Cup",1,18.50,"Mid",2,37.00,1,1
1440,475,"2025-10-30","2025-10","BRW001","Merchandise","PRD027","Travel Cup",1,18.50,"Mid",2,37.00,4,0
1416,468,"2025-11-29","2025-11","BRW002","Merchandise","PRD027","Travel Cup",1,18.50,"Mid",1,18.50,4,0
1367,452,"2025-12-14","2025-12","BRW001","Merchandise","PRD027","Travel Cup",1,18.50,"Mid",1,18.50,2,0
1361,449,"2025-02-12","2025-02","BRW001","Merchandise","PRD027","Travel Cup",1,18.50,"Mid",3,55.50,2,0
1287,417,"2025-12-03","2025-12","BRW003","Merchandise","PRD027","Travel Cup",1,18.50,"Mid",3,55.50,1,1
1273,411,"2025-06-01","2025-06","BRW001","Merchandise","PRD027","Travel Cup",1,18.50,"Mid",2,37.00,3,0
1260,408,"2025-11-26","2025-11","BRW001","Merchandise","PRD027","Travel Cup",1,18.50,"Mid",3,55.50,4,0
1212,391,"2025-08-22","2025-08","BRW003","Merchandise","PRD027","Travel Cup",1,18.50,"Mid",2,37.00,5,0
1152,373,"2025-07-17","2025-07","BRW002","Merchandise","PRD027","Travel Cup",1,18.50,"Mid",1,18.50,2,0
1126,366,"2025-01-09","2025-01","BRW003","Merchandise","PRD027","Travel Cup",1,18.50,"Mid",3,55.50,4,0
1112,362,"2025-11-11","2025-11","BRW001","Merchandise","PRD027","Travel Cup",1,18.50,"Mid",3,55.50,4,0
1084,351,"2025-03-07","2025-03","BRW002","Merchandise","PRD027","Travel Cup",1,18.50,"Mid",1,18.50,4,0
1014,325,"2025-02-06","2025-02","BRW002","Merchandise","PRD027","Travel Cup",1,18.50,"Mid",1,18.50,5,0
988,318,"2025-03-27","2025-03","BRW003","Merchandise","PRD027","Travel Cup",1,18.50,"Mid",1,18.50,5,0
962,310,"2025-07-05","2025-07","BRW003","Merchandise","PRD027","Travel Cup",1,18.50,"Mid",3,55.50,2,0
949,305,"2025-12-02","2025-12","BRW002","Merchandise","PRD027","Travel Cup",1,18.50,"Mid",3,55.50,4,0
945,305,"2025-12-02","2025-12","BRW002","Merchandise","PRD027","Travel Cup",1,18.50,"Mid",2,37.00,4,0
935,301,"2025-03-12","2025-03","BRW002","Merchandise","PRD027","Travel Cup",1,18.50,"Mid",2,37.00,3,0
895,288,"2025-07-11","2025-07","BRW002","Merchandise","PRD027","Travel Cup",1,18.50,"Mid",1,18.50,4,0
847,275,"2025-03-17","2025-03","BRW003","Merchandise","PRD027","Travel Cup",1,18.50,"Mid",2,37.00,4,0
835,272,"2025-06-08","2025-06","BRW003","Merchandise","PRD027","Travel Cup",1,18.50,"Mid",1,18.50,5,0
794,258,"2025-02-20","2025-02","BRW001","Merchandise","PRD027","Travel Cup",1,18.50,"Mid",2,37.00,2,0
786,256,"2025-03-13","2025-03","BRW002","Merchandise","PRD027","Travel Cup",1,18.50,"Mid",3,55.50,3,0
781,253,"2025-10-30","2025-10","BRW003","Merchandise","PRD027","Travel Cup",1,18.50,"Mid",2,37.00,3,0
766,249,"2025-06-21","2025-06","BRW002","Merchandise","PRD027","Travel Cup",1,18.50,"Mid",1,18.50,4,0
740,239,"2025-12-13","2025-12","BRW001","Merchandise","PRD027","Travel Cup",1,18.50,"Mid",1,18.50,4,0
704,229,"2025-11-12","2025-11","BRW002","Merchandise","PRD027","Travel Cup",1,18.50,"Mid",3,55.50,4,0
633,205,"2025-08-25","2025-08","BRW003","Merchandise","PRD027","Travel Cup",1,18.50,"Mid",1,18.50,5,0
623,203,"2025-10-23","2025-10","BRW002","Merchandise","PRD027","Travel Cup",1,18.50,"Mid",2,37.00,5,0
614,201,"2025-07-14","2025-07","BRW002","Merchandise","PRD027","Travel Cup",1,18.50,"Mid",3,55.50,4,0
554,182,"2025-06-02","2025-06","BRW002","Merchandise","PRD027","Travel Cup",1,18.50,"Mid",1,18.50,3,0
528,175,"2025-08-13","2025-08","BRW002","Merchandise","PRD027","Travel Cup",1,18.50,"Mid",1,18.50,1,1
498,166,"2025-01-11","2025-01","BRW001","Merchandise","PRD027","Travel Cup",1,18.50,"Mid",1,18.50,5,0
462,155,"2025-12-27","2025-12","BRW002","Merchandise","PRD027","Travel Cup",1,18.50,"Mid",1,18.50,3,0
456,153,"2025-12-18","2025-12","BRW001","Merchandise","PRD027","Travel Cup",1,18.50,"Mid",3,55.50,5,0
409,136,"2025-06-28","2025-06","BRW001","Merchandise","PRD027","Travel Cup",1,18.50,"Mid",2,37.00,4,0
405,135,"2025-04-29","2025-04","BRW003","Merchandise","PRD027","Travel Cup",1,18.50,"Mid",2,37.00,4,0
389,131,"2025-04-29","2025-04","BRW002","Merchandise","PRD027","Travel Cup",1,18.50,"Mid",1,18.50,3,0
347,115,"2025-09-02","2025-09","BRW003","Merchandise","PRD027","Travel Cup",1,18.50,"Mid",3,55.50,2,0
340,112,"2025-07-27","2025-07","BRW002","Merchandise","PRD027","Travel Cup",1,18.50,"Mid",2,37.00,3,0
289,97,"2025-03-03","2025-03","BRW003","Merchandise","PRD027","Travel Cup",1,18.50,"Mid",3,55.50,4,0
260,88,"2026-01-21","2026-01","BRW003","Merchandise","PRD027","Travel Cup",1,18.50,"Mid",2,37.00,3,0
236,78,"2025-07-05","2025-07","BRW002","Merchandise","PRD027","Travel Cup",1,18.50,"Mid",3,55.50,5,0
141,48,"2025-03-15","2025-03","BRW003","Merchandise","PRD027","Travel Cup",1,18.50,"Mid",3,55.50,5,0
73,24,"2025-04-29","2025-04","BRW001","Merchandise","PRD027","Travel Cup",1,18.50,"Mid",2,37.00,5,0
39,14,"2025-03-05","2025-03","BRW001","Merchandise","PRD027","Travel Cup",1,18.50,"Mid",1,18.50,3,0
38,13,"2025-02-10","2025-02","BRW003","Merchandise","PRD027","Travel Cup",1,18.50,"Mid",3,55.50,2,0
26,10,"2025-02-09","2025-02","BRW003","Merchandise","PRD027","Travel Cup",1,18.50,"Mid",3,55.50,2,0
3625,1192,"2026-01-21","2026-01","BRW003","Merchandise","PRD028","Gift Card",1,25.00,"Expensive",1,25.00,3,0
3617,1190,"2025-09-12","2025-09","BRW003","Merchandise","PRD028","Gift Card",1,25.00,"Expensive",3,75.00,4,0
3422,1128,"2025-07-22","2025-07","BRW002","Merchandise","PRD028","Gift Card",1,25.00,"Expensive",2,50.00,5,0
3364,1112,"2025-11-02","2025-11","BRW003","Merchandise","PRD028","Gift Card",1,25.00,"Expensive",3,75.00,4,0
3347,1107,"2025-08-02","2025-08","BRW001","Merchandise","PRD028","Gift Card",1,25.00,"Expensive",2,50.00,3,0
3328,1099,"2025-08-06","2025-08","BRW001","Merchandise","PRD028","Gift Card",1,25.00,"Expensive",1,25.00,5,0
3307,1094,"2025-05-02","2025-05","BRW002","Merchandise","PRD028","Gift Card",1,25.00,"Expensive",3,75.00,4,0
3240,1075,"2025-10-26","2025-10","BRW001","Merchandise","PRD028","Gift Card",1,25.00,"Expensive",3,75.00,4,0
3226,1071,"2025-07-09","2025-07","BRW001","Merchandise","PRD028","Gift Card",1,25.00,"Expensive",3,75.00,5,0
3202,1065,"2025-11-26","2025-11","BRW002","Merchandise","PRD028","Gift Card",1,25.00,"Expensive",2,50.00,4,0
3198,1063,"2025-09-30","2025-09","BRW002","Merchandise","PRD028","Gift Card",1,25.00,"Expensive",3,75.00,2,0
3197,1063,"2025-09-30","2025-09","BRW002","Merchandise","PRD028","Gift Card",1,25.00,"Expensive",3,75.00,2,0
3071,1019,"2026-01-10","2026-01","BRW001","Merchandise","PRD028","Gift Card",1,25.00,"Expensive",2,50.00,4,0
3042,1010,"2025-01-02","2025-01","BRW002","Merchandise","PRD028","Gift Card",1,25.00,"Expensive",1,25.00,4,0
3039,1009,"2025-07-08","2025-07","BRW003","Merchandise","PRD028","Gift Card",1,25.00,"Expensive",2,50.00,3,0
3028,1005,"2025-03-02","2025-03","BRW002","Merchandise","PRD028","Gift Card",1,25.00,"Expensive",1,25.00,1,1
3014,999,"2025-11-25","2025-11","BRW003","Merchandise","PRD028","Gift Card",1,25.00,"Expensive",2,50.00,3,0
2972,984,"2025-08-23","2025-08","BRW002","Merchandise","PRD028","Gift Card",1,25.00,"Expensive",1,25.00,2,0
2933,968,"2025-11-19","2025-11","BRW003","Merchandise","PRD028","Gift Card",1,25.00,"Expensive",2,50.00,1,1
2907,961,"2025-10-31","2025-10","BRW002","Merchandise","PRD028","Gift Card",1,25.00,"Expensive",3,75.00,2,0
2904,960,"2025-04-14","2025-04","BRW001","Merchandise","PRD028","Gift Card",1,25.00,"Expensive",2,50.00,2,0
2888,955,"2025-08-09","2025-08","BRW003","Merchandise","PRD028","Gift Card",1,25.00,"Expensive",3,75.00,5,0
2833,940,"2025-11-05","2025-11","BRW003","Merchandise","PRD028","Gift Card",1,25.00,"Expensive",1,25.00,4,0
2800,928,"2025-05-16","2025-05","BRW001","Merchandise","PRD028","Gift Card",1,25.00,"Expensive",3,75.00,5,0
2795,927,"2025-12-15","2025-12","BRW003","Merchandise","PRD028","Gift Card",1,25.00,"Expensive",1,25.00,3,0
2739,905,"2025-04-10","2025-04","BRW001","Merchandise","PRD028","Gift Card",1,25.00,"Expensive",2,50.00,4,0
2707,893,"2026-01-17","2026-01","BRW002","Merchandise","PRD028","Gift Card",1,25.00,"Expensive",3,75.00,1,1
2685,885,"2026-01-02","2026-01","BRW001","Merchandise","PRD028","Gift Card",1,25.00,"Expensive",2,50.00,5,0
2670,879,"2025-12-06","2025-12","BRW003","Merchandise","PRD028","Gift Card",1,25.00,"Expensive",2,50.00,3,0
2562,845,"2025-09-08","2025-09","BRW001","Merchandise","PRD028","Gift Card",1,25.00,"Expensive",1,25.00,5,0
2558,844,"2026-01-28","2026-01","BRW003","Merchandise","PRD028","Gift Card",1,25.00,"Expensive",1,25.00,2,0
2507,825,"2025-06-10","2025-06","BRW003","Merchandise","PRD028","Gift Card",1,25.00,"Expensive",1,25.00,4,0
2503,825,"2025-06-10","2025-06","BRW003","Merchandise","PRD028","Gift Card",1,25.00,"Expensive",2,50.00,4,0
2486,820,"2025-05-20","2025-05","BRW002","Merchandise","PRD028","Gift Card",1,25.00,"Expensive",3,75.00,4,0
2413,796,"2026-01-17","2026-01","BRW003","Merchandise","PRD028","Gift Card",1,25.00,"Expensive",3,75.00,1,1
2405,793,"2025-02-06","2025-02","BRW001","Merchandise","PRD028","Gift Card",1,25.00,"Expensive",2,50.00,5,0
2370,781,"2025-04-30","2025-04","BRW003","Merchandise","PRD028","Gift Card",1,25.00,"Expensive",3,75.00,3,0
2325,766,"2025-05-30","2025-05","BRW003","Merchandise","PRD028","Gift Card",1,25.00,"Expensive",3,75.00,5,0
2314,764,"2025-08-03","2025-08","BRW003","Merchandise","PRD028","Gift Card",1,25.00,"Expensive",2,50.00,3,0
2303,760,"2026-01-15","2026-01","BRW003","Merchandise","PRD028","Gift Card",1,25.00,"Expensive",2,50.00,4,0
2205,726,"2025-08-20","2025-08","BRW002","Merchandise","PRD028","Gift Card",1,25.00,"Expensive",1,25.00,3,0
2201,724,"2025-01-22","2025-01","BRW003","Merchandise","PRD028","Gift Card",1,25.00,"Expensive",1,25.00,4,0
2100,690,"2025-05-19","2025-05","BRW002","Merchandise","PRD028","Gift Card",1,25.00,"Expensive",1,25.00,3,0
2096,688,"2025-03-10","2025-03","BRW003","Merchandise","PRD028","Gift Card",1,25.00,"Expensive",1,25.00,4,0
2055,674,"2025-01-27","2025-01","BRW001","Merchandise","PRD028","Gift Card",1,25.00,"Expensive",3,75.00,4,0
2038,670,"2025-12-29","2025-12","BRW003","Merchandise","PRD028","Gift Card",1,25.00,"Expensive",3,75.00,5,0
2027,667,"2025-10-24","2025-10","BRW002","Merchandise","PRD028","Gift Card",1,25.00,"Expensive",2,50.00,5,0
2019,665,"2025-03-22","2025-03","BRW003","Merchandise","PRD028","Gift Card",1,25.00,"Expensive",1,25.00,1,1
1997,655,"2025-10-16","2025-10","BRW003","Merchandise","PRD028","Gift Card",1,25.00,"Expensive",2,50.00,2,0
1943,639,"2025-12-11","2025-12","BRW002","Merchandise","PRD028","Gift Card",1,25.00,"Expensive",3,75.00,3,0
1931,636,"2025-08-05","2025-08","BRW001","Merchandise","PRD028","Gift Card",1,25.00,"Expensive",2,50.00,4,0
1879,616,"2025-09-11","2025-09","BRW001","Merchandise","PRD028","Gift Card",1,25.00,"Expensive",2,50.00,5,0
1790,589,"2025-04-09","2025-04","BRW003","Merchandise","PRD028","Gift Card",1,25.00,"Expensive",1,25.00,3,0
1733,571,"2025-01-19","2025-01","BRW003","Merchandise","PRD028","Gift Card",1,25.00,"Expensive",1,25.00,5,0
1697,562,"2025-08-06","2025-08","BRW002","Merchandise","PRD028","Gift Card",1,25.00,"Expensive",2,50.00,5,0
1677,552,"2025-06-09","2025-06","BRW002","Merchandise","PRD028","Gift Card",1,25.00,"Expensive",1,25.00,3,0
1664,548,"2025-10-09","2025-10","BRW001","Merchandise","PRD028","Gift Card",1,25.00,"Expensive",1,25.00,3,0
1638,541,"2025-03-02","2025-03","BRW002","Merchandise","PRD028","Gift Card",1,25.00,"Expensive",3,75.00,3,0
1636,540,"2026-01-14","2026-01","BRW001","Merchandise","PRD028","Gift Card",1,25.00,"Expensive",2,50.00,3,0
1605,531,"2025-04-06","2025-04","BRW003","Merchandise","PRD028","Gift Card",1,25.00,"Expensive",3,75.00,5,0
1600,529,"2025-12-29","2025-12","BRW001","Merchandise","PRD028","Gift Card",1,25.00,"Expensive",1,25.00,2,0
1468,483,"2025-01-13","2025-01","BRW002","Merchandise","PRD028","Gift Card",1,25.00,"Expensive",1,25.00,4,0
1432,472,"2025-08-02","2025-08","BRW002","Merchandise","PRD028","Gift Card",1,25.00,"Expensive",1,25.00,3,0
1324,431,"2025-02-26","2025-02","BRW001","Merchandise","PRD028","Gift Card",1,25.00,"Expensive",1,25.00,4,0
1312,428,"2025-03-03","2025-03","BRW003","Merchandise","PRD028","Gift Card",1,25.00,"Expensive",3,75.00,4,0
1308,426,"2025-04-22","2025-04","BRW002","Merchandise","PRD028","Gift Card",1,25.00,"Expensive",3,75.00,3,0
1264,409,"2025-02-08","2025-02","BRW003","Merchandise","PRD028","Gift Card",1,25.00,"Expensive",1,25.00,2,0
1263,408,"2025-11-26","2025-11","BRW001","Merchandise","PRD028","Gift Card",1,25.00,"Expensive",1,25.00,4,0
1221,394,"2026-01-18","2026-01","BRW003","Merchandise","PRD028","Gift Card",1,25.00,"Expensive",1,25.00,3,0
1213,391,"2025-08-22","2025-08","BRW003","Merchandise","PRD028","Gift Card",1,25.00,"Expensive",1,25.00,5,0
1163,377,"2025-12-28","2025-12","BRW003","Merchandise","PRD028","Gift Card",1,25.00,"Expensive",1,25.00,5,0
1156,375,"2025-06-29","2025-06","BRW001","Merchandise","PRD028","Gift Card",1,25.00,"Expensive",1,25.00,3,0
1140,370,"2025-01-13","2025-01","BRW001","Merchandise","PRD028","Gift Card",1,25.00,"Expensive",1,25.00,3,0
1066,343,"2025-03-01","2025-03","BRW003","Merchandise","PRD028","Gift Card",1,25.00,"Expensive",1,25.00,2,0
1048,336,"2025-10-17","2025-10","BRW002","Merchandise","PRD028","Gift Card",1,25.00,"Expensive",2,50.00,4,0
974,313,"2025-08-26","2025-08","BRW003","Merchandise","PRD028","Gift Card",1,25.00,"Expensive",2,50.00,5,0
963,310,"2025-07-05","2025-07","BRW003","Merchandise","PRD028","Gift Card",1,25.00,"Expensive",1,25.00,2,0
957,307,"2025-05-14","2025-05","BRW001","Merchandise","PRD028","Gift Card",1,25.00,"Expensive",1,25.00,5,0
915,296,"2025-11-26","2025-11","BRW002","Merchandise","PRD028","Gift Card",1,25.00,"Expensive",3,75.00,4,0
899,289,"2025-01-26","2025-01","BRW001","Merchandise","PRD028","Gift Card",1,25.00,"Expensive",2,50.00,2,0
875,282,"2025-10-10","2025-10","BRW001","Merchandise","PRD028","Gift Card",1,25.00,"Expensive",1,25.00,4,0
851,276,"2026-01-03","2026-01","BRW002","Merchandise","PRD028","Gift Card",1,25.00,"Expensive",3,75.00,4,0
795,259,"2025-06-07","2025-06","BRW002","Merchandise","PRD028","Gift Card",1,25.00,"Expensive",2,50.00,2,0
754,244,"2025-04-24","2025-04","BRW001","Merchandise","PRD028","Gift Card",1,25.00,"Expensive",1,25.00,1,1
731,236,"2025-02-10","2025-02","BRW003","Merchandise","PRD028","Gift Card",1,25.00,"Expensive",1,25.00,2,0
713,231,"2025-04-06","2025-04","BRW002","Merchandise","PRD028","Gift Card",1,25.00,"Expensive",2,50.00,4,0
712,231,"2025-04-06","2025-04","BRW002","Merchandise","PRD028","Gift Card",1,25.00,"Expensive",3,75.00,4,0
706,229,"2025-11-12","2025-11","BRW002","Merchandise","PRD028","Gift Card",1,25.00,"Expensive",1,25.00,4,0
702,229,"2025-11-12","2025-11","BRW002","Merchandise","PRD028","Gift Card",1,25.00,"Expensive",3,75.00,4,0
695,225,"2025-06-27","2025-06","BRW001","Merchandise","PRD028","Gift Card",1,25.00,"Expensive",3,75.00,4,0
647,210,"2025-07-07","2025-07","BRW003","Merchandise","PRD028","Gift Card",1,25.00,"Expensive",3,75.00,4,0
627,204,"2025-02-02","2025-02","BRW002","Merchandise","PRD028","Gift Card",1,25.00,"Expensive",2,50.00,5,0
588,191,"2026-01-27","2026-01","BRW002","Merchandise","PRD028","Gift Card",1,25.00,"Expensive",3,75.00,4,0
575,187,"2025-05-05","2025-05","BRW002","Merchandise","PRD028","Gift Card",1,25.00,"Expensive",1,25.00,5,0
550,181,"2025-01-21","2025-01","BRW003","Merchandise","PRD028","Gift Card",1,25.00,"Expensive",1,25.00,3,0
471,158,"2025-12-25","2025-12","BRW001","Merchandise","PRD028","Gift Card",1,25.00,"Expensive",1,25.00,1,1
465,156,"2025-09-04","2025-09","BRW003","Merchandise","PRD028","Gift Card",1,25.00,"Expensive",1,25.00,5,0
432,144,"2025-08-04","2025-08","BRW003","Merchandise","PRD028","Gift Card",1,25.00,"Expensive",2,50.00,4,0
429,143,"2025-08-13","2025-08","BRW003","Merchandise","PRD028","Gift Card",1,25.00,"Expensive",1,25.00,3,0
410,137,"2026-01-19","2026-01","BRW001","Merchandise","PRD028","Gift Card",1,25.00,"Expensive",1,25.00,4,0
406,136,"2025-06-28","2025-06","BRW001","Merchandise","PRD028","Gift Card",1,25.00,"Expensive",2,50.00,4,0
381,128,"2025-05-01","2025-05","BRW001","Merchandise","PRD028","Gift Card",1,25.00,"Expensive",3,75.00,1,1
361,121,"2025-12-26","2025-12","BRW002","Merchandise","PRD028","Gift Card",1,25.00,"Expensive",1,25.00,2,0
353,118,"2025-03-29","2025-03","BRW001","Merchandise","PRD028","Gift Card",1,25.00,"Expensive",3,75.00,3,0
294,99,"2025-12-16","2025-12","BRW003","Merchandise","PRD028","Gift Card",1,25.00,"Expensive",2,50.00,2,0
208,70,"2025-03-17","2025-03","BRW002","Merchandise","PRD028","Gift Card",1,25.00,"Expensive",3,75.00,3,0
195,65,"2025-03-25","2025-03","BRW003","Merchandise","PRD028","Gift Card",1,25.00,"Expensive",1,25.00,4,0
188,63,"2025-12-02","2025-12","BRW002","Merchandise","PRD028","Gift Card",1,25.00,"Expensive",3,75.00,3,0
121,41,"2025-05-04","2025-05","BRW003","Merchandise","PRD028","Gift Card",1,25.00,"Expensive",1,25.00,2,0
85,28,"2025-05-02","2025-05","BRW001","Merchandise","PRD028","Gift Card",1,25.00,"Expensive",3,75.00,3,0
76,25,"2025-06-06","2025-06","BRW002","Merchandise","PRD028","Gift Card",1,25.00,"Expensive",2,50.00,4,0
69,24,"2025-04-29","2025-04","BRW001","Merchandise","PRD028","Gift Card",1,25.00,"Expensive",1,25.00,5,0
42,15,"2025-10-04","2025-10","BRW001","Merchandise","PRD028","Gift Card",1,25.00,"Expensive",2,50.00,2,0
15,5,"2025-11-28","2025-11","BRW002","Merchandise","PRD028","Gift Card",1,25.00,"Expensive",2,50.00,2,0
5,3,"2025-08-15","2025-08","BRW003","Merchandise","PRD028","Gift Card",1,25.00,"Expensive",1,25.00,5,0
3566,1173,"2025-03-15","2025-03","BRW001","Merchandise","PRD029","Cold Brew Bottle",1,4.00,"Cheap",3,12.00,5,0
3486,1148,"2025-10-01","2025-10","BRW003","Merchandise","PRD029","Cold Brew Bottle",1,4.00,"Cheap",3,12.00,4,0
3458,1139,"2025-10-08","2025-10","BRW002","Merchandise","PRD029","Cold Brew Bottle",1,4.00,"Cheap",2,8.00,3,0
3369,1113,"2025-05-28","2025-05","BRW001","Merchandise","PRD029","Cold Brew Bottle",1,4.00,"Cheap",2,8.00,5,0
3312,1095,"2025-04-08","2025-04","BRW001","Merchandise","PRD029","Cold Brew Bottle",1,4.00,"Cheap",3,12.00,5,0
3270,1083,"2025-05-08","2025-05","BRW003","Merchandise","PRD029","Cold Brew Bottle",1,4.00,"Cheap",2,8.00,3,0
3269,1083,"2025-05-08","2025-05","BRW003","Merchandise","PRD029","Cold Brew Bottle",1,4.00,"Cheap",1,4.00,3,0
3236,1074,"2025-01-17","2025-01","BRW001","Merchandise","PRD029","Cold Brew Bottle",1,4.00,"Cheap",1,4.00,1,1
3234,1072,"2025-12-03","2025-12","BRW003","Merchandise","PRD029","Cold Brew Bottle",1,4.00,"Cheap",3,12.00,4,0
3137,1044,"2025-11-19","2025-11","BRW003","Merchandise","PRD029","Cold Brew Bottle",1,4.00,"Cheap",3,12.00,3,0
3136,1043,"2025-03-23","2025-03","BRW003","Merchandise","PRD029","Cold Brew Bottle",1,4.00,"Cheap",2,8.00,5,0
3125,1040,"2025-06-20","2025-06","BRW001","Merchandise","PRD029","Cold Brew Bottle",1,4.00,"Cheap",1,4.00,3,0
3108,1033,"2025-03-07","2025-03","BRW001","Merchandise","PRD029","Cold Brew Bottle",1,4.00,"Cheap",1,4.00,3,0
3089,1025,"2025-04-24","2025-04","BRW001","Merchandise","PRD029","Cold Brew Bottle",1,4.00,"Cheap",1,4.00,1,1
3003,994,"2026-01-30","2026-01","BRW002","Merchandise","PRD029","Cold Brew Bottle",1,4.00,"Cheap",1,4.00,1,1
2990,989,"2025-08-26","2025-08","BRW003","Merchandise","PRD029","Cold Brew Bottle",1,4.00,"Cheap",3,12.00,4,0
2937,971,"2025-01-09","2025-01","BRW002","Merchandise","PRD029","Cold Brew Bottle",1,4.00,"Cheap",2,8.00,4,0
2920,965,"2025-04-15","2025-04","BRW003","Merchandise","PRD029","Cold Brew Bottle",1,4.00,"Cheap",3,12.00,5,0
2913,964,"2025-04-30","2025-04","BRW001","Merchandise","PRD029","Cold Brew Bottle",1,4.00,"Cheap",2,8.00,5,0
2893,956,"2025-09-09","2025-09","BRW001","Merchandise","PRD029","Cold Brew Bottle",1,4.00,"Cheap",2,8.00,4,0
2890,955,"2025-08-09","2025-08","BRW003","Merchandise","PRD029","Cold Brew Bottle",1,4.00,"Cheap",3,12.00,5,0
2874,951,"2025-09-16","2025-09","BRW003","Merchandise","PRD029","Cold Brew Bottle",1,4.00,"Cheap",1,4.00,4,0
2751,909,"2025-02-25","2025-02","BRW003","Merchandise","PRD029","Cold Brew Bottle",1,4.00,"Cheap",3,12.00,2,0
2672,880,"2025-04-03","2025-04","BRW003","Merchandise","PRD029","Cold Brew Bottle",1,4.00,"Cheap",3,12.00,1,1
2665,877,"2025-04-28","2025-04","BRW003","Merchandise","PRD029","Cold Brew Bottle",1,4.00,"Cheap",3,12.00,2,0
2657,873,"2025-07-14","2025-07","BRW003","Merchandise","PRD029","Cold Brew Bottle",1,4.00,"Cheap",3,12.00,3,0
2655,873,"2025-07-14","2025-07","BRW003","Merchandise","PRD029","Cold Brew Bottle",1,4.00,"Cheap",2,8.00,3,0
2653,872,"2025-08-03","2025-08","BRW002","Merchandise","PRD029","Cold Brew Bottle",1,4.00,"Cheap",2,8.00,5,0
2594,856,"2025-03-03","2025-03","BRW001","Merchandise","PRD029","Cold Brew Bottle",1,4.00,"Cheap",2,8.00,1,1
2579,850,"2025-01-31","2025-01","BRW003","Merchandise","PRD029","Cold Brew Bottle",1,4.00,"Cheap",2,8.00,5,0
2566,847,"2025-07-21","2025-07","BRW002","Merchandise","PRD029","Cold Brew Bottle",1,4.00,"Cheap",1,4.00,2,0
2559,845,"2025-09-08","2025-09","BRW001","Merchandise","PRD029","Cold Brew Bottle",1,4.00,"Cheap",2,8.00,5,0
2554,843,"2025-12-03","2025-12","BRW001","Merchandise","PRD029","Cold Brew Bottle",1,4.00,"Cheap",3,12.00,3,0
2519,830,"2025-06-15","2025-06","BRW003","Merchandise","PRD029","Cold Brew Bottle",1,4.00,"Cheap",1,4.00,3,0
2514,828,"2025-07-31","2025-07","BRW003","Merchandise","PRD029","Cold Brew Bottle",1,4.00,"Cheap",1,4.00,4,0
2480,819,"2025-03-13","2025-03","BRW001","Merchandise","PRD029","Cold Brew Bottle",1,4.00,"Cheap",3,12.00,5,0
2469,816,"2025-02-02","2025-02","BRW002","Merchandise","PRD029","Cold Brew Bottle",1,4.00,"Cheap",1,4.00,3,0
2447,808,"2025-02-15","2025-02","BRW003","Merchandise","PRD029","Cold Brew Bottle",1,4.00,"Cheap",1,4.00,5,0
2422,801,"2025-12-17","2025-12","BRW003","Merchandise","PRD029","Cold Brew Bottle",1,4.00,"Cheap",3,12.00,3,0
2409,794,"2025-06-14","2025-06","BRW003","Merchandise","PRD029","Cold Brew Bottle",1,4.00,"Cheap",2,8.00,3,0
2392,789,"2025-10-12","2025-10","BRW002","Merchandise","PRD029","Cold Brew Bottle",1,4.00,"Cheap",3,12.00,3,0
2368,781,"2025-04-30","2025-04","BRW003","Merchandise","PRD029","Cold Brew Bottle",1,4.00,"Cheap",1,4.00,3,0
2345,773,"2025-06-27","2025-06","BRW002","Merchandise","PRD029","Cold Brew Bottle",1,4.00,"Cheap",3,12.00,2,0
2327,767,"2025-11-14","2025-11","BRW001","Merchandise","PRD029","Cold Brew Bottle",1,4.00,"Cheap",1,4.00,4,0
2310,763,"2025-03-07","2025-03","BRW003","Merchandise","PRD029","Cold Brew Bottle",1,4.00,"Cheap",2,8.00,3,0
2281,753,"2025-07-18","2025-07","BRW003","Merchandise","PRD029","Cold Brew Bottle",1,4.00,"Cheap",3,12.00,4,0
2246,742,"2025-10-04","2025-10","BRW002","Merchandise","PRD029","Cold Brew Bottle",1,4.00,"Cheap",1,4.00,1,1
2235,738,"2026-01-01","2026-01","BRW002","Merchandise","PRD029","Cold Brew Bottle",1,4.00,"Cheap",3,12.00,3,0
2224,734,"2025-11-01","2025-11","BRW003","Merchandise","PRD029","Cold Brew Bottle",1,4.00,"Cheap",3,12.00,1,1
2210,728,"2025-05-31","2025-05","BRW003","Merchandise","PRD029","Cold Brew Bottle",1,4.00,"Cheap",3,12.00,1,1
2178,716,"2025-04-17","2025-04","BRW003","Merchandise","PRD029","Cold Brew Bottle",1,4.00,"Cheap",3,12.00,2,0
2125,697,"2025-08-21","2025-08","BRW003","Merchandise","PRD029","Cold Brew Bottle",1,4.00,"Cheap",1,4.00,4,0
2086,684,"2025-12-15","2025-12","BRW003","Merchandise","PRD029","Cold Brew Bottle",1,4.00,"Cheap",3,12.00,3,0
2045,671,"2025-08-18","2025-08","BRW003","Merchandise","PRD029","Cold Brew Bottle",1,4.00,"Cheap",1,4.00,5,0
1908,630,"2026-01-16","2026-01","BRW002","Merchandise","PRD029","Cold Brew Bottle",1,4.00,"Cheap",1,4.00,4,0
1810,594,"2025-12-21","2025-12","BRW002","Merchandise","PRD029","Cold Brew Bottle",1,4.00,"Cheap",2,8.00,4,0
1799,592,"2026-01-04","2026-01","BRW003","Merchandise","PRD029","Cold Brew Bottle",1,4.00,"Cheap",1,4.00,5,0
1731,571,"2025-01-19","2025-01","BRW003","Merchandise","PRD029","Cold Brew Bottle",1,4.00,"Cheap",3,12.00,5,0
1627,538,"2025-08-15","2025-08","BRW001","Merchandise","PRD029","Cold Brew Bottle",1,4.00,"Cheap",3,12.00,2,0
1607,531,"2025-04-06","2025-04","BRW003","Merchandise","PRD029","Cold Brew Bottle",1,4.00,"Cheap",3,12.00,5,0
1578,522,"2025-11-02","2025-11","BRW001","Merchandise","PRD029","Cold Brew Bottle",1,4.00,"Cheap",3,12.00,4,0
1455,480,"2025-07-25","2025-07","BRW001","Merchandise","PRD029","Cold Brew Bottle",1,4.00,"Cheap",2,8.00,4,0
1435,474,"2025-06-27","2025-06","BRW002","Merchandise","PRD029","Cold Brew Bottle",1,4.00,"Cheap",3,12.00,2,0
1407,465,"2025-06-24","2025-06","BRW001","Merchandise","PRD029","Cold Brew Bottle",1,4.00,"Cheap",1,4.00,4,0
1401,462,"2025-01-05","2025-01","BRW003","Merchandise","PRD029","Cold Brew Bottle",1,4.00,"Cheap",1,4.00,5,0
1379,456,"2025-07-19","2025-07","BRW003","Merchandise","PRD029","Cold Brew Bottle",1,4.00,"Cheap",2,8.00,2,0
1356,447,"2025-10-24","2025-10","BRW003","Merchandise","PRD029","Cold Brew Bottle",1,4.00,"Cheap",1,4.00,3,0
1328,434,"2025-09-18","2025-09","BRW002","Merchandise","PRD029","Cold Brew Bottle",1,4.00,"Cheap",3,12.00,4,0
1322,431,"2025-02-26","2025-02","BRW001","Merchandise","PRD029","Cold Brew Bottle",1,4.00,"Cheap",3,12.00,4,0
1313,428,"2025-03-03","2025-03","BRW003","Merchandise","PRD029","Cold Brew Bottle",1,4.00,"Cheap",2,8.00,4,0
1295,420,"2025-02-18","2025-02","BRW001","Merchandise","PRD029","Cold Brew Bottle",1,4.00,"Cheap",3,12.00,5,0
1223,395,"2025-08-30","2025-08","BRW002","Merchandise","PRD029","Cold Brew Bottle",1,4.00,"Cheap",3,12.00,5,0
1220,394,"2026-01-18","2026-01","BRW003","Merchandise","PRD029","Cold Brew Bottle",1,4.00,"Cheap",1,4.00,3,0
1198,388,"2025-06-22","2025-06","BRW001","Merchandise","PRD029","Cold Brew Bottle",1,4.00,"Cheap",1,4.00,3,0
1196,386,"2025-03-14","2025-03","BRW002","Merchandise","PRD029","Cold Brew Bottle",1,4.00,"Cheap",3,12.00,5,0
1160,377,"2025-12-28","2025-12","BRW003","Merchandise","PRD029","Cold Brew Bottle",1,4.00,"Cheap",2,8.00,5,0
1158,375,"2025-06-29","2025-06","BRW001","Merchandise","PRD029","Cold Brew Bottle",1,4.00,"Cheap",2,8.00,3,0
1133,368,"2025-02-07","2025-02","BRW002","Merchandise","PRD029","Cold Brew Bottle",1,4.00,"Cheap",1,4.00,5,0
1116,364,"2025-07-30","2025-07","BRW001","Merchandise","PRD029","Cold Brew Bottle",1,4.00,"Cheap",2,8.00,4,0
1115,364,"2025-07-30","2025-07","BRW001","Merchandise","PRD029","Cold Brew Bottle",1,4.00,"Cheap",2,8.00,4,0
1102,358,"2025-11-08","2025-11","BRW002","Merchandise","PRD029","Cold Brew Bottle",1,4.00,"Cheap",3,12.00,3,0
1082,350,"2025-02-24","2025-02","BRW002","Merchandise","PRD029","Cold Brew Bottle",1,4.00,"Cheap",2,8.00,5,0
1054,338,"2025-08-15","2025-08","BRW003","Merchandise","PRD029","Cold Brew Bottle",1,4.00,"Cheap",1,4.00,3,0
1042,334,"2025-09-04","2025-09","BRW003","Merchandise","PRD029","Cold Brew Bottle",1,4.00,"Cheap",1,4.00,2,0
1020,327,"2025-05-19","2025-05","BRW001","Merchandise","PRD029","Cold Brew Bottle",1,4.00,"Cheap",1,4.00,3,0
1015,325,"2025-02-06","2025-02","BRW002","Merchandise","PRD029","Cold Brew Bottle",1,4.00,"Cheap",3,12.00,5,0
908,293,"2025-07-26","2025-07","BRW003","Merchandise","PRD029","Cold Brew Bottle",1,4.00,"Cheap",2,8.00,5,0
870,281,"2025-12-23","2025-12","BRW003","Merchandise","PRD029","Cold Brew Bottle",1,4.00,"Cheap",1,4.00,5,0
846,274,"2025-08-07","2025-08","BRW002","Merchandise","PRD029","Cold Brew Bottle",1,4.00,"Cheap",1,4.00,4,0
785,255,"2025-08-24","2025-08","BRW003","Merchandise","PRD029","Cold Brew Bottle",1,4.00,"Cheap",2,8.00,1,1
758,246,"2026-01-22","2026-01","BRW001","Merchandise","PRD029","Cold Brew Bottle",1,4.00,"Cheap",2,8.00,3,0
756,246,"2026-01-22","2026-01","BRW001","Merchandise","PRD029","Cold Brew Bottle",1,4.00,"Cheap",3,12.00,3,0
755,245,"2025-09-19","2025-09","BRW002","Merchandise","PRD029","Cold Brew Bottle",1,4.00,"Cheap",1,4.00,1,1
747,242,"2025-09-11","2025-09","BRW003","Merchandise","PRD029","Cold Brew Bottle",1,4.00,"Cheap",2,8.00,4,0
744,240,"2025-08-18","2025-08","BRW003","Merchandise","PRD029","Cold Brew Bottle",1,4.00,"Cheap",1,4.00,3,0
739,239,"2025-12-13","2025-12","BRW001","Merchandise","PRD029","Cold Brew Bottle",1,4.00,"Cheap",1,4.00,4,0
630,205,"2025-08-25","2025-08","BRW003","Merchandise","PRD029","Cold Brew Bottle",1,4.00,"Cheap",2,8.00,5,0
603,197,"2025-06-11","2025-06","BRW001","Merchandise","PRD029","Cold Brew Bottle",1,4.00,"Cheap",2,8.00,4,0
584,190,"2025-03-21","2025-03","BRW002","Merchandise","PRD029","Cold Brew Bottle",1,4.00,"Cheap",2,8.00,4,0
482,162,"2025-10-08","2025-10","BRW003","Merchandise","PRD029","Cold Brew Bottle",1,4.00,"Cheap",1,4.00,4,0
475,161,"2025-03-07","2025-03","BRW001","Merchandise","PRD029","Cold Brew Bottle",1,4.00,"Cheap",2,8.00,5,0
463,155,"2025-12-27","2025-12","BRW002","Merchandise","PRD029","Cold Brew Bottle",1,4.00,"Cheap",1,4.00,3,0
451,151,"2025-03-19","2025-03","BRW002","Merchandise","PRD029","Cold Brew Bottle",1,4.00,"Cheap",1,4.00,3,0
448,150,"2025-06-27","2025-06","BRW003","Merchandise","PRD029","Cold Brew Bottle",1,4.00,"Cheap",2,8.00,2,0
346,114,"2025-07-14","2025-07","BRW001","Merchandise","PRD029","Cold Brew Bottle",1,4.00,"Cheap",1,4.00,1,1
341,112,"2025-07-27","2025-07","BRW002","Merchandise","PRD029","Cold Brew Bottle",1,4.00,"Cheap",3,12.00,3,0
326,108,"2025-02-13","2025-02","BRW003","Merchandise","PRD029","Cold Brew Bottle",1,4.00,"Cheap",2,8.00,3,0
288,97,"2025-03-03","2025-03","BRW003","Merchandise","PRD029","Cold Brew Bottle",1,4.00,"Cheap",3,12.00,4,0
287,97,"2025-03-03","2025-03","BRW003","Merchandise","PRD029","Cold Brew Bottle",1,4.00,"Cheap",3,12.00,4,0
281,96,"2025-10-19","2025-10","BRW001","Merchandise","PRD029","Cold Brew Bottle",1,4.00,"Cheap",1,4.00,4,0
265,90,"2026-01-13","2026-01","BRW003","Merchandise","PRD029","Cold Brew Bottle",1,4.00,"Cheap",1,4.00,4,0
255,85,"2025-07-23","2025-07","BRW003","Merchandise","PRD029","Cold Brew Bottle",1,4.00,"Cheap",1,4.00,1,1
234,77,"2026-01-08","2026-01","BRW003","Merchandise","PRD029","Cold Brew Bottle",1,4.00,"Cheap",1,4.00,5,0
207,69,"2025-05-07","2025-05","BRW002","Merchandise","PRD029","Cold Brew Bottle",1,4.00,"Cheap",1,4.00,4,0
187,63,"2025-12-02","2025-12","BRW002","Merchandise","PRD029","Cold Brew Bottle",1,4.00,"Cheap",1,4.00,3,0
176,59,"2025-12-03","2025-12","BRW003","Merchandise","PRD029","Cold Brew Bottle",1,4.00,"Cheap",3,12.00,4,0
153,51,"2025-11-26","2025-11","BRW003","Merchandise","PRD029","Cold Brew Bottle",1,4.00,"Cheap",3,12.00,4,0
125,43,"2025-02-07","2025-02","BRW002","Merchandise","PRD029","Cold Brew Bottle",1,4.00,"Cheap",3,12.00,3,0
82,26,"2025-06-20","2025-06","BRW001","Merchandise","PRD029","Cold Brew Bottle",1,4.00,"Cheap",1,4.00,4,0
64,23,"2025-09-25","2025-09","BRW002","Merchandise","PRD029","Cold Brew Bottle",1,4.00,"Cheap",3,12.00,5,0
63,22,"2025-08-27","2025-08","BRW002","Merchandise","PRD029","Cold Brew Bottle",1,4.00,"Cheap",1,4.00,4,0
59,21,"2025-04-10","2025-04","BRW003","Merchandise","PRD029","Cold Brew Bottle",1,4.00,"Cheap",1,4.00,3,0
9,4,"2026-01-11","2026-01","BRW003","Merchandise","PRD029","Cold Brew Bottle",1,4.00,"Cheap",2,8.00,5,0
3630,1194,"2025-02-19","2025-02","BRW001","Beverage","PRD030","Seasonal Pumpkin Latte",0,5.50,"Expensive",1,5.50,5,0
3406,1124,"2025-11-18","2025-11","BRW002","Beverage","PRD030","Seasonal Pumpkin Latte",0,5.50,"Expensive",2,11.00,5,0
3371,1114,"2025-06-08","2025-06","BRW001","Beverage","PRD030","Seasonal Pumpkin Latte",0,5.50,"Expensive",3,16.50,4,0
3370,1113,"2025-05-28","2025-05","BRW001","Beverage","PRD030","Seasonal Pumpkin Latte",0,5.50,"Expensive",1,5.50,5,0
3334,1101,"2025-10-19","2025-10","BRW003","Beverage","PRD030","Seasonal Pumpkin Latte",0,5.50,"Expensive",1,5.50,4,0
3326,1099,"2025-08-06","2025-08","BRW001","Beverage","PRD030","Seasonal Pumpkin Latte",0,5.50,"Expensive",2,11.00,5,0
3288,1088,"2025-07-12","2025-07","BRW001","Beverage","PRD030","Seasonal Pumpkin Latte",0,5.50,"Expensive",2,11.00,2,0
3262,1081,"2025-10-23","2025-10","BRW001","Beverage","PRD030","Seasonal Pumpkin Latte",0,5.50,"Expensive",3,16.50,1,1
3241,1076,"2025-01-12","2025-01","BRW003","Beverage","PRD030","Seasonal Pumpkin Latte",0,5.50,"Expensive",2,11.00,5,0
3207,1066,"2025-03-01","2025-03","BRW003","Beverage","PRD030","Seasonal Pumpkin Latte",0,5.50,"Expensive",3,16.50,3,0
3174,1057,"2025-09-19","2025-09","BRW001","Beverage","PRD030","Seasonal Pumpkin Latte",0,5.50,"Expensive",1,5.50,4,0
3159,1052,"2025-09-26","2025-09","BRW003","Beverage","PRD030","Seasonal Pumpkin Latte",0,5.50,"Expensive",3,16.50,2,0
3132,1043,"2025-03-23","2025-03","BRW003","Beverage","PRD030","Seasonal Pumpkin Latte",0,5.50,"Expensive",1,5.50,5,0
3066,1017,"2025-09-20","2025-09","BRW003","Beverage","PRD030","Seasonal Pumpkin Latte",0,5.50,"Expensive",2,11.00,1,1
3052,1012,"2025-12-18","2025-12","BRW003","Beverage","PRD030","Seasonal Pumpkin Latte",0,5.50,"Expensive",3,16.50,4,0
3012,998,"2025-03-04","2025-03","BRW003","Beverage","PRD030","Seasonal Pumpkin Latte",0,5.50,"Expensive",1,5.50,3,0
2944,972,"2025-09-02","2025-09","BRW003","Beverage","PRD030","Seasonal Pumpkin Latte",0,5.50,"Expensive",1,5.50,5,0
2869,950,"2025-06-21","2025-06","BRW002","Beverage","PRD030","Seasonal Pumpkin Latte",0,5.50,"Expensive",3,16.50,3,0
2866,949,"2025-10-07","2025-10","BRW002","Beverage","PRD030","Seasonal Pumpkin Latte",0,5.50,"Expensive",2,11.00,3,0
2786,923,"2025-09-18","2025-09","BRW002","Beverage","PRD030","Seasonal Pumpkin Latte",0,5.50,"Expensive",1,5.50,2,0
2779,919,"2025-11-09","2025-11","BRW002","Beverage","PRD030","Seasonal Pumpkin Latte",0,5.50,"Expensive",3,16.50,3,0
2703,891,"2026-01-15","2026-01","BRW003","Beverage","PRD030","Seasonal Pumpkin Latte",0,5.50,"Expensive",1,5.50,1,1
2624,865,"2025-04-05","2025-04","BRW002","Beverage","PRD030","Seasonal Pumpkin Latte",0,5.50,"Expensive",2,11.00,4,0
2613,861,"2025-01-25","2025-01","BRW002","Beverage","PRD030","Seasonal Pumpkin Latte",0,5.50,"Expensive",3,16.50,2,0
2593,855,"2025-11-11","2025-11","BRW002","Beverage","PRD030","Seasonal Pumpkin Latte",0,5.50,"Expensive",2,11.00,2,0
2578,850,"2025-01-31","2025-01","BRW003","Beverage","PRD030","Seasonal Pumpkin Latte",0,5.50,"Expensive",3,16.50,5,0
2561,845,"2025-09-08","2025-09","BRW001","Beverage","PRD030","Seasonal Pumpkin Latte",0,5.50,"Expensive",1,5.50,5,0
2431,803,"2025-11-15","2025-11","BRW003","Beverage","PRD030","Seasonal Pumpkin Latte",0,5.50,"Expensive",2,11.00,3,0
2397,791,"2025-12-18","2025-12","BRW002","Beverage","PRD030","Seasonal Pumpkin Latte",0,5.50,"Expensive",2,11.00,1,1
2394,789,"2025-10-12","2025-10","BRW002","Beverage","PRD030","Seasonal Pumpkin Latte",0,5.50,"Expensive",1,5.50,3,0
2317,765,"2025-09-16","2025-09","BRW002","Beverage","PRD030","Seasonal Pumpkin Latte",0,5.50,"Expensive",3,16.50,5,0
2265,748,"2025-09-21","2025-09","BRW001","Beverage","PRD030","Seasonal Pumpkin Latte",0,5.50,"Expensive",3,16.50,2,0
2251,744,"2025-07-17","2025-07","BRW001","Beverage","PRD030","Seasonal Pumpkin Latte",0,5.50,"Expensive",2,11.00,4,0
2245,741,"2025-08-05","2025-08","BRW002","Beverage","PRD030","Seasonal Pumpkin Latte",0,5.50,"Expensive",2,11.00,1,1
2218,731,"2025-12-24","2025-12","BRW003","Beverage","PRD030","Seasonal Pumpkin Latte",0,5.50,"Expensive",1,5.50,2,0
2171,713,"2026-01-22","2026-01","BRW001","Beverage","PRD030","Seasonal Pumpkin Latte",0,5.50,"Expensive",2,11.00,5,0
2127,698,"2025-06-26","2025-06","BRW001","Beverage","PRD030","Seasonal Pumpkin Latte",0,5.50,"Expensive",2,11.00,2,0
2107,693,"2025-08-29","2025-08","BRW003","Beverage","PRD030","Seasonal Pumpkin Latte",0,5.50,"Expensive",2,11.00,4,0
2078,681,"2025-11-25","2025-11","BRW003","Beverage","PRD030","Seasonal Pumpkin Latte",0,5.50,"Expensive",1,5.50,2,0
2077,680,"2025-11-26","2025-11","BRW003","Beverage","PRD030","Seasonal Pumpkin Latte",0,5.50,"Expensive",1,5.50,4,0
2057,675,"2025-11-14","2025-11","BRW002","Beverage","PRD030","Seasonal Pumpkin Latte",0,5.50,"Expensive",3,16.50,5,0
2052,673,"2025-01-13","2025-01","BRW002","Beverage","PRD030","Seasonal Pumpkin Latte",0,5.50,"Expensive",1,5.50,1,1
2028,667,"2025-10-24","2025-10","BRW002","Beverage","PRD030","Seasonal Pumpkin Latte",0,5.50,"Expensive",2,11.00,5,0
2010,660,"2025-04-11","2025-04","BRW002","Beverage","PRD030","Seasonal Pumpkin Latte",0,5.50,"Expensive",1,5.50,2,0
1938,637,"2025-07-18","2025-07","BRW001","Beverage","PRD030","Seasonal Pumpkin Latte",0,5.50,"Expensive",2,11.00,5,0
1900,624,"2025-07-21","2025-07","BRW003","Beverage","PRD030","Seasonal Pumpkin Latte",0,5.50,"Expensive",3,16.50,3,0
1898,624,"2025-07-21","2025-07","BRW003","Beverage","PRD030","Seasonal Pumpkin Latte",0,5.50,"Expensive",3,16.50,3,0
1832,600,"2025-02-05","2025-02","BRW003","Beverage","PRD030","Seasonal Pumpkin Latte",0,5.50,"Expensive",2,11.00,4,0
1828,600,"2025-02-05","2025-02","BRW003","Beverage","PRD030","Seasonal Pumpkin Latte",0,5.50,"Expensive",3,16.50,4,0
1807,593,"2025-05-29","2025-05","BRW001","Beverage","PRD030","Seasonal Pumpkin Latte",0,5.50,"Expensive",2,11.00,5,0
1679,553,"2025-05-06","2025-05","BRW003","Beverage","PRD030","Seasonal Pumpkin Latte",0,5.50,"Expensive",3,16.50,2,0
1676,552,"2025-06-09","2025-06","BRW002","Beverage","PRD030","Seasonal Pumpkin Latte",0,5.50,"Expensive",3,16.50,3,0
1648,543,"2025-04-02","2025-04","BRW001","Beverage","PRD030","Seasonal Pumpkin Latte",0,5.50,"Expensive",2,11.00,4,0
1587,525,"2025-12-04","2025-12","BRW002","Beverage","PRD030","Seasonal Pumpkin Latte",0,5.50,"Expensive",2,11.00,5,0
1567,519,"2025-11-13","2025-11","BRW003","Beverage","PRD030","Seasonal Pumpkin Latte",0,5.50,"Expensive",1,5.50,5,0
1498,493,"2025-05-04","2025-05","BRW003","Beverage","PRD030","Seasonal Pumpkin Latte",0,5.50,"Expensive",3,16.50,4,0
1490,490,"2025-07-25","2025-07","BRW001","Beverage","PRD030","Seasonal Pumpkin Latte",0,5.50,"Expensive",1,5.50,4,0
1474,486,"2025-11-05","2025-11","BRW001","Beverage","PRD030","Seasonal Pumpkin Latte",0,5.50,"Expensive",2,11.00,4,0
1459,481,"2025-03-23","2025-03","BRW001","Beverage","PRD030","Seasonal Pumpkin Latte",0,5.50,"Expensive",2,11.00,3,0
1445,477,"2025-08-04","2025-08","BRW001","Beverage","PRD030","Seasonal Pumpkin Latte",0,5.50,"Expensive",2,11.00,3,0
1402,463,"2025-01-25","2025-01","BRW001","Beverage","PRD030","Seasonal Pumpkin Latte",0,5.50,"Expensive",3,16.50,1,1
1393,461,"2025-06-29","2025-06","BRW002","Beverage","PRD030","Seasonal Pumpkin Latte",0,5.50,"Expensive",3,16.50,4,0
1388,460,"2025-01-28","2025-01","BRW002","Beverage","PRD030","Seasonal Pumpkin Latte",0,5.50,"Expensive",1,5.50,4,0
1332,435,"2025-05-21","2025-05","BRW001","Beverage","PRD030","Seasonal Pumpkin Latte",0,5.50,"Expensive",1,5.50,2,0
1300,422,"2025-09-21","2025-09","BRW001","Beverage","PRD030","Seasonal Pumpkin Latte",0,5.50,"Expensive",1,5.50,4,0
1288,418,"2025-09-21","2025-09","BRW002","Beverage","PRD030","Seasonal Pumpkin Latte",0,5.50,"Expensive",2,11.00,1,1
1262,408,"2025-11-26","2025-11","BRW001","Beverage","PRD030","Seasonal Pumpkin Latte",0,5.50,"Expensive",3,16.50,4,0
1170,379,"2025-10-24","2025-10","BRW002","Beverage","PRD030","Seasonal Pumpkin Latte",0,5.50,"Expensive",2,11.00,5,0
1120,365,"2025-11-24","2025-11","BRW003","Beverage","PRD030","Seasonal Pumpkin Latte",0,5.50,"Expensive",2,11.00,4,0
1104,358,"2025-11-08","2025-11","BRW002","Beverage","PRD030","Seasonal Pumpkin Latte",0,5.50,"Expensive",1,5.50,3,0
1097,356,"2025-01-13","2025-01","BRW002","Beverage","PRD030","Seasonal Pumpkin Latte",0,5.50,"Expensive",2,11.00,4,0
1085,351,"2025-03-07","2025-03","BRW002","Beverage","PRD030","Seasonal Pumpkin Latte",0,5.50,"Expensive",3,16.50,4,0
1065,342,"2025-02-05","2025-02","BRW003","Beverage","PRD030","Seasonal Pumpkin Latte",0,5.50,"Expensive",1,5.50,4,0
991,319,"2025-01-07","2025-01","BRW002","Beverage","PRD030","Seasonal Pumpkin Latte",0,5.50,"Expensive",2,11.00,3,0
984,318,"2025-03-27","2025-03","BRW003","Beverage","PRD030","Seasonal Pumpkin Latte",0,5.50,"Expensive",1,5.50,5,0
920,297,"2025-12-25","2025-12","BRW001","Beverage","PRD030","Seasonal Pumpkin Latte",0,5.50,"Expensive",2,11.00,3,0
859,278,"2026-01-29","2026-01","BRW003","Beverage","PRD030","Seasonal Pumpkin Latte",0,5.50,"Expensive",2,11.00,4,0
832,271,"2025-11-04","2025-11","BRW003","Beverage","PRD030","Seasonal Pumpkin Latte",0,5.50,"Expensive",3,16.50,3,0
760,247,"2025-01-18","2025-01","BRW001","Beverage","PRD030","Seasonal Pumpkin Latte",0,5.50,"Expensive",2,11.00,4,0
738,239,"2025-12-13","2025-12","BRW001","Beverage","PRD030","Seasonal Pumpkin Latte",0,5.50,"Expensive",3,16.50,4,0
696,226,"2025-10-08","2025-10","BRW001","Beverage","PRD030","Seasonal Pumpkin Latte",0,5.50,"Expensive",1,5.50,2,0
671,217,"2025-11-24","2025-11","BRW001","Beverage","PRD030","Seasonal Pumpkin Latte",0,5.50,"Expensive",2,11.00,3,0
657,213,"2025-12-25","2025-12","BRW001","Beverage","PRD030","Seasonal Pumpkin Latte",0,5.50,"Expensive",3,16.50,4,0
577,188,"2025-08-17","2025-08","BRW001","Beverage","PRD030","Seasonal Pumpkin Latte",0,5.50,"Expensive",1,5.50,2,0
552,182,"2025-06-02","2025-06","BRW002","Beverage","PRD030","Seasonal Pumpkin Latte",0,5.50,"Expensive",1,5.50,3,0
544,179,"2025-12-15","2025-12","BRW003","Beverage","PRD030","Seasonal Pumpkin Latte",0,5.50,"Expensive",3,16.50,3,0
515,170,"2025-07-18","2025-07","BRW001","Beverage","PRD030","Seasonal Pumpkin Latte",0,5.50,"Expensive",1,5.50,4,0
487,163,"2026-01-05","2026-01","BRW003","Beverage","PRD030","Seasonal Pumpkin Latte",0,5.50,"Expensive",1,5.50,5,0
481,162,"2025-10-08","2025-10","BRW003","Beverage","PRD030","Seasonal Pumpkin Latte",0,5.50,"Expensive",1,5.50,4,0
453,152,"2025-06-18","2025-06","BRW003","Beverage","PRD030","Seasonal Pumpkin Latte",0,5.50,"Expensive",3,16.50,3,0
443,148,"2025-03-04","2025-03","BRW001","Beverage","PRD030","Seasonal Pumpkin Latte",0,5.50,"Expensive",3,16.50,2,0
426,142,"2025-04-07","2025-04","BRW001","Beverage","PRD030","Seasonal Pumpkin Latte",0,5.50,"Expensive",1,5.50,1,1
420,139,"2025-04-27","2025-04","BRW001","Beverage","PRD030","Seasonal Pumpkin Latte",0,5.50,"Expensive",3,16.50,3,0
384,129,"2025-08-18","2025-08","BRW002","Beverage","PRD030","Seasonal Pumpkin Latte",0,5.50,"Expensive",3,16.50,5,0
349,116,"2025-04-24","2025-04","BRW003","Beverage","PRD030","Seasonal Pumpkin Latte",0,5.50,"Expensive",3,16.50,3,0
345,113,"2025-10-30","2025-10","BRW002","Beverage","PRD030","Seasonal Pumpkin Latte",0,5.50,"Expensive",2,11.00,3,0
334,110,"2025-06-13","2025-06","BRW001","Beverage","PRD030","Seasonal Pumpkin Latte",0,5.50,"Expensive",1,5.50,4,0
312,104,"2025-06-22","2025-06","BRW002","Beverage","PRD030","Seasonal Pumpkin Latte",0,5.50,"Expensive",1,5.50,4,0
309,103,"2025-11-13","2025-11","BRW002","Beverage","PRD030","Seasonal Pumpkin Latte",0,5.50,"Expensive",1,5.50,4,0
257,86,"2025-11-08","2025-11","BRW003","Beverage","PRD030","Seasonal Pumpkin Latte",0,5.50,"Expensive",3,16.50,2,0
253,84,"2025-08-10","2025-08","BRW002","Beverage","PRD030","Seasonal Pumpkin Latte",0,5.50,"Expensive",3,16.50,5,0
235,78,"2025-07-05","2025-07","BRW002","Beverage","PRD030","Seasonal Pumpkin Latte",0,5.50,"Expensive",1,5.50,5,0
224,75,"2025-07-17","2025-07","BRW003","Beverage","PRD030","Seasonal Pumpkin Latte",0,5.50,"Expensive",1,5.50,4,0
206,69,"2025-05-07","2025-05","BRW002","Beverage","PRD030","Seasonal Pumpkin Latte",0,5.50,"Expensive",2,11.00,4,0
177,60,"2025-08-17","2025-08","BRW003","Beverage","PRD030","Seasonal Pumpkin Latte",0,5.50,"Expensive",3,16.50,1,1
105,35,"2025-08-02","2025-08","BRW003","Beverage","PRD030","Seasonal Pumpkin Latte",0,5.50,"Expensive",1,5.50,3,0
96,32,"2025-01-17","2025-01","BRW003","Beverage","PRD030","Seasonal Pumpkin Latte",0,5.50,"Expensive",3,16.50,3,0
81,26,"2025-06-20","2025-06","BRW001","Beverage","PRD030","Seasonal Pumpkin Latte",0,5.50,"Expensive",1,5.50,4,0
80,26,"2025-06-20","2025-06","BRW001","Beverage","PRD030","Seasonal Pumpkin Latte",0,5.50,"Expensive",1,5.50,4,0
72,24,"2025-04-29","2025-04","BRW001","Beverage","PRD030","Seasonal Pumpkin Latte",0,5.50,"Expensive",3,16.50,5,0
43,15,"2025-10-04","2025-10","BRW001","Beverage","PRD030","Seasonal Pumpkin Latte",0,5.50,"Expensive",1,5.50,2,0
30,11,"2025-10-28","2025-10","BRW001","Beverage","PRD030","Seasonal Pumpkin Latte",0,5.50,"Expensive",1,5.50,5,0
3,2,"2025-07-30","2025-07","BRW002","Beverage","PRD030","Seasonal Pumpkin Latte",0,5.50,"Expensive",1,5.50,1,1
3635,1196,"2025-01-30","2025-01","BRW001","Beverage","PRD031","Limited Holiday Blend",0,16.00,"Expensive",3,48.00,2,0
3561,1172,"2025-08-26","2025-08","BRW002","Beverage","PRD031","Limited Holiday Blend",0,16.00,"Expensive",3,48.00,2,0
3520,1158,"2025-04-24","2025-04","BRW001","Beverage","PRD031","Limited Holiday Blend",0,16.00,"Expensive",2,32.00,4,0
3495,1150,"2025-04-13","2025-04","BRW002","Beverage","PRD031","Limited Holiday Blend",0,16.00,"Expensive",1,16.00,3,0
3478,1146,"2025-11-24","2025-11","BRW003","Beverage","PRD031","Limited Holiday Blend",0,16.00,"Expensive",3,48.00,5,0
3438,1134,"2025-01-21","2025-01","BRW002","Beverage","PRD031","Limited Holiday Blend",0,16.00,"Expensive",1,16.00,5,0
3339,1103,"2025-06-24","2025-06","BRW002","Beverage","PRD031","Limited Holiday Blend",0,16.00,"Expensive",2,32.00,4,0
3331,1101,"2025-10-19","2025-10","BRW003","Beverage","PRD031","Limited Holiday Blend",0,16.00,"Expensive",3,48.00,4,0
3330,1101,"2025-10-19","2025-10","BRW003","Beverage","PRD031","Limited Holiday Blend",0,16.00,"Expensive",2,32.00,4,0
3298,1092,"2025-04-07","2025-04","BRW001","Beverage","PRD031","Limited Holiday Blend",0,16.00,"Expensive",3,48.00,3,0
3244,1076,"2025-01-12","2025-01","BRW003","Beverage","PRD031","Limited Holiday Blend",0,16.00,"Expensive",2,32.00,5,0
3216,1068,"2025-12-03","2025-12","BRW003","Beverage","PRD031","Limited Holiday Blend",0,16.00,"Expensive",1,16.00,4,0
3213,1068,"2025-12-03","2025-12","BRW003","Beverage","PRD031","Limited Holiday Blend",0,16.00,"Expensive",3,48.00,4,0
3195,1062,"2025-09-07","2025-09","BRW001","Beverage","PRD031","Limited Holiday Blend",0,16.00,"Expensive",3,48.00,4,0
3170,1056,"2026-01-09","2026-01","BRW002","Beverage","PRD031","Limited Holiday Blend",0,16.00,"Expensive",1,16.00,3,0
3166,1054,"2025-07-08","2025-07","BRW003","Beverage","PRD031","Limited Holiday Blend",0,16.00,"Expensive",1,16.00,3,0
3161,1053,"2025-01-25","2025-01","BRW001","Beverage","PRD031","Limited Holiday Blend",0,16.00,"Expensive",3,48.00,4,0
3133,1043,"2025-03-23","2025-03","BRW003","Beverage","PRD031","Limited Holiday Blend",0,16.00,"Expensive",1,16.00,5,0
3090,1026,"2025-05-04","2025-05","BRW002","Beverage","PRD031","Limited Holiday Blend",0,16.00,"Expensive",2,32.00,2,0
3059,1014,"2025-01-14","2025-01","BRW001","Beverage","PRD031","Limited Holiday Blend",0,16.00,"Expensive",2,32.00,3,0
3013,999,"2025-11-25","2025-11","BRW003","Beverage","PRD031","Limited Holiday Blend",0,16.00,"Expensive",1,16.00,3,0
3007,996,"2025-02-18","2025-02","BRW002","Beverage","PRD031","Limited Holiday Blend",0,16.00,"Expensive",2,32.00,2,0
3006,995,"2025-07-29","2025-07","BRW001","Beverage","PRD031","Limited Holiday Blend",0,16.00,"Expensive",2,32.00,3,0
2936,970,"2025-03-07","2025-03","BRW003","Beverage","PRD031","Limited Holiday Blend",0,16.00,"Expensive",1,16.00,1,1
2927,966,"2025-01-20","2025-01","BRW001","Beverage","PRD031","Limited Holiday Blend",0,16.00,"Expensive",1,16.00,5,0
2898,958,"2025-07-04","2025-07","BRW003","Beverage","PRD031","Limited Holiday Blend",0,16.00,"Expensive",1,16.00,3,0
2863,949,"2025-10-07","2025-10","BRW002","Beverage","PRD031","Limited Holiday Blend",0,16.00,"Expensive",1,16.00,3,0
2862,949,"2025-10-07","2025-10","BRW002","Beverage","PRD031","Limited Holiday Blend",0,16.00,"Expensive",1,16.00,3,0
2853,946,"2025-05-20","2025-05","BRW002","Beverage","PRD031","Limited Holiday Blend",0,16.00,"Expensive",2,32.00,3,0
2826,937,"2025-04-20","2025-04","BRW002","Beverage","PRD031","Limited Holiday Blend",0,16.00,"Expensive",1,16.00,1,1
2790,925,"2025-02-14","2025-02","BRW002","Beverage","PRD031","Limited Holiday Blend",0,16.00,"Expensive",3,48.00,3,0
2785,923,"2025-09-18","2025-09","BRW002","Beverage","PRD031","Limited Holiday Blend",0,16.00,"Expensive",1,16.00,2,0
2680,883,"2025-08-21","2025-08","BRW003","Beverage","PRD031","Limited Holiday Blend",0,16.00,"Expensive",2,32.00,2,0
2678,882,"2025-05-21","2025-05","BRW001","Beverage","PRD031","Limited Holiday Blend",0,16.00,"Expensive",2,32.00,5,0
2661,876,"2025-11-27","2025-11","BRW002","Beverage","PRD031","Limited Holiday Blend",0,16.00,"Expensive",2,32.00,3,0
2631,868,"2025-05-22","2025-05","BRW001","Beverage","PRD031","Limited Holiday Blend",0,16.00,"Expensive",2,32.00,5,0
2625,866,"2025-04-10","2025-04","BRW002","Beverage","PRD031","Limited Holiday Blend",0,16.00,"Expensive",1,16.00,2,0
2616,863,"2025-04-05","2025-04","BRW002","Beverage","PRD031","Limited Holiday Blend",0,16.00,"Expensive",1,16.00,3,0
2615,862,"2025-11-14","2025-11","BRW002","Beverage","PRD031","Limited Holiday Blend",0,16.00,"Expensive",3,48.00,1,1
2610,860,"2025-09-15","2025-09","BRW002","Beverage","PRD031","Limited Holiday Blend",0,16.00,"Expensive",3,48.00,3,0
2505,825,"2025-06-10","2025-06","BRW003","Beverage","PRD031","Limited Holiday Blend",0,16.00,"Expensive",3,48.00,4,0
2410,795,"2025-08-21","2025-08","BRW002","Beverage","PRD031","Limited Holiday Blend",0,16.00,"Expensive",3,48.00,3,0
2407,794,"2025-06-14","2025-06","BRW003","Beverage","PRD031","Limited Holiday Blend",0,16.00,"Expensive",1,16.00,3,0
2406,793,"2025-02-06","2025-02","BRW001","Beverage","PRD031","Limited Holiday Blend",0,16.00,"Expensive",2,32.00,5,0
2387,788,"2025-03-24","2025-03","BRW001","Beverage","PRD031","Limited Holiday Blend",0,16.00,"Expensive",1,16.00,5,0
2374,783,"2025-03-23","2025-03","BRW003","Beverage","PRD031","Limited Holiday Blend",0,16.00,"Expensive",3,48.00,4,0
2369,781,"2025-04-30","2025-04","BRW003","Beverage","PRD031","Limited Holiday Blend",0,16.00,"Expensive",2,32.00,3,0
2312,763,"2025-03-07","2025-03","BRW003","Beverage","PRD031","Limited Holiday Blend",0,16.00,"Expensive",2,32.00,3,0
2165,711,"2025-07-30","2025-07","BRW002","Beverage","PRD031","Limited Holiday Blend",0,16.00,"Expensive",3,48.00,2,0
2082,683,"2025-09-29","2025-09","BRW002","Beverage","PRD031","Limited Holiday Blend",0,16.00,"Expensive",2,32.00,2,0
2032,668,"2025-10-27","2025-10","BRW002","Beverage","PRD031","Limited Holiday Blend",0,16.00,"Expensive",1,16.00,4,0
2006,659,"2025-11-18","2025-11","BRW003","Beverage","PRD031","Limited Holiday Blend",0,16.00,"Expensive",2,32.00,4,0
2004,659,"2025-11-18","2025-11","BRW003","Beverage","PRD031","Limited Holiday Blend",0,16.00,"Expensive",3,48.00,4,0
1990,653,"2025-08-27","2025-08","BRW002","Beverage","PRD031","Limited Holiday Blend",0,16.00,"Expensive",1,16.00,3,0
1947,640,"2025-06-24","2025-06","BRW003","Beverage","PRD031","Limited Holiday Blend",0,16.00,"Expensive",3,48.00,5,0
1884,617,"2025-04-26","2025-04","BRW003","Beverage","PRD031","Limited Holiday Blend",0,16.00,"Expensive",3,48.00,3,0
1852,609,"2025-03-16","2025-03","BRW002","Beverage","PRD031","Limited Holiday Blend",0,16.00,"Expensive",1,16.00,4,0
1847,608,"2025-12-04","2025-12","BRW003","Beverage","PRD031","Limited Holiday Blend",0,16.00,"Expensive",3,48.00,4,0
1709,564,"2025-02-06","2025-02","BRW002","Beverage","PRD031","Limited Holiday Blend",0,16.00,"Expensive",1,16.00,3,0
1694,561,"2026-01-23","2026-01","BRW001","Beverage","PRD031","Limited Holiday Blend",0,16.00,"Expensive",2,32.00,4,0
1690,558,"2025-06-07","2025-06","BRW002","Beverage","PRD031","Limited Holiday Blend",0,16.00,"Expensive",1,16.00,1,1
1688,557,"2025-07-14","2025-07","BRW002","Beverage","PRD031","Limited Holiday Blend",0,16.00,"Expensive",3,48.00,2,0
1640,541,"2025-03-02","2025-03","BRW002","Beverage","PRD031","Limited Holiday Blend",0,16.00,"Expensive",1,16.00,3,0
1639,541,"2025-03-02","2025-03","BRW002","Beverage","PRD031","Limited Holiday Blend",0,16.00,"Expensive",1,16.00,3,0
1619,535,"2025-08-14","2025-08","BRW001","Beverage","PRD031","Limited Holiday Blend",0,16.00,"Expensive",2,32.00,3,0
1606,531,"2025-04-06","2025-04","BRW003","Beverage","PRD031","Limited Holiday Blend",0,16.00,"Expensive",1,16.00,5,0
1597,528,"2025-12-21","2025-12","BRW001","Beverage","PRD031","Limited Holiday Blend",0,16.00,"Expensive",1,16.00,3,0
1582,524,"2025-03-01","2025-03","BRW001","Beverage","PRD031","Limited Holiday Blend",0,16.00,"Expensive",1,16.00,5,0
1557,516,"2025-04-24","2025-04","BRW001","Beverage","PRD031","Limited Holiday Blend",0,16.00,"Expensive",2,32.00,5,0
1549,514,"2025-03-19","2025-03","BRW001","Beverage","PRD031","Limited Holiday Blend",0,16.00,"Expensive",1,16.00,5,0
1525,504,"2025-05-12","2025-05","BRW001","Beverage","PRD031","Limited Holiday Blend",0,16.00,"Expensive",1,16.00,3,0
1453,480,"2025-07-25","2025-07","BRW001","Beverage","PRD031","Limited Holiday Blend",0,16.00,"Expensive",1,16.00,4,0
1418,468,"2025-11-29","2025-11","BRW002","Beverage","PRD031","Limited Holiday Blend",0,16.00,"Expensive",2,32.00,4,0
1409,465,"2025-06-24","2025-06","BRW001","Beverage","PRD031","Limited Holiday Blend",0,16.00,"Expensive",2,32.00,4,0
1360,448,"2026-01-13","2026-01","BRW001","Beverage","PRD031","Limited Holiday Blend",0,16.00,"Expensive",1,16.00,3,0
1282,414,"2026-01-21","2026-01","BRW002","Beverage","PRD031","Limited Holiday Blend",0,16.00,"Expensive",2,32.00,5,0
1276,413,"2025-09-07","2025-09","BRW002","Beverage","PRD031","Limited Holiday Blend",0,16.00,"Expensive",3,48.00,3,0
1186,383,"2025-06-24","2025-06","BRW003","Beverage","PRD031","Limited Holiday Blend",0,16.00,"Expensive",1,16.00,5,0
1164,377,"2025-12-28","2025-12","BRW003","Beverage","PRD031","Limited Holiday Blend",0,16.00,"Expensive",1,16.00,5,0
1137,369,"2025-05-15","2025-05","BRW002","Beverage","PRD031","Limited Holiday Blend",0,16.00,"Expensive",3,48.00,5,0
1076,347,"2025-06-04","2025-06","BRW003","Beverage","PRD031","Limited Holiday Blend",0,16.00,"Expensive",2,32.00,1,1
1075,347,"2025-06-04","2025-06","BRW003","Beverage","PRD031","Limited Holiday Blend",0,16.00,"Expensive",3,48.00,1,1
1039,333,"2025-05-30","2025-05","BRW001","Beverage","PRD031","Limited Holiday Blend",0,16.00,"Expensive",1,16.00,4,0
1016,326,"2025-02-06","2025-02","BRW001","Beverage","PRD031","Limited Holiday Blend",0,16.00,"Expensive",2,32.00,4,0
982,316,"2025-08-08","2025-08","BRW003","Beverage","PRD031","Limited Holiday Blend",0,16.00,"Expensive",2,32.00,1,1
911,294,"2025-05-23","2025-05","BRW002","Beverage","PRD031","Limited Holiday Blend",0,16.00,"Expensive",2,32.00,2,0
813,264,"2025-11-22","2025-11","BRW002","Beverage","PRD031","Limited Holiday Blend",0,16.00,"Expensive",1,16.00,5,0
790,257,"2025-07-12","2025-07","BRW001","Beverage","PRD031","Limited Holiday Blend",0,16.00,"Expensive",3,48.00,3,0
787,256,"2025-03-13","2025-03","BRW002","Beverage","PRD031","Limited Holiday Blend",0,16.00,"Expensive",3,48.00,3,0
762,247,"2025-01-18","2025-01","BRW001","Beverage","PRD031","Limited Holiday Blend",0,16.00,"Expensive",3,48.00,4,0
734,237,"2026-01-19","2026-01","BRW002","Beverage","PRD031","Limited Holiday Blend",0,16.00,"Expensive",2,32.00,2,0
733,237,"2026-01-19","2026-01","BRW002","Beverage","PRD031","Limited Holiday Blend",0,16.00,"Expensive",2,32.00,2,0
724,234,"2025-12-22","2025-12","BRW002","Beverage","PRD031","Limited Holiday Blend",0,16.00,"Expensive",1,16.00,2,0
705,229,"2025-11-12","2025-11","BRW002","Beverage","PRD031","Limited Holiday Blend",0,16.00,"Expensive",2,32.00,4,0
685,222,"2025-09-27","2025-09","BRW003","Beverage","PRD031","Limited Holiday Blend",0,16.00,"Expensive",3,48.00,3,0
643,209,"2026-01-09","2026-01","BRW001","Beverage","PRD031","Limited Holiday Blend",0,16.00,"Expensive",2,32.00,4,0
631,205,"2025-08-25","2025-08","BRW003","Beverage","PRD031","Limited Holiday Blend",0,16.00,"Expensive",3,48.00,5,0
572,187,"2025-05-05","2025-05","BRW002","Beverage","PRD031","Limited Holiday Blend",0,16.00,"Expensive",2,32.00,5,0
547,180,"2025-10-03","2025-10","BRW002","Beverage","PRD031","Limited Holiday Blend",0,16.00,"Expensive",3,48.00,4,0
535,177,"2025-05-24","2025-05","BRW001","Beverage","PRD031","Limited Holiday Blend",0,16.00,"Expensive",2,32.00,4,0
526,174,"2025-06-06","2025-06","BRW001","Beverage","PRD031","Limited Holiday Blend",0,16.00,"Expensive",3,48.00,2,0
512,169,"2025-09-28","2025-09","BRW003","Beverage","PRD031","Limited Holiday Blend",0,16.00,"Expensive",1,16.00,2,0
511,169,"2025-09-28","2025-09","BRW003","Beverage","PRD031","Limited Holiday Blend",0,16.00,"Expensive",2,32.00,2,0
484,163,"2026-01-05","2026-01","BRW003","Beverage","PRD031","Limited Holiday Blend",0,16.00,"Expensive",3,48.00,5,0
447,149,"2025-02-28","2025-02","BRW001","Beverage","PRD031","Limited Holiday Blend",0,16.00,"Expensive",2,32.00,3,0
444,148,"2025-03-04","2025-03","BRW001","Beverage","PRD031","Limited Holiday Blend",0,16.00,"Expensive",2,32.00,2,0
371,124,"2025-09-23","2025-09","BRW001","Beverage","PRD031","Limited Holiday Blend",0,16.00,"Expensive",1,16.00,4,0
368,123,"2025-01-09","2025-01","BRW003","Beverage","PRD031","Limited Holiday Blend",0,16.00,"Expensive",1,16.00,2,0
365,122,"2025-06-05","2025-06","BRW002","Beverage","PRD031","Limited Holiday Blend",0,16.00,"Expensive",3,48.00,5,0
330,109,"2025-09-04","2025-09","BRW001","Beverage","PRD031","Limited Holiday Blend",0,16.00,"Expensive",3,48.00,4,0
324,108,"2025-02-13","2025-02","BRW003","Beverage","PRD031","Limited Holiday Blend",0,16.00,"Expensive",3,48.00,3,0
320,106,"2025-11-30","2025-11","BRW003","Beverage","PRD031","Limited Holiday Blend",0,16.00,"Expensive",2,32.00,3,0
222,74,"2025-09-15","2025-09","BRW003","Beverage","PRD031","Limited Holiday Blend",0,16.00,"Expensive",3,48.00,4,0
203,68,"2025-06-25","2025-06","BRW002","Beverage","PRD031","Limited Holiday Blend",0,16.00,"Expensive",3,48.00,1,1
140,48,"2025-03-15","2025-03","BRW003","Beverage","PRD031","Limited Holiday Blend",0,16.00,"Expensive",2,32.00,5,0
139,47,"2025-10-21","2025-10","BRW001","Beverage","PRD031","Limited Holiday Blend",0,16.00,"Expensive",3,48.00,1,1
127,44,"2025-06-03","2025-06","BRW002","Beverage","PRD031","Limited Holiday Blend",0,16.00,"Expensive",2,32.00,3,0
118,39,"2025-08-09","2025-08","BRW002","Beverage","PRD031","Limited Holiday Blend",0,16.00,"Expensive",3,48.00,3,0
109,37,"2025-09-29","2025-09","BRW001","Beverage","PRD031","Limited Holiday Blend",0,16.00,"Expensive",3,48.00,4,0
101,34,"2025-02-26","2025-02","BRW001","Beverage","PRD031","Limited Holiday Blend",0,16.00,"Expensive",3,48.00,4,0
71,24,"2025-04-29","2025-04","BRW001","Beverage","PRD031","Limited Holiday Blend",0,16.00,"Expensive",1,16.00,5,0
67,23,"2025-09-25","2025-09","BRW002","Beverage","PRD031","Limited Holiday Blend",0,16.00,"Expensive",2,32.00,5,0
31,11,"2025-10-28","2025-10","BRW001","Beverage","PRD031","Limited Holiday Blend",0,16.00,"Expensive",1,16.00,5,0
